{"v":"5.7.3","fr":60,"ip":0,"op":110,"w":3840,"h":2160,"nm":"Angry Face","ddd":0,"assets":[{"id":"comp_0","layers":[{"ddd":0,"ind":1,"ty":4,"nm":"Eye 2","parent":6,"sr":1,"ks":{"o":{"a":0,"k":100,"ix":11},"r":{"a":0,"k":0,"ix":10},"p":{"a":0,"k":[460.809,629.202,0],"ix":2},"a":{"a":0,"k":[460.809,629.202,0],"ix":1},"s":{"a":0,"k":[100,100,100],"ix":6}},"ao":0,"shapes":[{"ty":"gr","it":[{"ind":0,"ty":"sh","ix":1,"ks":{"a":0,"k":{"i":[[0,-47.791],[26.924,0],[0,47.792],[-26.924,0]],"o":[[0,47.792],[-26.924,0],[0,-47.791],[26.924,0]],"v":[[48.751,0],[0,86.534],[-48.751,0],[0,-86.533]],"c":true},"ix":2},"nm":"Path 1","mn":"ADBE Vector Shape - Group","hd":false},{"ty":"fl","c":{"a":0,"k":[0.188235294118,0.188235294118,0.188235294118,1],"ix":4},"o":{"a":0,"k":100,"ix":5},"r":1,"bm":0,"nm":"Fill 1","mn":"ADBE Vector Graphic - Fill","hd":false},{"ty":"tr","p":{"a":0,"k":[460.809,629.202],"ix":2},"a":{"a":0,"k":[0,0],"ix":1},"s":{"a":0,"k":[100,100],"ix":3},"r":{"a":0,"k":0,"ix":6},"o":{"a":0,"k":100,"ix":7},"sk":{"a":0,"k":0,"ix":4},"sa":{"a":0,"k":0,"ix":5},"nm":"Transform"}],"nm":"Group 1","np":2,"cix":2,"bm":0,"ix":1,"mn":"ADBE Vector Group","hd":false}],"ip":0,"op":110,"st":0,"bm":0},{"ddd":0,"ind":2,"ty":4,"nm":"Eyebrow 3","parent":6,"sr":1,"ks":{"o":{"a":0,"k":100,"ix":11},"r":{"a":1,"k":[{"i":{"x":[0.7],"y":[1]},"o":{"x":[0.6],"y":[0]},"t":0,"s":[-20]},{"i":{"x":[0.4],"y":[1]},"o":{"x":[0.333],"y":[0]},"t":10,"s":[0]},{"i":{"x":[0.667],"y":[1]},"o":{"x":[0.333],"y":[0]},"t":60,"s":[0]},{"t":79,"s":[-20]}],"ix":10},"p":{"a":1,"k":[{"i":{"x":0.7,"y":1},"o":{"x":0.6,"y":0},"t":0,"s":[444.036,474.835,0],"to":[0,0,0],"ti":[0,0,0]},{"i":{"x":0.4,"y":0.4},"o":{"x":0.333,"y":0.333},"t":10,"s":[444.036,508.374,0],"to":[0,0,0],"ti":[0,0,0]},{"i":{"x":0.667,"y":1},"o":{"x":0.333,"y":0},"t":60,"s":[444.036,508.374,0],"to":[0,0,0],"ti":[0,0,0]},{"t":79,"s":[444.036,474.835,0]}],"ix":2},"a":{"a":0,"k":[755.964,508.374,0],"ix":1},"s":{"a":0,"k":[-100,100,100],"ix":6}},"ao":0,"shapes":[{"ty":"gr","it":[{"ind":0,"ty":"sh","ix":1,"ks":{"a":0,"k":{"i":[[-18.684,-8.58],[9.555,-1.94],[26.15,-15.044],[14.855,-16.288],[-1.564,6.672],[-44.181,25.416]],"o":[[8.86,4.069],[-19.06,3.87],[-28.446,16.364],[-4.618,5.063],[5.634,-24.034],[40.012,-23.018]],"v":[[73.606,-47.173],[71.632,-28.232],[-1.35,-1.586],[-69.59,55.59],[-80.902,49.527],[-15.307,-37.635]],"c":true},"ix":2},"nm":"Path 1","mn":"ADBE Vector Shape - Group","hd":false},{"ty":"fl","c":{"a":0,"k":[0.254901960784,0.250980392157,0.258823529412,1],"ix":4},"o":{"a":0,"k":100,"ix":5},"r":1,"bm":0,"nm":"Fill 1","mn":"ADBE Vector Graphic - Fill","hd":false},{"ty":"tr","p":{"a":0,"k":[756.723,506.646],"ix":2},"a":{"a":0,"k":[0,0],"ix":1},"s":{"a":0,"k":[100,100],"ix":3},"r":{"a":0,"k":0,"ix":6},"o":{"a":0,"k":100,"ix":7},"sk":{"a":0,"k":0,"ix":4},"sa":{"a":0,"k":0,"ix":5},"nm":"Transform"}],"nm":"Group 1","np":2,"cix":2,"bm":0,"ix":1,"mn":"ADBE Vector Group","hd":false}],"ip":0,"op":110,"st":0,"bm":0},{"ddd":0,"ind":3,"ty":4,"nm":"Eyebrow","parent":6,"sr":1,"ks":{"o":{"a":0,"k":100,"ix":11},"r":{"a":1,"k":[{"i":{"x":[0.7],"y":[1]},"o":{"x":[0.6],"y":[0]},"t":0,"s":[20]},{"i":{"x":[0.4],"y":[1]},"o":{"x":[0.167],"y":[0]},"t":10,"s":[0]},{"i":{"x":[0.667],"y":[1]},"o":{"x":[0.167],"y":[0]},"t":60,"s":[0]},{"t":79,"s":[20]}],"ix":10},"p":{"a":1,"k":[{"i":{"x":0.7,"y":1},"o":{"x":0.6,"y":0},"t":0,"s":[755.964,474.835,0],"to":[0,0,0],"ti":[0,0,0]},{"i":{"x":0.4,"y":0.4},"o":{"x":0.167,"y":0.167},"t":10,"s":[755.964,508.374,0],"to":[0,0,0],"ti":[0,0,0]},{"i":{"x":0.667,"y":1},"o":{"x":0.167,"y":0},"t":60,"s":[755.964,508.374,0],"to":[0,0,0],"ti":[0,0,0]},{"t":79,"s":[755.964,474.835,0]}],"ix":2},"a":{"a":0,"k":[755.964,508.374,0],"ix":1},"s":{"a":0,"k":[100,100,100],"ix":6}},"ao":0,"shapes":[{"ty":"gr","it":[{"ind":0,"ty":"sh","ix":1,"ks":{"a":0,"k":{"i":[[-18.684,-8.58],[9.555,-1.94],[26.15,-15.044],[14.855,-16.288],[-1.564,6.672],[-44.181,25.416]],"o":[[8.86,4.069],[-19.06,3.87],[-28.446,16.364],[-4.618,5.063],[5.634,-24.034],[40.012,-23.018]],"v":[[73.606,-47.173],[71.632,-28.232],[-1.35,-1.586],[-69.59,55.59],[-80.902,49.527],[-15.307,-37.635]],"c":true},"ix":2},"nm":"Path 1","mn":"ADBE Vector Shape - Group","hd":false},{"ty":"fl","c":{"a":0,"k":[0.254901960784,0.250980392157,0.258823529412,1],"ix":4},"o":{"a":0,"k":100,"ix":5},"r":1,"bm":0,"nm":"Fill 1","mn":"ADBE Vector Graphic - Fill","hd":false},{"ty":"tr","p":{"a":0,"k":[756.723,506.646],"ix":2},"a":{"a":0,"k":[0,0],"ix":1},"s":{"a":0,"k":[100,100],"ix":3},"r":{"a":0,"k":0,"ix":6},"o":{"a":0,"k":100,"ix":7},"sk":{"a":0,"k":0,"ix":4},"sa":{"a":0,"k":0,"ix":5},"nm":"Transform"}],"nm":"Group 1","np":2,"cix":2,"bm":0,"ix":1,"mn":"ADBE Vector Group","hd":false}],"ip":0,"op":110,"st":0,"bm":0},{"ddd":0,"ind":4,"ty":4,"nm":"Eye","parent":6,"sr":1,"ks":{"o":{"a":0,"k":100,"ix":11},"r":{"a":0,"k":0,"ix":10},"p":{"a":0,"k":[739.191,629.202,0],"ix":2},"a":{"a":0,"k":[739.191,629.202,0],"ix":1},"s":{"a":0,"k":[100,100,100],"ix":6}},"ao":0,"shapes":[{"ty":"gr","it":[{"ind":0,"ty":"sh","ix":1,"ks":{"a":0,"k":{"i":[[0,-47.791],[-26.925,0],[0,47.792],[26.924,0]],"o":[[0,47.792],[26.924,0],[0,-47.791],[-26.925,0]],"v":[[-48.752,0],[0,86.534],[48.751,0],[0,-86.533]],"c":true},"ix":2},"nm":"Path 1","mn":"ADBE Vector Shape - Group","hd":false},{"ty":"fl","c":{"a":0,"k":[0.188235294118,0.188235294118,0.188235294118,1],"ix":4},"o":{"a":0,"k":100,"ix":5},"r":1,"bm":0,"nm":"Fill 1","mn":"ADBE Vector Graphic - Fill","hd":false},{"ty":"tr","p":{"a":0,"k":[739.191,629.202],"ix":2},"a":{"a":0,"k":[0,0],"ix":1},"s":{"a":0,"k":[100,100],"ix":3},"r":{"a":0,"k":0,"ix":6},"o":{"a":0,"k":100,"ix":7},"sk":{"a":0,"k":0,"ix":4},"sa":{"a":0,"k":0,"ix":5},"nm":"Transform"}],"nm":"Group 1","np":2,"cix":2,"bm":0,"ix":1,"mn":"ADBE Vector Group","hd":false}],"ip":0,"op":110,"st":0,"bm":0},{"ddd":0,"ind":5,"ty":3,"nm":"All CTRL","parent":7,"sr":1,"ks":{"o":{"a":0,"k":0,"ix":11},"r":{"a":0,"k":0,"ix":10},"p":{"a":1,"k":[{"i":{"x":0.667,"y":1},"o":{"x":0.6,"y":0},"t":0,"s":[600,600,0],"to":[0,0,0],"ti":[0,0,0]},{"i":{"x":0.4,"y":1},"o":{"x":0.333,"y":0},"t":60,"s":[600,668,0],"to":[0,0,0],"ti":[0,0,0]},{"t":79,"s":[600,600,0]}],"ix":2},"a":{"a":0,"k":[0,0,0],"ix":1},"s":{"a":0,"k":[51.282,51.282,100],"ix":6}},"ao":0,"ip":0,"op":110,"st":0,"bm":0},{"ddd":0,"ind":6,"ty":4,"nm":"Mouth","parent":5,"sr":1,"ks":{"o":{"a":0,"k":100,"ix":11},"r":{"a":0,"k":0,"ix":10},"p":{"a":1,"k":[{"i":{"x":0.667,"y":1},"o":{"x":0.333,"y":0},"t":0,"s":[0,363.72,0],"to":[0,0,0],"ti":[0,0,0]},{"i":{"x":0.8,"y":1},"o":{"x":0.5,"y":0},"t":10,"s":[37.05,66.72,0],"to":[0,0,0],"ti":[0,0,0]},{"i":{"x":0.667,"y":1},"o":{"x":0.6,"y":0},"t":19,"s":[-62.4,363.72,0],"to":[0,0,0],"ti":[0,0,0]},{"i":{"x":0.667,"y":1},"o":{"x":0.6,"y":0},"t":27,"s":[37.05,363.72,0],"to":[0,0,0],"ti":[0,0,0]},{"i":{"x":0.667,"y":1},"o":{"x":0.6,"y":0},"t":34,"s":[-62.4,363.72,0],"to":[0,0,0],"ti":[0,0,0]},{"i":{"x":0.667,"y":1},"o":{"x":0.6,"y":0},"t":40,"s":[37.05,363.72,0],"to":[0,0,0],"ti":[0,0,0]},{"i":{"x":0.667,"y":1},"o":{"x":0.6,"y":0},"t":46,"s":[-62.4,363.72,0],"to":[0,0,0],"ti":[0,0,0]},{"i":{"x":0.667,"y":1},"o":{"x":0.6,"y":0},"t":52,"s":[37.05,363.72,0],"to":[0,0,0],"ti":[0,0,0]},{"i":{"x":0.667,"y":1},"o":{"x":0.6,"y":0},"t":58,"s":[-62.4,363.72,0],"to":[0,0,0],"ti":[0,0,0]},{"i":{"x":0.833,"y":1},"o":{"x":0.6,"y":0},"t":64,"s":[37.05,363.72,0],"to":[0,0,0],"ti":[0,0,0]},{"t":71,"s":[0,363.72,0]}],"ix":2},"a":{"a":0,"k":[600,786.523,0],"ix":1},"s":{"a":0,"k":[195,195,100],"ix":6}},"ao":0,"shapes":[{"ty":"gr","it":[{"ind":0,"ty":"sh","ix":1,"ks":{"a":1,"k":[{"i":{"x":0.833,"y":1},"o":{"x":0.167,"y":0},"t":0,"s":[{"i":[[-39.238,0],[-27.767,12.988],[4.347,5.354],[57.778,0],[8.308,-11.259],[-7.666,-3.586]],"o":[[39.238,0],[7.666,-3.586],[-8.308,-10.233],[-57.778,0],[-4.095,5.549],[27.767,12.99]],"v":[[0,34.354],[117.792,24.996],[121.641,8.305],[0,-18.013],[-121.641,8.305],[-117.793,24.996]],"c":true}]},{"i":{"x":0.833,"y":1},"o":{"x":0.333,"y":0},"t":10,"s":[{"i":[[-39.238,0],[-28.819,-10.449],[2.203,6.535],[57.778,0],[12.568,-37.298],[-7.956,2.885]],"o":[[39.238,0],[7.956,2.885],[-12.568,-37.297],[-57.778,0],[-2.203,6.535],[28.819,-10.449]],"v":[[0,18.969],[104.186,35.641],[118.71,26.56],[0,-38.526],[-118.71,26.56],[-104.186,35.641]],"c":true}]},{"i":{"x":0.833,"y":1},"o":{"x":0.167,"y":0},"t":60,"s":[{"i":[[-39.238,0],[-28.819,-10.449],[2.203,6.535],[57.778,0],[12.568,-37.298],[-7.956,2.885]],"o":[[39.238,0],[7.956,2.885],[-12.568,-37.297],[-57.778,0],[-2.203,6.535],[28.819,-10.449]],"v":[[0.6,-8.8],[104.786,7.872],[119.31,-1.209],[0.6,-66.295],[-118.11,-1.209],[-103.586,7.872]],"c":true}]},{"t":79,"s":[{"i":[[-39.238,0],[-27.767,12.988],[4.347,5.354],[57.778,0],[8.308,-11.259],[-7.666,-3.586]],"o":[[39.238,0],[7.666,-3.586],[-8.308,-10.233],[-57.778,0],[-4.095,5.549],[27.767,12.99]],"v":[[0,34.354],[117.792,24.996],[121.641,8.305],[0,-18.013],[-121.641,8.305],[-117.793,24.996]],"c":true}]}],"ix":2},"nm":"Path 1","mn":"ADBE Vector Shape - Group","hd":false},{"ty":"fl","c":{"a":0,"k":[0.36862745098,0.286274509804,0.223529411765,1],"ix":4},"o":{"a":0,"k":100,"ix":5},"r":1,"bm":0,"nm":"Fill 1","mn":"ADBE Vector Graphic - Fill","hd":false},{"ty":"tr","p":{"a":0,"k":[600,787.569],"ix":2},"a":{"a":0,"k":[0,0],"ix":1},"s":{"a":0,"k":[100,100],"ix":3},"r":{"a":0,"k":0,"ix":6},"o":{"a":0,"k":100,"ix":7},"sk":{"a":0,"k":0,"ix":4},"sa":{"a":0,"k":0,"ix":5},"nm":"Transform"}],"nm":"Group 1","np":2,"cix":2,"bm":0,"ix":1,"mn":"ADBE Vector Group","hd":false}],"ip":0,"op":110,"st":0,"bm":0},{"ddd":0,"ind":7,"ty":4,"nm":"Head","sr":1,"ks":{"o":{"a":0,"k":100,"ix":11},"r":{"a":1,"k":[{"i":{"x":[0.667],"y":[1]},"o":{"x":[0.333],"y":[0]},"t":0,"s":[0]},{"i":{"x":[0.667],"y":[1]},"o":{"x":[0.333],"y":[0]},"t":10,"s":[3]},{"i":{"x":[0.667],"y":[1]},"o":{"x":[0.333],"y":[0]},"t":19,"s":[-3]},{"i":{"x":[0.667],"y":[1]},"o":{"x":[0.333],"y":[0]},"t":27,"s":[3]},{"i":{"x":[0.667],"y":[1]},"o":{"x":[0.333],"y":[0]},"t":34,"s":[-3]},{"i":{"x":[0.667],"y":[1]},"o":{"x":[0.333],"y":[0]},"t":40,"s":[3]},{"i":{"x":[0.667],"y":[1]},"o":{"x":[0.333],"y":[0]},"t":46,"s":[-3]},{"i":{"x":[0.667],"y":[1]},"o":{"x":[0.333],"y":[0]},"t":52,"s":[3]},{"i":{"x":[0.667],"y":[1]},"o":{"x":[0.333],"y":[0]},"t":58,"s":[-3]},{"i":{"x":[0.667],"y":[1]},"o":{"x":[0.333],"y":[0]},"t":64,"s":[3]},{"t":71,"s":[0]}],"ix":10},"p":{"a":0,"k":[1000,1792.706,0],"ix":2},"a":{"a":0,"k":[600,1006.516,0],"ix":1},"s":{"a":1,"k":[{"i":{"x":[0.667,0.667,0.667],"y":[1.066,1.066,1]},"o":{"x":[0.333,0.333,0.333],"y":[0,0,0]},"t":0,"s":[195,195,100]},{"i":{"x":[0.667,0.667,0.667],"y":[1,1,1]},"o":{"x":[0.333,0.333,0.333],"y":[0.031,0.031,0]},"t":19,"s":[175,215,100]},{"i":{"x":[0.667,0.667,0.667],"y":[1,1,1]},"o":{"x":[0.333,0.333,0.333],"y":[0,0,0]},"t":28,"s":[195,195,100]},{"i":{"x":[0.667,0.667,0.667],"y":[1,1,1]},"o":{"x":[0.333,0.333,0.333],"y":[0,0,0]},"t":60,"s":[210,180,100]},{"t":79,"s":[195,195,100]}],"ix":6}},"ao":0,"shapes":[{"ty":"gr","it":[{"ind":0,"ty":"sh","ix":1,"ks":{"a":0,"k":{"i":[[0,-224.513],[224.513,0],[0,224.513],[-224.512,0]],"o":[[0,224.513],[-224.512,0],[0,-224.513],[224.513,0]],"v":[[406.516,0],[0,406.516],[-406.516,0],[0,-406.516]],"c":true},"ix":2},"nm":"Path 1","mn":"ADBE Vector Shape - Group","hd":false},{"ty":"fl","c":{"a":0,"k":[1,0.81568627451,0.364705882353,1],"ix":4},"o":{"a":0,"k":100,"ix":5},"r":1,"bm":0,"nm":"Fill 1","mn":"ADBE Vector Graphic - Fill","hd":false},{"ty":"tr","p":{"a":0,"k":[600,600],"ix":2},"a":{"a":0,"k":[0,0],"ix":1},"s":{"a":0,"k":[100,100],"ix":3},"r":{"a":0,"k":0,"ix":6},"o":{"a":0,"k":100,"ix":7},"sk":{"a":0,"k":0,"ix":4},"sa":{"a":0,"k":0,"ix":5},"nm":"Transform"}],"nm":"Group 9","np":2,"cix":2,"bm":0,"ix":1,"mn":"ADBE Vector Group","hd":false}],"ip":0,"op":110,"st":0,"bm":0}]}],"layers":[{"ddd":0,"ind":1,"ty":0,"nm":"Angry Face","refId":"comp_0","sr":1,"ks":{"o":{"a":0,"k":100,"ix":11},"r":{"a":0,"k":0,"ix":10},"p":{"a":0,"k":[1920,1080,0],"ix":2},"a":{"a":0,"k":[1000,1000,0],"ix":1},"s":{"a":0,"k":[100,100,100],"ix":6}},"ao":0,"w":2000,"h":2000,"ip":0,"op":110,"st":0,"bm":0}],"markers":[]}