{"v":"4.8.0","meta":{"g":"LottieFiles AE 3.0.0","a":"","k":"","d":"","tc":""},"fr":60,"ip":0,"op":184,"w":4000,"h":4000,"nm":"Comp 1","ddd":0,"assets":[],"layers":[{"ddd":0,"ind":1,"ty":3,"nm":"Null 1","parent":67,"sr":1,"ks":{"o":{"a":0,"k":0,"ix":11},"r":{"a":0,"k":0,"ix":10},"p":{"a":1,"k":[{"i":{"x":0.667,"y":1},"o":{"x":0.333,"y":0},"t":0,"s":[643.6,8.99,0],"to":[0,-3.167,0],"ti":[0,0,0]},{"i":{"x":0.667,"y":1},"o":{"x":0.333,"y":0},"t":90,"s":[643.6,-10.01,0],"to":[0,0,0],"ti":[0,-3.167,0]},{"t":183,"s":[643.6,8.99,0]}],"ix":2},"a":{"a":0,"k":[0,0,0],"ix":1},"s":{"a":0,"k":[100,100,100],"ix":6}},"ao":0,"ip":0,"op":184,"st":0,"bm":0},{"ddd":0,"ind":2,"ty":4,"nm":"Path 68","parent":1,"sr":1,"ks":{"o":{"a":0,"k":100,"ix":11},"r":{"a":0,"k":0,"ix":10},"p":{"a":0,"k":[366.64,-538.798,0],"ix":2},"a":{"a":0,"k":[119.982,43.797,0],"ix":1},"s":{"a":0,"k":[100,100,100],"ix":6}},"ao":0,"shapes":[{"ty":"gr","it":[{"ind":0,"ty":"sh","ix":1,"ks":{"a":0,"k":{"i":[[0,0],[1.9,0.7],[0,0],[4,1.4],[7.9,2.4],[15.8,2.1],[7.9,0.2],[8,-0.5],[17.5,-3.6],[0,0],[1.9,9.5],[-4.7,4],[-20.8,5.5],[-10.8,0.7],[-10.7,-1.4],[-18.5,-9.7],[-8.1,-6.4],[-3.7,-3.7],[-1.8,-2],[-2.2,-2.6],[7.2,-5.9],[5.1,1.4]],"o":[[-1.4,-0.4],[0,0],[-4,-1.6],[-7.9,-3.1],[-15.9,-5.1],[-7.9,-0.9],[-7.9,-0.2],[-16.1,1.3],[0,0],[-9.5,1.9],[-1.3,-6.5],[15.9,-13.3],[10.4,-2.7],[10.8,-0.5],[21.3,3],[9.3,4.9],[4.1,3.3],[1.9,1.8],[1.9,2],[6,7.2],[-4.4,3.6],[0,0]],"v":[[213.742,85.606],[208.242,83.406],[202.342,80.906],[190.442,76.106],[166.642,67.706],[119.142,57.006],[95.442,55.306],[71.542,56.006],[21.742,63.906],[20.942,64.106],[0.342,50.406],[6.242,33.506],[62.342,5.206],[94.242,0.206],[126.542,1.506],[186.842,20.806],[213.042,37.706],[224.842,47.906],[230.442,53.506],[236.042,59.906],[233.842,83.706],[218.642,87.006]],"c":true},"ix":2},"nm":"Path 1","mn":"ADBE Vector Shape - Group","hd":false},{"ty":"fl","c":{"a":0,"k":[0.419607843137,0.094117647059,0.305882352941,1],"ix":4},"o":{"a":0,"k":100,"ix":5},"r":1,"bm":0,"nm":"Fill 1","mn":"ADBE Vector Graphic - Fill","hd":false},{"ty":"tr","p":{"a":0,"k":[0,0],"ix":2},"a":{"a":0,"k":[0,0],"ix":1},"s":{"a":0,"k":[100,100],"ix":3},"r":{"a":0,"k":0,"ix":6},"o":{"a":0,"k":100,"ix":7},"sk":{"a":0,"k":0,"ix":4},"sa":{"a":0,"k":0,"ix":5},"nm":"Transform"}],"nm":"Path 68","np":3,"cix":2,"bm":0,"ix":1,"mn":"ADBE Vector Group","hd":false}],"ip":0,"op":184,"st":0,"bm":0},{"ddd":0,"ind":3,"ty":4,"nm":"Path 66","parent":67,"sr":1,"ks":{"o":{"a":0,"k":100,"ix":11},"r":{"a":0,"k":0,"ix":10},"p":{"a":0,"k":[1069.718,12.318,0],"ix":2},"a":{"a":0,"k":[61.917,25.869,0],"ix":1},"s":{"a":0,"k":[100,100,100],"ix":6}},"ao":0,"shapes":[{"ty":"gr","it":[{"ind":0,"ty":"sh","ix":1,"ks":{"a":0,"k":{"i":[[-0.6,0.4],[-8.6,4.4],[-8.6,4.1],[-8.7,3.5],[-9.3,2],[0,0],[-1.7,-8.2],[5.5,-3.2],[9.3,-2.9],[9.6,-1.8],[9.8,-1],[10,0.3],[0,1.2]],"o":[[8.5,-5.2],[8.6,-4.4],[8.6,-4.1],[8.7,-3.5],[0,0],[8.2,-1.8],[1.4,6.6],[-8.5,5],[-9.3,3],[-9.6,1.8],[-9.8,0.9],[-1.2,0],[0.3,-0.8]],"v":[[1.3,47.451],[27,33.351],[52.8,20.651],[78.6,8.951],[105.4,0.351],[105.5,0.351],[123.5,12.051],[116.3,28.351],[89.4,39.751],[60.9,46.451],[31.8,50.551],[2.2,51.651],[0,49.351]],"c":true},"ix":2},"nm":"Path 1","mn":"ADBE Vector Shape - Group","hd":false},{"ty":"fl","c":{"a":0,"k":[0.419607843137,0.094117647059,0.305882352941,1],"ix":4},"o":{"a":0,"k":100,"ix":5},"r":1,"bm":0,"nm":"Fill 1","mn":"ADBE Vector Graphic - Fill","hd":false},{"ty":"tr","p":{"a":0,"k":[0,0],"ix":2},"a":{"a":0,"k":[0,0],"ix":1},"s":{"a":0,"k":[100,100],"ix":3},"r":{"a":0,"k":0,"ix":6},"o":{"a":0,"k":100,"ix":7},"sk":{"a":0,"k":0,"ix":4},"sa":{"a":0,"k":0,"ix":5},"nm":"Transform"}],"nm":"Path 66","np":3,"cix":2,"bm":0,"ix":1,"mn":"ADBE Vector Group","hd":false}],"ip":0,"op":184,"st":0,"bm":0},{"ddd":0,"ind":4,"ty":4,"nm":"Path 65","parent":67,"sr":1,"ks":{"o":{"a":0,"k":100,"ix":11},"r":{"a":0,"k":0,"ix":10},"p":{"a":0,"k":[1159.051,-686.521,0],"ix":2},"a":{"a":0,"k":[315.651,685.022,0],"ix":1},"s":{"a":0,"k":[100,100,100],"ix":6}},"ao":0,"shapes":[{"ty":"gr","it":[{"ind":0,"ty":"sh","ix":1,"ks":{"a":0,"k":{"i":[[0,0],[0.6,227.7],[298.8,138.9],[0,0],[-1.6,49.8],[24.2,-21.8],[55.3,-8.5]],"o":[[212.1,-84.8],[-0.7,-272.1],[0,0],[18.5,-40.1],[1,-32.6],[-44.2,39.8],[0,0]],"v":[[281.1,1370.044],[631.3,903.544],[195,191.044],[196.4,188.044],[222.8,38.044],[161.1,9.644],[0,104.244]],"c":false},"ix":2},"nm":"Path 1","mn":"ADBE Vector Shape - Group","hd":false},{"ty":"st","c":{"a":0,"k":[0.419607843137,0.094117647059,0.305882352941,1],"ix":3},"o":{"a":0,"k":100,"ix":4},"w":{"a":0,"k":32,"ix":5},"lc":2,"lj":2,"bm":0,"nm":"Stroke 1","mn":"ADBE Vector Graphic - Stroke","hd":false},{"ty":"tr","p":{"a":0,"k":[0,0],"ix":2},"a":{"a":0,"k":[0,0],"ix":1},"s":{"a":0,"k":[100,100],"ix":3},"r":{"a":0,"k":0,"ix":6},"o":{"a":0,"k":100,"ix":7},"sk":{"a":0,"k":0,"ix":4},"sa":{"a":0,"k":0,"ix":5},"nm":"Transform"}],"nm":"Path 65","np":3,"cix":2,"bm":0,"ix":1,"mn":"ADBE Vector Group","hd":false}],"ip":0,"op":184,"st":0,"bm":0},{"ddd":0,"ind":5,"ty":4,"nm":"Path 64","parent":67,"sr":1,"ks":{"o":{"a":0,"k":100,"ix":11},"r":{"a":0,"k":0,"ix":10},"p":{"a":0,"k":[698.538,-1343.825,0],"ix":2},"a":{"a":0,"k":[161.438,98.926,0],"ix":1},"s":{"a":0,"k":[100,100,100],"ix":6}},"ao":0,"shapes":[{"ty":"gr","it":[{"ind":0,"ty":"sh","ix":1,"ks":{"a":0,"k":{"i":[[0,0],[18,53.4],[14.9,-25.6],[0,0]],"o":[[46.1,-49.6],[-9.5,-28.1],[-81.6,140.8],[0,0]],"v":[[289.8,197.851],[307.7,23.351],[245.5,17.251],[0,191.451]],"c":false},"ix":2},"nm":"Path 1","mn":"ADBE Vector Shape - Group","hd":false},{"ty":"st","c":{"a":0,"k":[0.419607843137,0.094117647059,0.305882352941,1],"ix":3},"o":{"a":0,"k":100,"ix":4},"w":{"a":0,"k":32,"ix":5},"lc":2,"lj":1,"ml":4,"bm":0,"nm":"Stroke 1","mn":"ADBE Vector Graphic - Stroke","hd":false},{"ty":"tr","p":{"a":0,"k":[0,0],"ix":2},"a":{"a":0,"k":[0,0],"ix":1},"s":{"a":0,"k":[100,100],"ix":3},"r":{"a":0,"k":0,"ix":6},"o":{"a":0,"k":100,"ix":7},"sk":{"a":0,"k":0,"ix":4},"sa":{"a":0,"k":0,"ix":5},"nm":"Transform"}],"nm":"Path 64","np":3,"cix":2,"bm":0,"ix":1,"mn":"ADBE Vector Group","hd":false}],"ip":0,"op":184,"st":0,"bm":0},{"ddd":0,"ind":6,"ty":4,"nm":"eye","parent":1,"sr":1,"ks":{"o":{"a":0,"k":100,"ix":11},"r":{"a":0,"k":0,"ix":10},"p":{"a":0,"k":[-345.727,-536.799,0],"ix":2},"a":{"a":0,"k":[119.856,44.036,0],"ix":1},"s":{"a":0,"k":[100,100,100],"ix":6}},"ao":0,"shapes":[{"ty":"gr","it":[{"ind":0,"ty":"sh","ix":1,"ks":{"a":0,"k":{"i":[[-3.3,4.2],[-1.8,2],[-1.8,1.8],[-4.1,3.3],[-9.3,4.9],[-21.3,3.1],[-10.7,-0.4],[-10.4,-2.6],[-16,-13.2],[6.2,-7.4],[6.1,1.2],[0,0],[16,1.2],[7.9,-0.2],[7.9,-0.9],[15.8,-5.1],[8,-3.1],[4,-1.7],[0,0],[1.5,-0.4],[0,0],[2.5,9]],"o":[[2.1,-2.6],[1.8,-1.9],[3.7,-3.7],[8.2,-6.4],[18.5,-9.8],[10.6,-1.5],[10.8,0.6],[20.8,5.4],[7.4,6.2],[-4.2,5.1],[0,0],[-17.5,-3.4],[-8,-0.5],[-7.9,0.2],[-15.8,2.1],[-7.9,2.5],[-4,1.5],[0,0],[-1.9,0.7],[0,0],[-9,2.5],[-1.5,-5.4]],"v":[[3.883,60.446],[9.383,54.046],[14.883,48.446],[26.683,38.246],[52.883,21.246],[113.083,1.646],[145.283,0.146],[177.183,4.946],[233.383,32.946],[235.683,57.546],[218.883,63.546],[218.083,63.346],[168.283,55.746],[144.383,55.146],[120.683,56.946],[73.283,67.846],[49.483,76.346],[37.583,81.246],[31.683,83.846],[26.183,86.146],[21.483,87.446],[0.583,75.746]],"c":true},"ix":2},"nm":"Path 1","mn":"ADBE Vector Shape - Group","hd":false},{"ty":"fl","c":{"a":0,"k":[0.419607843137,0.094117647059,0.305882352941,1],"ix":4},"o":{"a":0,"k":100,"ix":5},"r":1,"bm":0,"nm":"Fill 1","mn":"ADBE Vector Graphic - Fill","hd":false},{"ty":"tr","p":{"a":0,"k":[0,0],"ix":2},"a":{"a":0,"k":[0,0],"ix":1},"s":{"a":0,"k":[100,100],"ix":3},"r":{"a":0,"k":0,"ix":6},"o":{"a":0,"k":100,"ix":7},"sk":{"a":0,"k":0,"ix":4},"sa":{"a":0,"k":0,"ix":5},"nm":"Transform"}],"nm":"Path 67","np":3,"cix":2,"bm":0,"ix":1,"mn":"ADBE Vector Group","hd":false}],"ip":0,"op":184,"st":0,"bm":0},{"ddd":0,"ind":7,"ty":4,"nm":"eye down","parent":67,"sr":1,"ks":{"o":{"a":0,"k":100,"ix":11},"r":{"a":0,"k":0,"ix":10},"p":{"a":0,"k":[243.464,-454.531,0],"ix":2},"a":{"a":0,"k":[266.068,255.731,0],"ix":1},"s":{"a":0,"k":[100,100,100],"ix":6}},"ao":0,"shapes":[{"ty":"gr","it":[{"ind":0,"ty":"sh","ix":1,"ks":{"a":0,"k":{"i":[[11.8,-83.6],[122.4,-49.5],[34.5,-40.3],[0.3,108.7],[-3.5,21.1],[-164.2,-19.3]],"o":[[-16.4,116.5],[-76.8,31.1],[-100.3,-89.6],[-0.1,-22.1],[72,-75.2],[120.1,14.3]],"v":[[530.804,200.463],[298.304,394.162],[134.204,511.463],[0.004,196.262],[5.204,131.362],[355.204,3.162]],"c":true},"ix":2},"nm":"Path 1","mn":"ADBE Vector Shape - Group","hd":false},{"ty":"fl","c":{"a":0,"k":[0.439215686275,0.443137254902,0.411764705882,1],"ix":4},"o":{"a":0,"k":100,"ix":5},"r":1,"bm":0,"nm":"Fill 1","mn":"ADBE Vector Graphic - Fill","hd":false},{"ty":"tr","p":{"a":0,"k":[0,0],"ix":2},"a":{"a":0,"k":[0,0],"ix":1},"s":{"a":0,"k":[100,100],"ix":3},"r":{"a":0,"k":0,"ix":6},"o":{"a":0,"k":100,"ix":7},"sk":{"a":0,"k":0,"ix":4},"sa":{"a":0,"k":0,"ix":5},"nm":"Transform"}],"nm":"Path 62","np":3,"cix":2,"bm":0,"ix":1,"mn":"ADBE Vector Group","hd":false}],"ip":0,"op":184,"st":0,"bm":0},{"ddd":0,"ind":8,"ty":4,"nm":"Path 63","parent":67,"sr":1,"ks":{"o":{"a":0,"k":100,"ix":11},"r":{"a":0,"k":0,"ix":10},"p":{"a":0,"k":[1050.238,-458.183,0],"ix":2},"a":{"a":0,"k":[263.264,253.784,0],"ix":1},"s":{"a":0,"k":[100,100,100],"ix":6}},"ao":0,"shapes":[{"ty":"gr","it":[{"ind":0,"ty":"sh","ix":1,"ks":{"a":0,"k":{"i":[[-0.1,-24.6],[97.4,-89.7],[75.1,29.9],[17,116.5],[-120.1,14.8],[-72.7,-72.2],[0,0]],"o":[[0.3,107.5],[-34.8,-39.4],[-122.6,-48.9],[-12.2,-83.6],[159,-19.6],[0,0],[4.3,23.2]],"v":[[526.527,194.568],[397.127,507.568],[234.927,394.068],[1.427,201.568],[176.027,3.468],[519.827,122.768],[519.827,122.768]],"c":true},"ix":2},"nm":"Path 1","mn":"ADBE Vector Shape - Group","hd":false},{"ty":"fl","c":{"a":0,"k":[0.439215686275,0.443137254902,0.411764705882,1],"ix":4},"o":{"a":0,"k":100,"ix":5},"r":1,"bm":0,"nm":"Fill 1","mn":"ADBE Vector Graphic - Fill","hd":false},{"ty":"tr","p":{"a":0,"k":[0,0],"ix":2},"a":{"a":0,"k":[0,0],"ix":1},"s":{"a":0,"k":[100,100],"ix":3},"r":{"a":0,"k":0,"ix":6},"o":{"a":0,"k":100,"ix":7},"sk":{"a":0,"k":0,"ix":4},"sa":{"a":0,"k":0,"ix":5},"nm":"Transform"}],"nm":"Path 63","np":3,"cix":2,"bm":0,"ix":1,"mn":"ADBE Vector Group","hd":false}],"ip":0,"op":184,"st":0,"bm":0},{"ddd":0,"ind":9,"ty":4,"nm":"Path 61","parent":67,"sr":1,"ks":{"o":{"a":0,"k":100,"ix":11},"r":{"a":0,"k":0,"ix":10},"p":{"a":0,"k":[226.393,6.721,0],"ix":2},"a":{"a":0,"k":[57.089,25.458,0],"ix":1},"s":{"a":0,"k":[100,100,100],"ix":6}},"ao":0,"shapes":[{"ty":"gr","it":[{"ind":0,"ty":"sh","ix":1,"ks":{"a":0,"k":{"i":[[0.7,-0.1],[9,0.8],[8.8,1.7],[8.5,2.9],[7.7,4.8],[-4.4,7.1],[-6.1,-1.3],[0,0],[-8,-3.3],[-7.8,-4],[-7.8,-4.3],[-7.6,-5.2],[0.7,-1]],"o":[[-9.3,0.3],[-9,-1],[-8.9,-1.7],[-8.5,-2.9],[-7.1,-4.5],[3.5,-5.6],[0,0],[8.6,1.9],[8,3.4],[7.8,4],[7.8,4.4],[1,0.7],[-0.3,0.6]],"v":[[112.096,50.837],[84.696,49.737],[57.896,45.737],[31.696,39.237],[7.096,28.137],[2.296,7.137],[18.396,0.337],[18.496,0.337],[43.096,8.637],[66.596,20.137],[89.996,32.637],[113.196,46.737],[113.796,49.837]],"c":true},"ix":2},"nm":"Path 1","mn":"ADBE Vector Shape - Group","hd":false},{"ty":"fl","c":{"a":0,"k":[0.419607843137,0.094117647059,0.305882352941,1],"ix":4},"o":{"a":0,"k":100,"ix":5},"r":1,"bm":0,"nm":"Fill 1","mn":"ADBE Vector Graphic - Fill","hd":false},{"ty":"tr","p":{"a":0,"k":[0,0],"ix":2},"a":{"a":0,"k":[0,0],"ix":1},"s":{"a":0,"k":[100,100],"ix":3},"r":{"a":0,"k":0,"ix":6},"o":{"a":0,"k":100,"ix":7},"sk":{"a":0,"k":0,"ix":4},"sa":{"a":0,"k":0,"ix":5},"nm":"Transform"}],"nm":"Path 61","np":3,"cix":2,"bm":0,"ix":1,"mn":"ADBE Vector Group","hd":false}],"ip":0,"op":184,"st":0,"bm":0},{"ddd":0,"ind":10,"ty":4,"nm":"Path 60","parent":67,"sr":1,"ks":{"o":{"a":0,"k":100,"ix":11},"r":{"a":0,"k":0,"ix":10},"p":{"a":0,"k":[190.199,-629.05,0],"ix":2},"a":{"a":0,"k":[347.001,622.25,0],"ix":1},"s":{"a":0,"k":[100,100,100],"ix":6}},"ao":0,"shapes":[{"ty":"gr","it":[{"ind":0,"ty":"sh","ix":1,"ks":{"a":0,"k":{"i":[[0,0],[0.6,220.8],[-481.5,56.5]],"o":[[-201.9,-85.3],[-0.9,-341.8],[0,0]],"v":[[333.803,1244.5],[0.003,787.6],[694.003,0]],"c":false},"ix":2},"nm":"Path 1","mn":"ADBE Vector Shape - Group","hd":false},{"ty":"st","c":{"a":0,"k":[0.419607843137,0.094117647059,0.305882352941,1],"ix":3},"o":{"a":0,"k":100,"ix":4},"w":{"a":0,"k":32,"ix":5},"lc":2,"lj":1,"ml":4,"bm":0,"nm":"Stroke 1","mn":"ADBE Vector Graphic - Stroke","hd":false},{"ty":"tr","p":{"a":0,"k":[0,0],"ix":2},"a":{"a":0,"k":[0,0],"ix":1},"s":{"a":0,"k":[100,100],"ix":3},"r":{"a":0,"k":0,"ix":6},"o":{"a":0,"k":100,"ix":7},"sk":{"a":0,"k":0,"ix":4},"sa":{"a":0,"k":0,"ix":5},"nm":"Transform"}],"nm":"Path 60","np":3,"cix":2,"bm":0,"ix":1,"mn":"ADBE Vector Group","hd":false}],"ip":0,"op":184,"st":0,"bm":0},{"ddd":0,"ind":11,"ty":4,"nm":"mouth","parent":1,"sr":1,"ks":{"o":{"a":0,"k":100,"ix":11},"r":{"a":0,"k":0,"ix":10},"p":{"a":0,"k":[2.661,-338.162,0],"ix":2},"a":{"a":0,"k":[118.336,37.788,0],"ix":1},"s":{"a":1,"k":[{"i":{"x":[0.667,0.667,0.667],"y":[1,1,1]},"o":{"x":[0.333,0.333,0.333],"y":[0,0,0]},"t":0,"s":[100,100,100]},{"i":{"x":[0.667,0.667,0.667],"y":[1,1,1]},"o":{"x":[0.333,0.333,0.333],"y":[0,0,0]},"t":90,"s":[88,100,100]},{"t":180,"s":[100,100,100]}],"ix":6}},"ao":0,"shapes":[{"ty":"gr","it":[{"ind":0,"ty":"sh","ix":1,"ks":{"a":0,"k":{"i":[[4.1,-3.8],[4.2,-3.1],[4.3,-2.7],[9.6,-3.6],[21.7,0.3],[18.9,8.3],[8.5,5.6],[4,3.3],[4.1,4.2],[-6.3,6.2],[-5.5,-1.6],[0,0],[-4,-1.3],[-4,-1.2],[-8,-2],[-15,-0.2],[-7.9,1],[-8.1,1.6],[-8.2,2.2],[-4.1,1.1],[-3.6,0.9],[0,0],[-2.1,-8.7]],"o":[[-4.3,4],[-4.1,3],[-8.7,5.2],[-19.2,7.3],[-22,-0.4],[-9.4,-4.2],[-4.2,-2.9],[-4,-3.2],[-6.3,-6.3],[4.4,-4.3],[0,0],[3.5,1.1],[4.1,1.4],[8.1,2.6],[15.9,4.1],[7.6,0],[7.9,-0.8],[8.1,-1.6],[4.1,-1],[4,-1.1],[0,0],[8.7,-2.1],[1.5,6.1]],"v":[[231.575,32.66],[219.375,42.76],[206.675,51.16],[179.175,64.36],[117.375,75.56],[55.575,61.66],[28.675,47.06],[16.375,38.06],[4.675,27.46],[4.775,4.66],[20.875,0.66],[23.275,1.46],[35.075,5.56],[47.175,9.66],[71.275,16.66],[117.875,23.36],[141.275,22.06],[165.275,18.26],[189.775,12.46],[202.075,9.06],[214.075,5.56],[216.675,4.96],[236.175,16.86]],"c":true},"ix":2},"nm":"Path 1","mn":"ADBE Vector Shape - Group","hd":false},{"ty":"fl","c":{"a":0,"k":[0.419607843137,0.094117647059,0.305882352941,1],"ix":4},"o":{"a":0,"k":100,"ix":5},"r":1,"bm":0,"nm":"Fill 1","mn":"ADBE Vector Graphic - Fill","hd":false},{"ty":"tr","p":{"a":0,"k":[0,0],"ix":2},"a":{"a":0,"k":[0,0],"ix":1},"s":{"a":0,"k":[100,100],"ix":3},"r":{"a":0,"k":0,"ix":6},"o":{"a":0,"k":100,"ix":7},"sk":{"a":0,"k":0,"ix":4},"sa":{"a":0,"k":0,"ix":5},"nm":"Transform"}],"nm":"Path 69","np":3,"cix":2,"bm":0,"ix":1,"mn":"ADBE Vector Group","hd":false}],"ip":0,"op":184,"st":0,"bm":0},{"ddd":0,"ind":12,"ty":4,"nm":"nose shd","parent":1,"sr":1,"ks":{"o":{"a":0,"k":50,"ix":11},"r":{"a":0,"k":0,"ix":10},"p":{"a":0,"k":[4.65,-515.84,0],"ix":2},"a":{"a":0,"k":[40.55,14.151,0],"ix":1},"s":{"a":0,"k":[100,100,100],"ix":6}},"ao":0,"shapes":[{"ty":"gr","it":[{"ind":0,"ty":"sh","ix":1,"ks":{"a":0,"k":{"i":[[0,-7.8],[22.4,-0.1],[0,7.8],[-22.4,0]],"o":[[0,7.8],[-22.4,0.1],[0,-7.8],[22.4,-0.1]],"v":[[81.1,10.902],[40.6,28.302],[0,11.202],[40.5,0.002]],"c":true},"ix":2},"nm":"Path 1","mn":"ADBE Vector Shape - Group","hd":false},{"ty":"fl","c":{"a":0,"k":[0.996078431373,0.980392156863,0.98431372549,1],"ix":4},"o":{"a":0,"k":100,"ix":5},"r":1,"bm":0,"nm":"Fill 1","mn":"ADBE Vector Graphic - Fill","hd":false},{"ty":"tr","p":{"a":0,"k":[0,0],"ix":2},"a":{"a":0,"k":[0,0],"ix":1},"s":{"a":0,"k":[100,100],"ix":3},"r":{"a":0,"k":0,"ix":6},"o":{"a":0,"k":100,"ix":7},"sk":{"a":0,"k":0,"ix":4},"sa":{"a":0,"k":0,"ix":5},"nm":"Transform"}],"nm":"Path 59","np":3,"cix":2,"bm":0,"ix":1,"mn":"ADBE Vector Group","hd":false}],"ip":0,"op":184,"st":0,"bm":0},{"ddd":0,"ind":13,"ty":4,"nm":"nose","parent":1,"sr":1,"ks":{"o":{"a":0,"k":100,"ix":11},"r":{"a":0,"k":0,"ix":10},"p":{"a":0,"k":[1.9,-487.34,0],"ix":2},"a":{"a":0,"k":[99.6,60.65,0],"ix":1},"s":{"a":1,"k":[{"i":{"x":[0.667,0.667,0.667],"y":[1,1,1]},"o":{"x":[0.333,0.333,0.333],"y":[0,0,0]},"t":0,"s":[100,100,100]},{"i":{"x":[0.667,0.667,0.667],"y":[1,1,1]},"o":{"x":[0.333,0.333,0.333],"y":[0,0,0]},"t":90,"s":[80,100,100]},{"t":180,"s":[100,100,100]}],"ix":6}},"ao":0,"shapes":[{"ty":"gr","it":[{"ind":0,"ty":"sh","ix":1,"ks":{"a":0,"k":{"i":[[0,-33.5],[55,-0.1],[0.1,33.5],[-55,0.1]],"o":[[0.1,33.5],[-55,0.1],[-0.1,-33.5],[55,-0.1]],"v":[[199.2,47.301],[99.8,121.301],[0,47.801],[99.5,0]],"c":true},"ix":2},"nm":"Path 1","mn":"ADBE Vector Shape - Group","hd":false},{"ty":"fl","c":{"a":0,"k":[0.419607843137,0.094117647059,0.305882352941,1],"ix":4},"o":{"a":0,"k":100,"ix":5},"r":1,"bm":0,"nm":"Fill 1","mn":"ADBE Vector Graphic - Fill","hd":false},{"ty":"tr","p":{"a":0,"k":[0,0],"ix":2},"a":{"a":0,"k":[0,0],"ix":1},"s":{"a":0,"k":[100,100],"ix":3},"r":{"a":0,"k":0,"ix":6},"o":{"a":0,"k":100,"ix":7},"sk":{"a":0,"k":0,"ix":4},"sa":{"a":0,"k":0,"ix":5},"nm":"Transform"}],"nm":"Path 58","np":3,"cix":2,"bm":0,"ix":1,"mn":"ADBE Vector Group","hd":false}],"ip":0,"op":184,"st":0,"bm":0},{"ddd":0,"ind":14,"ty":4,"nm":"Path 57","parent":67,"sr":1,"ks":{"o":{"a":0,"k":100,"ix":11},"r":{"a":0,"k":0,"ix":10},"p":{"a":0,"k":[645.449,-478.697,0],"ix":2},"a":{"a":0,"k":[668.053,431.204,0],"ix":1},"s":{"a":0,"k":[100,100,100],"ix":6}},"ao":0,"shapes":[{"ty":"gr","it":[{"ind":0,"ty":"sh","ix":1,"ks":{"a":0,"k":{"i":[[-0.1,-24.6],[97.4,-89.7],[270.4,-0.7],[0,0],[100.4,89.6],[0.3,108.7],[-3.5,21.1],[-195.2,0.5],[-71,-68.9],[-106.7,0.3],[-34.3,-182.9],[0,0]],"o":[[0.3,107.5],[-99.5,91.7],[0,0],[-267.5,0.7],[-100.3,-89.6],[-0.1,-22.1],[30.4,-186.6],[106.8,-0.3],[70.7,-69.3],[192.8,-0.5],[0,0],[4.4,23.3]],"v":[[1336.104,392.501],[1206.704,705.501],[669.304,862.401],[669.304,862.401],[134.204,711.202],[0.004,396.001],[5.204,331.101],[392.504,1.401],[667.304,112.301],[941.504,0.001],[1329.304,320.601],[1329.304,320.601]],"c":true},"ix":2},"nm":"Path 1","mn":"ADBE Vector Shape - Group","hd":false},{"ty":"fl","c":{"a":0,"k":[0.996078431373,0.980392156863,0.98431372549,1],"ix":4},"o":{"a":0,"k":100,"ix":5},"r":1,"bm":0,"nm":"Fill 1","mn":"ADBE Vector Graphic - Fill","hd":false},{"ty":"tr","p":{"a":0,"k":[0,0],"ix":2},"a":{"a":0,"k":[0,0],"ix":1},"s":{"a":0,"k":[100,100],"ix":3},"r":{"a":0,"k":0,"ix":6},"o":{"a":0,"k":100,"ix":7},"sk":{"a":0,"k":0,"ix":4},"sa":{"a":0,"k":0,"ix":5},"nm":"Transform"}],"nm":"Path 57","np":3,"cix":2,"bm":0,"ix":1,"mn":"ADBE Vector Group","hd":false}],"ip":0,"op":184,"st":0,"bm":0},{"ddd":0,"ind":15,"ty":4,"nm":"Path 56","parent":67,"sr":1,"ks":{"o":{"a":0,"k":30,"ix":11},"r":{"a":0,"k":0,"ix":10},"p":{"a":0,"k":[672.303,-870.275,0],"ix":2},"a":{"a":0,"k":[802.303,572.576,0],"ix":1},"s":{"a":0,"k":[100,100,100],"ix":6}},"ao":0,"shapes":[{"ty":"gr","it":[{"ind":0,"ty":"sh","ix":1,"ks":{"a":0,"k":{"i":[[19.4,-51.3],[0.1,39.1],[263.7,150.3],[-7.4,33.7],[-0.6,20.8],[24.1,-21.8],[52.2,-27.2],[-2.7,17.9],[9.5,28],[22.4,-39],[51.3,-29.1],[46.8,-6],[84.1,-248.5],[-415,27.5],[-47.5,82],[-9.5,-28.1],[24.9,-63.5],[-22.6,20.4],[1.1,-32.5],[13,-56],[-0.7,-271.3]],"o":[[7.8,-34.8],[-0.7,-255.2],[-30,-17.1],[8.4,-38],[1,-32.5],[-17.7,15.9],[-16,8.3],[6.6,-42.2],[-9.5,-28.1],[-31.5,54.7],[-41.1,23.2],[-348.4,45],[73.9,-286.5],[62.5,-32.1],[14.9,-25.6],[12.6,37.4],[69.1,-33.8],[24.2,-21.8],[-1,31.5],[297,139.4],[0.3,62.5]],"v":[[1575.3,1145.151],[1587,1034.251],[1182.8,332.851],[1144.6,247.651],[1160.5,153.051],[1116.8,140.251],[1001.1,210.351],[968.8,187.551],[957.1,82.751],[909.1,86.551],[771.7,208.851],[638.3,252.251],[0,766.551],[718,186.851],[912.6,17.251],[974.8,23.351],[974,173.451],[1134.4,80.851],[1196.1,109.251],[1170.9,263.451],[1604.6,974.651]],"c":true},"ix":2},"nm":"Path 1","mn":"ADBE Vector Shape - Group","hd":false},{"ty":"fl","c":{"a":0,"k":[1,1,1,1],"ix":4},"o":{"a":0,"k":100,"ix":5},"r":1,"bm":0,"nm":"Fill 1","mn":"ADBE Vector Graphic - Fill","hd":false},{"ty":"tr","p":{"a":0,"k":[0,0],"ix":2},"a":{"a":0,"k":[0,0],"ix":1},"s":{"a":0,"k":[100,100],"ix":3},"r":{"a":0,"k":0,"ix":6},"o":{"a":0,"k":100,"ix":7},"sk":{"a":0,"k":0,"ix":4},"sa":{"a":0,"k":0,"ix":5},"nm":"Transform"}],"nm":"Path 56","np":3,"cix":2,"bm":0,"ix":1,"mn":"ADBE Vector Group","hd":false}],"ip":0,"op":184,"st":0,"bm":0},{"ddd":0,"ind":16,"ty":4,"nm":"Path 55","parent":67,"sr":1,"ks":{"o":{"a":0,"k":35,"ix":11},"r":{"a":0,"k":0,"ix":10},"p":{"a":0,"k":[658.951,-215.696,0],"ix":2},"a":{"a":0,"k":[815.751,293.303,0],"ix":1},"s":{"a":0,"k":[100,100,100],"ix":6}},"ao":0,"shapes":[{"ty":"gr","it":[{"ind":0,"ty":"sh","ix":1,"ks":{"a":0,"k":{"i":[[0,-13.6],[450.5,-1.2],[1,368.8],[-0.8,15.1],[-436.9,1.2],[-22.8,343.6]],"o":[[1,368.9],[-450.5,1.2],[0,-14.9],[22.2,346.2],[435.2,-1.2],[0.7,13.7]],"v":[[1631.5,41],[817.2,586.6],[0,45.4],[1.1,0.4],[817.2,508.6],[1630.4,0]],"c":true},"ix":2},"nm":"Path 1","mn":"ADBE Vector Shape - Group","hd":false},{"ty":"fl","c":{"a":0,"k":[0.419607843137,0.094117647059,0.305882352941,1],"ix":4},"o":{"a":0,"k":100,"ix":5},"r":1,"bm":0,"nm":"Fill 1","mn":"ADBE Vector Graphic - Fill","hd":false},{"ty":"tr","p":{"a":0,"k":[0,0],"ix":2},"a":{"a":0,"k":[0,0],"ix":1},"s":{"a":0,"k":[100,100],"ix":3},"r":{"a":0,"k":0,"ix":6},"o":{"a":0,"k":100,"ix":7},"sk":{"a":0,"k":0,"ix":4},"sa":{"a":0,"k":0,"ix":5},"nm":"Transform"}],"nm":"Path 55","np":3,"cix":2,"bm":0,"ix":1,"mn":"ADBE Vector Group","hd":false}],"ip":0,"op":184,"st":0,"bm":0},{"ddd":0,"ind":17,"ty":4,"nm":"Path 54","parent":67,"sr":1,"ks":{"o":{"a":0,"k":100,"ix":11},"r":{"a":0,"k":0,"ix":10},"p":{"a":0,"k":[658.95,-682.622,0],"ix":2},"a":{"a":0,"k":[815.752,760.229,0],"ix":1},"s":{"a":0,"k":[100,100,100],"ix":6}},"ao":0,"shapes":[{"ty":"gr","it":[{"ind":0,"ty":"sh","ix":1,"ks":{"a":0,"k":{"i":[[-0.7,-271.3],[450.5,-1.2],[1,368.9],[-517.3,34.3],[-47.5,82],[-9.5,-28.1],[24.9,-63.5],[-22.6,20.4],[1.1,-32.5],[13,-56]],"o":[[1,368.9],[-450.5,1.2],[-0.9,-353.6],[62.5,-32.1],[14.9,-25.6],[12.6,37.4],[69.1,-33.8],[24.2,-21.8],[-1,31.5],[297.1,139.6]],"v":[[1631.503,974.851],[817.203,1520.451],[0.003,979.151],[744.803,186.851],[939.403,17.251],[1001.603,23.351],[1000.803,173.451],[1161.203,80.851],[1222.903,109.251],[1197.703,263.451]],"c":true},"ix":2},"nm":"Path 1","mn":"ADBE Vector Shape - Group","hd":false},{"ty":"fl","c":{"a":0,"k":[0.925490196078,0.756862745098,0.556862745098,1],"ix":4},"o":{"a":0,"k":100,"ix":5},"r":1,"bm":0,"nm":"Fill 1","mn":"ADBE Vector Graphic - Fill","hd":false},{"ty":"tr","p":{"a":0,"k":[0,0],"ix":2},"a":{"a":0,"k":[0,0],"ix":1},"s":{"a":0,"k":[100,100],"ix":3},"r":{"a":0,"k":0,"ix":6},"o":{"a":0,"k":100,"ix":7},"sk":{"a":0,"k":0,"ix":4},"sa":{"a":0,"k":0,"ix":5},"nm":"Transform"}],"nm":"Path 54","np":3,"cix":2,"bm":0,"ix":1,"mn":"ADBE Vector Group","hd":false}],"ip":0,"op":184,"st":0,"bm":0},{"ddd":0,"ind":18,"ty":4,"nm":"Path 53","parent":67,"sr":1,"ks":{"o":{"a":0,"k":35,"ix":11},"r":{"a":0,"k":0,"ix":10},"p":{"a":0,"k":[652.55,52.104,0],"ix":2},"a":{"a":0,"k":[537.65,109.603,0],"ix":1},"s":{"a":0,"k":[100,100,100],"ix":6}},"ao":0,"shapes":[{"ty":"gr","it":[{"ind":0,"ty":"sh","ix":1,"ks":{"a":0,"k":{"i":[[-18.5,-15.4],[11.2,-5.1],[43,-12.4],[135.3,-0.4],[117.2,35.8],[37.2,17.7],[9.9,5.2],[-20.4,12.8],[0,0],[0,0],[0,0],[0,0],[0,0],[-38,-22.3],[0,0],[-2.9,-5.9]],"o":[[-10.7,5.4],[-38,17.2],[-112.2,32.3],[-143.6,0.4],[-42.2,-12.8],[-10.3,-4.9],[17.3,-14],[2.6,-5.2],[0,0],[38,-22.2],[0,0],[0,0],[50.9,15.4],[0,0],[0,0],[22.1,13.8]],"v":[[1075.3,110.3],[1042.4,126.1],[920.6,170.4],[545.5,219.2],[149.7,166.4],[30.3,120.6],[0,105.4],[56.4,65.2],[60.4,57.3],[69.5,57.3],[184.1,57.3],[885.2,57.3],[867.2,0],[999.8,57.3],[1010,57.3],[1014.5,66.2]],"c":true},"ix":2},"nm":"Path 1","mn":"ADBE Vector Shape - Group","hd":false},{"ty":"fl","c":{"a":0,"k":[0.419607843137,0.094117647059,0.305882352941,1],"ix":4},"o":{"a":0,"k":100,"ix":5},"r":1,"bm":0,"nm":"Fill 1","mn":"ADBE Vector Graphic - Fill","hd":false},{"ty":"tr","p":{"a":0,"k":[0,0],"ix":2},"a":{"a":0,"k":[0,0],"ix":1},"s":{"a":0,"k":[100,100],"ix":3},"r":{"a":0,"k":0,"ix":6},"o":{"a":0,"k":100,"ix":7},"sk":{"a":0,"k":0,"ix":4},"sa":{"a":0,"k":0,"ix":5},"nm":"Transform"}],"nm":"Path 53","np":3,"cix":2,"bm":0,"ix":1,"mn":"ADBE Vector Group","hd":false}],"ip":0,"op":184,"st":0,"bm":0},{"ddd":0,"ind":19,"ty":4,"nm":"2nd finger path","parent":28,"sr":1,"ks":{"o":{"a":0,"k":100,"ix":11},"r":{"a":0,"k":0,"ix":10},"p":{"a":0,"k":[621.615,649.277,0],"ix":2},"a":{"a":0,"k":[0,68.151,0],"ix":1},"s":{"a":0,"k":[100,100,100],"ix":6}},"ao":0,"shapes":[{"ty":"gr","it":[{"ind":0,"ty":"sh","ix":1,"ks":{"a":0,"k":{"i":[[-43.1,-43.5],[-51.5,9.4],[25.4,27],[44.5,-1.8],[18.4,0]],"o":[[14.4,14.5],[105.2,-19.1],[-17.1,-18.2],[-78.8,3.2],[-40.8,0]],"v":[[20.419,120],[107.119,132],[265.519,12.8],[168.519,11.5],[50.519,0]],"c":true},"ix":2},"nm":"Path 1","mn":"ADBE Vector Shape - Group","hd":false},{"ty":"st","c":{"a":0,"k":[0.419607843137,0.094117647059,0.305882352941,1],"ix":3},"o":{"a":0,"k":100,"ix":4},"w":{"a":0,"k":32,"ix":5},"lc":2,"lj":1,"ml":4,"bm":0,"nm":"Stroke 1","mn":"ADBE Vector Graphic - Stroke","hd":false},{"ty":"tr","p":{"a":0,"k":[0,0],"ix":2},"a":{"a":0,"k":[0,0],"ix":1},"s":{"a":0,"k":[100,100],"ix":3},"r":{"a":0,"k":0,"ix":6},"o":{"a":0,"k":100,"ix":7},"sk":{"a":0,"k":0,"ix":4},"sa":{"a":0,"k":0,"ix":5},"nm":"Transform"}],"nm":"Path 52","np":3,"cix":2,"bm":0,"ix":1,"mn":"ADBE Vector Group","hd":false}],"ip":0,"op":184,"st":0,"bm":0},{"ddd":0,"ind":20,"ty":4,"nm":"2nd finger shd","parent":19,"sr":1,"ks":{"o":{"a":0,"k":35,"ix":11},"r":{"a":0,"k":0,"ix":10},"p":{"a":0,"k":[135.133,75.511,0],"ix":2},"a":{"a":0,"k":[135.123,60.712,0],"ix":1},"s":{"a":0,"k":[100,100,100],"ix":6}},"ao":0,"shapes":[{"ty":"gr","it":[{"ind":0,"ty":"sh","ix":1,"ks":{"a":0,"k":{"i":[[-30.4,-30.6],[-51.5,9.4],[19.9,28.5],[61.5,-11.2],[14.4,14.5],[-0.9,19]],"o":[[14.4,14.6],[102.6,-18.6],[-27.8,28.1],[-51.4,9.4],[-15.5,-15.6],[-21.1,25.1]],"v":[[20.409,105.1],[107.109,117.1],[267.109,0],[125.309,69],[38.609,57],[18.309,2.4]],"c":true},"ix":2},"nm":"Path 1","mn":"ADBE Vector Shape - Group","hd":false},{"ty":"fl","c":{"a":0,"k":[0.419607843137,0.094117647059,0.305882352941,1],"ix":4},"o":{"a":0,"k":100,"ix":5},"r":1,"bm":0,"nm":"Fill 1","mn":"ADBE Vector Graphic - Fill","hd":false},{"ty":"tr","p":{"a":0,"k":[0,0],"ix":2},"a":{"a":0,"k":[0,0],"ix":1},"s":{"a":0,"k":[100,100],"ix":3},"r":{"a":0,"k":0,"ix":6},"o":{"a":0,"k":100,"ix":7},"sk":{"a":0,"k":0,"ix":4},"sa":{"a":0,"k":0,"ix":5},"nm":"Transform"}],"nm":"Path 51","np":3,"cix":2,"bm":0,"ix":1,"mn":"ADBE Vector Group","hd":false}],"ip":0,"op":184,"st":0,"bm":0},{"ddd":0,"ind":21,"ty":4,"nm":"2nd finger fell","parent":19,"sr":1,"ks":{"o":{"a":0,"k":100,"ix":11},"r":{"a":0,"k":0,"ix":10},"p":{"a":0,"k":[135.162,68.151,0],"ix":2},"a":{"a":0,"k":[135.162,68.151,0],"ix":1},"s":{"a":0,"k":[100,100,100],"ix":6}},"ao":0,"shapes":[{"ty":"gr","it":[{"ind":0,"ty":"sh","ix":1,"ks":{"a":0,"k":{"i":[[-43.1,-43.5],[-51.5,9.4],[25.4,27],[44.5,-1.8],[18.4,0]],"o":[[14.4,14.5],[105.2,-19.1],[-17.1,-18.2],[-78.8,3.2],[-40.8,0]],"v":[[20.419,120],[107.119,132],[265.519,12.8],[168.519,11.5],[50.519,0]],"c":true},"ix":2},"nm":"Path 1","mn":"ADBE Vector Shape - Group","hd":false},{"ty":"fl","c":{"a":0,"k":[1,1,1,1],"ix":4},"o":{"a":0,"k":100,"ix":5},"r":1,"bm":0,"nm":"Fill 1","mn":"ADBE Vector Graphic - Fill","hd":false},{"ty":"tr","p":{"a":0,"k":[0,0],"ix":2},"a":{"a":0,"k":[0,0],"ix":1},"s":{"a":0,"k":[100,100],"ix":3},"r":{"a":0,"k":0,"ix":6},"o":{"a":0,"k":100,"ix":7},"sk":{"a":0,"k":0,"ix":4},"sa":{"a":0,"k":0,"ix":5},"nm":"Transform"}],"nm":"Path 50","np":3,"cix":2,"bm":0,"ix":1,"mn":"ADBE Vector Group","hd":false}],"ip":0,"op":184,"st":0,"bm":0},{"ddd":0,"ind":22,"ty":4,"nm":"finger fell","parent":24,"sr":1,"ks":{"o":{"a":0,"k":100,"ix":11},"r":{"a":0,"k":0,"ix":10},"p":{"a":0,"k":[73.579,118.403,0],"ix":2},"a":{"a":0,"k":[73.579,118.403,0],"ix":1},"s":{"a":0,"k":[100,100,100],"ix":6}},"ao":0,"shapes":[{"ty":"gr","it":[{"ind":0,"ty":"sh","ix":1,"ks":{"a":0,"k":{"i":[[-37.9,-30.5],[-26.3,85.4],[19.3,-6.4],[63.2,-56.1]],"o":[[0,0],[36.1,-117.2],[-19.3,6.3],[-23.3,20.7]],"v":[[40.186,234.675],[138.586,169.675],[66.986,0.475],[11.286,129.375]],"c":true},"ix":2},"nm":"Path 1","mn":"ADBE Vector Shape - Group","hd":false},{"ty":"st","c":{"a":0,"k":[0.419607843137,0.094117647059,0.305882352941,1],"ix":3},"o":{"a":0,"k":100,"ix":4},"w":{"a":0,"k":32,"ix":5},"lc":2,"lj":1,"ml":4,"bm":0,"nm":"Stroke 1","mn":"ADBE Vector Graphic - Stroke","hd":false},{"ty":"tr","p":{"a":0,"k":[0,0],"ix":2},"a":{"a":0,"k":[0,0],"ix":1},"s":{"a":0,"k":[100,100],"ix":3},"r":{"a":0,"k":0,"ix":6},"o":{"a":0,"k":100,"ix":7},"sk":{"a":0,"k":0,"ix":4},"sa":{"a":0,"k":0,"ix":5},"nm":"Transform"}],"nm":"Path 49","np":3,"cix":2,"bm":0,"ix":1,"mn":"ADBE Vector Group","hd":false}],"ip":0,"op":184,"st":0,"bm":0},{"ddd":0,"ind":23,"ty":4,"nm":"finger shad","parent":24,"sr":1,"ks":{"o":{"a":0,"k":35,"ix":11},"r":{"a":0,"k":0,"ix":10},"p":{"a":0,"k":[73.588,157.191,0],"ix":2},"a":{"a":0,"k":[73.558,79.616,0],"ix":1},"s":{"a":0,"k":[100,100,100],"ix":6}},"ao":0,"shapes":[{"ty":"gr","it":[{"ind":0,"ty":"sh","ix":1,"ks":{"a":0,"k":{"i":[[-37.9,-30.5],[-26.3,85.4],[7,24.9],[1.3,-4.2],[0,0],[6.5,10.6],[1.2,-1]],"o":[[0,0],[11.2,-36.4],[-1,4],[-26.3,85.4],[-10.3,-8.2],[-1.2,1.1],[-23.4,20.8]],"v":[[40.156,157.1],[138.556,92.1],[141.956,0],[138.556,12.3],[40.156,77.3],[14.856,48.5],[11.356,51.7]],"c":true},"ix":2},"nm":"Path 1","mn":"ADBE Vector Shape - Group","hd":false},{"ty":"fl","c":{"a":0,"k":[0.419607843137,0.094117647059,0.305882352941,1],"ix":4},"o":{"a":0,"k":100,"ix":5},"r":1,"bm":0,"nm":"Fill 1","mn":"ADBE Vector Graphic - Fill","hd":false},{"ty":"tr","p":{"a":0,"k":[0,0],"ix":2},"a":{"a":0,"k":[0,0],"ix":1},"s":{"a":0,"k":[100,100],"ix":3},"r":{"a":0,"k":0,"ix":6},"o":{"a":0,"k":100,"ix":7},"sk":{"a":0,"k":0,"ix":4},"sa":{"a":0,"k":0,"ix":5},"nm":"Transform"}],"nm":"Path 48","np":3,"cix":2,"bm":0,"ix":1,"mn":"ADBE Vector Group","hd":false}],"ip":0,"op":184,"st":0,"bm":0},{"ddd":0,"ind":24,"ty":4,"nm":"finger 1path","parent":28,"sr":1,"ks":{"o":{"a":0,"k":100,"ix":11},"r":{"a":0,"k":0,"ix":10},"p":{"a":0,"k":[668.948,645.257,0],"ix":2},"a":{"a":0,"k":[0,236.807,0],"ix":1},"s":{"a":0,"k":[100,100,100],"ix":6}},"ao":0,"shapes":[{"ty":"gr","it":[{"ind":0,"ty":"sh","ix":1,"ks":{"a":0,"k":{"i":[[-37.9,-30.5],[-26.3,85.4],[19.3,-6.4],[63.2,-56.1]],"o":[[0,0],[36.1,-117.2],[-19.3,6.3],[-23.3,20.7]],"v":[[40.186,234.675],[138.586,169.675],[66.986,0.475],[11.286,129.375]],"c":true},"ix":2},"nm":"Path 1","mn":"ADBE Vector Shape - Group","hd":false},{"ty":"fl","c":{"a":0,"k":[1,1,1,1],"ix":4},"o":{"a":0,"k":100,"ix":5},"r":1,"bm":0,"nm":"Fill 1","mn":"ADBE Vector Graphic - Fill","hd":false},{"ty":"tr","p":{"a":0,"k":[0,0],"ix":2},"a":{"a":0,"k":[0,0],"ix":1},"s":{"a":0,"k":[100,100],"ix":3},"r":{"a":0,"k":0,"ix":6},"o":{"a":0,"k":100,"ix":7},"sk":{"a":0,"k":0,"ix":4},"sa":{"a":0,"k":0,"ix":5},"nm":"Transform"}],"nm":"Path 47","np":3,"cix":2,"bm":0,"ix":1,"mn":"ADBE Vector Group","hd":false}],"ip":0,"op":184,"st":0,"bm":0},{"ddd":0,"ind":25,"ty":4,"nm":"3rd finger path","parent":28,"sr":1,"ks":{"o":{"a":0,"k":100,"ix":11},"r":{"a":0,"k":0,"ix":10},"p":{"a":0,"k":[544.567,513.761,0],"ix":2},"a":{"a":0,"k":[0,133.387,0],"ix":1},"s":{"a":0,"k":[100,100,100],"ix":6}},"ao":0,"shapes":[{"ty":"gr","it":[{"ind":0,"ty":"sh","ix":1,"ks":{"a":0,"k":{"i":[[-7.8,-8],[-8.4,7.9],[-61.3,1],[75,-6.2],[20.8,-18.4],[-12.4,-7.3],[-13.2,-10.3]],"o":[[8,8.3],[21.7,-20.3],[47.5,-0.8],[-52.4,4.3],[-10.8,9.5],[9.2,5.4],[6.9,5.4]],"v":[[68.467,126.851],[98.167,127.751],[226.167,72.951],[116.767,0.351],[7.067,47.051],[10.567,81.051],[44.567,104.351]],"c":true},"ix":2},"nm":"Path 1","mn":"ADBE Vector Shape - Group","hd":false},{"ty":"st","c":{"a":0,"k":[0.419607843137,0.094117647059,0.305882352941,1],"ix":3},"o":{"a":0,"k":100,"ix":4},"w":{"a":0,"k":32,"ix":5},"lc":2,"lj":1,"ml":4,"bm":0,"nm":"Stroke 1","mn":"ADBE Vector Graphic - Stroke","hd":false},{"ty":"tr","p":{"a":0,"k":[0,0],"ix":2},"a":{"a":0,"k":[0,0],"ix":1},"s":{"a":0,"k":[100,100],"ix":3},"r":{"a":0,"k":0,"ix":6},"o":{"a":0,"k":100,"ix":7},"sk":{"a":0,"k":0,"ix":4},"sa":{"a":0,"k":0,"ix":5},"nm":"Transform"}],"nm":"Path 46","np":3,"cix":2,"bm":0,"ix":1,"mn":"ADBE Vector Group","hd":false}],"ip":0,"op":184,"st":0,"bm":0},{"ddd":0,"ind":26,"ty":4,"nm":"3rd finger shd","parent":25,"sr":1,"ks":{"o":{"a":0,"k":35,"ix":11},"r":{"a":0,"k":0,"ix":10},"p":{"a":0,"k":[121.018,80.987,0],"ix":2},"a":{"a":0,"k":[119.214,51.436,0],"ix":1},"s":{"a":0,"k":[100,100,100],"ix":6}},"ao":0,"shapes":[{"ty":"gr","it":[{"ind":0,"ty":"sh","ix":1,"ks":{"a":0,"k":{"i":[[-13.9,-8.4],[-11.9,-9.3],[-7.4,-7.6],[-9.5,8.7],[-59.7,1],[28.3,20],[21.7,-19.7],[9,9.2],[6.5,5.1],[7.2,4.6],[0.4,-0.4]],"o":[[8.7,5.3],[6.5,5.1],[8.9,9.2],[22.4,-20.5],[25.6,-0.4],[-56.8,2.9],[-9.4,8.7],[-7.4,-7.6],[-9,-7],[-0.4,0.3],[-12.3,10.5]],"v":[[11.564,53.1],[42.664,74.7],[65.064,95.7],[98.064,96.6],[224.364,43.4],[209.664,0],[89.164,53],[56.164,52.1],[33.764,31.1],[9.464,13.8],[8.264,14.8]],"c":true},"ix":2},"nm":"Path 1","mn":"ADBE Vector Shape - Group","hd":false},{"ty":"fl","c":{"a":0,"k":[0.419607843137,0.094117647059,0.305882352941,1],"ix":4},"o":{"a":0,"k":100,"ix":5},"r":1,"bm":0,"nm":"Fill 1","mn":"ADBE Vector Graphic - Fill","hd":false},{"ty":"tr","p":{"a":0,"k":[0,0],"ix":2},"a":{"a":0,"k":[0,0],"ix":1},"s":{"a":0,"k":[100,100],"ix":3},"r":{"a":0,"k":0,"ix":6},"o":{"a":0,"k":100,"ix":7},"sk":{"a":0,"k":0,"ix":4},"sa":{"a":0,"k":0,"ix":5},"nm":"Transform"}],"nm":"Path 45","np":3,"cix":2,"bm":0,"ix":1,"mn":"ADBE Vector Group","hd":false}],"ip":0,"op":184,"st":0,"bm":0},{"ddd":0,"ind":27,"ty":4,"nm":"3rd finger fell","parent":25,"sr":1,"ks":{"o":{"a":0,"k":100,"ix":11},"r":{"a":0,"k":0,"ix":10},"p":{"a":0,"k":[121.03,66.211,0],"ix":2},"a":{"a":0,"k":[119.21,66.211,0],"ix":1},"s":{"a":0,"k":[100,100,100],"ix":6}},"ao":0,"shapes":[{"ty":"gr","it":[{"ind":0,"ty":"sh","ix":1,"ks":{"a":0,"k":{"i":[[-7.4,-7.6],[-9.5,8.7],[-59.8,1],[75,-6.2],[21.2,-18],[-13.9,-8.4],[-11.8,-9.3]],"o":[[8.9,9.2],[22.3,-20.4],[47.5,-0.8],[-49.8,4.1],[-12.4,10.5],[8.7,5.3],[6.5,5]],"v":[[65.048,125.251],[98.048,126.151],[224.348,72.951],[114.948,0.351],[8.348,44.351],[11.548,82.751],[42.648,104.351]],"c":true},"ix":2},"nm":"Path 1","mn":"ADBE Vector Shape - Group","hd":false},{"ty":"fl","c":{"a":0,"k":[1,1,1,1],"ix":4},"o":{"a":0,"k":100,"ix":5},"r":1,"bm":0,"nm":"Fill 1","mn":"ADBE Vector Graphic - Fill","hd":false},{"ty":"tr","p":{"a":0,"k":[0,0],"ix":2},"a":{"a":0,"k":[0,0],"ix":1},"s":{"a":0,"k":[100,100],"ix":3},"r":{"a":0,"k":0,"ix":6},"o":{"a":0,"k":100,"ix":7},"sk":{"a":0,"k":0,"ix":4},"sa":{"a":0,"k":0,"ix":5},"nm":"Transform"}],"nm":"Path 44","np":3,"cix":2,"bm":0,"ix":1,"mn":"ADBE Vector Group","hd":false}],"ip":0,"op":184,"st":0,"bm":0},{"ddd":0,"ind":28,"ty":4,"nm":"hand path","parent":67,"sr":1,"ks":{"o":{"a":0,"k":100,"ix":11},"r":{"a":0,"k":0,"ix":10},"p":{"a":0,"k":[965.965,316.088,0],"ix":2},"a":{"a":0,"k":[0,378.812,0],"ix":1},"s":{"a":0,"k":[100,100,100],"ix":6}},"ao":0,"shapes":[{"ty":"gr","it":[{"ind":0,"ty":"sh","ix":1,"ks":{"a":0,"k":{"i":[[-2.2,-0.2],[-36.1,-17.9],[-30.7,-26],[-26,-30.3],[-22.9,-31.6],[-12,-14.9],[-13.6,-12],[-16.1,-5.8],[-18.7,-4.2],[-77.1,-10.6],[0,0],[0,0],[-2,-5.8],[-1.6,-5.7],[-2.1,-11.8],[2.8,-24.4],[13.1,-21.8],[21.2,-12.8],[23.2,-5.6],[0,0],[5.9,-0.8],[11.7,-0.8],[2.9,0],[0,0],[0,0],[5.8,0.4],[0,0],[0,0],[0,0],[0,0],[5.9,1.1],[0,0],[38.9,26.7],[16.9,16.2],[14.6,18],[23.2,39.9],[8,21.7],[2.7,11.3],[0.4,12.1],[-3.1,0.1],[-1,-1.4],[0,0],[-5.5,-9.7],[-5.2,-9.9],[0,0],[-27.8,-34.1],[-15.9,-15],[-17.9,-12.2],[-19.7,-8.6],[-21,-4.4],[0,0],[-5.5,-0.7],[0,0],[0,0],[0,0],[0,0],[-5.4,0.1],[0,0],[0,0],[-2.7,0.1],[-10.7,1.8],[-5.3,0.9],[0,0],[-17.4,10.7],[-10.4,17.1],[-2.2,20.6],[3.6,21.1],[3,10.4],[1.7,5.1],[1.9,4.3],[0,0],[77.6,16.4],[20,7],[15.7,13.8],[12.6,15.7],[11.5,15.9],[24.8,29.4],[13.7,13.3],[6.9,6.6],[7.5,5.7],[33.1,18.7],[34.9,18.7],[0,0],[-1.4,2.7]],"o":[[40,4.2],[36.2,17.7],[30.9,25.9],[25.7,30.5],[11.5,15.8],[11.9,14.8],[13.6,12],[17,5.9],[75.6,16],[0,0],[0,0],[2.6,6.1],[1.9,5.6],[3.3,11.4],[3.9,23.5],[-2.7,24.3],[-13.1,21.8],[-21.3,13],[0,0],[-5.9,0.9],[-11.7,1.9],[-2.9,0.1],[0,0],[0,0],[-5.8,0.1],[0,0],[0,0],[0,0],[0,0],[-5.8,-0.7],[0,0],[-46.7,-9.2],[-19.5,-13.3],[-17,-16.1],[-29.7,-35.9],[-11.5,-20.1],[-4.1,-10.8],[-2.6,-11.3],[-0.1,-3.1],[1.9,-0.1],[0,0],[6.6,9.5],[5.7,9.7],[0,0],[19.9,39.7],[13.9,17.2],[15.8,15.2],[17.8,12.4],[19.7,8.9],[0,0],[5.3,0.9],[0,0],[0,0],[0,0],[0,0],[5.5,0.3],[0,0],[0,0],[2.7,0],[10.9,-0.7],[5.4,-0.7],[0,0],[20.7,-5],[17.5,-10.6],[10.3,-17.1],[2.4,-20.6],[-1.9,-10.6],[-1.5,-5.2],[-1.7,-5],[0,0],[-78,-10.7],[-19.5,-4.5],[-20.8,-7.5],[-15.7,-13.9],[-12.6,-15.7],[-23,-31.8],[-12.5,-14.5],[-6.7,-6.8],[-7.3,-6.1],[-29.7,-23.7],[-33.3,-18.5],[0,0],[-2.6,-1.4],[1,-1.9]],"v":[[5.935,0.025],[120.635,34.725],[221.334,101.125],[305.935,186.525],[377.935,280.725],[412.834,327.025],[450.835,368.025],[495.334,395.625],[550.034,410.125],[780.334,448.325],[789.435,449.525],[792.935,457.725],[799.435,474.925],[804.735,491.925],[812.635,526.725],[815.534,598.825],[792.635,669.525],[739.235,722.025],[671.435,748.225],[653.935,751.925],[636.334,754.325],[601.234,757.225],[592.434,757.625],[583.734,757.625],[566.234,757.524],[548.834,756.824],[531.435,755.824],[522.735,755.324],[514.135,754.425],[496.935,752.625],[479.635,750.524],[462.034,747.524],[331.934,692.125],[277.134,647.925],[229.534,596.725],[152.034,481.525],[122.634,418.825],[112.534,385.625],[107.434,350.725],[112.834,345.025],[117.534,347.325],[117.634,347.525],[135.534,376.525],[151.534,406.025],[181.734,465.425],[254.134,576.425],[298.934,624.625],[349.734,665.625],[406.434,696.925],[467.934,716.025],[483.834,718.725],[500.334,720.725],[516.934,722.525],[525.234,723.425],[533.534,723.925],[550.134,724.925],[566.634,725.525],[583.134,725.625],[591.434,725.625],[599.634,725.225],[632.234,722.525],[648.334,720.325],[664.034,717.025],[722.434,694.625],[765.134,652.925],[783.534,595.325],[780.834,532.125],[773.634,500.625],[768.834,485.225],[763.334,470.625],[775.934,480.025],[542.934,441.425],[484.234,425.725],[429.434,392.025],[387.634,347.025],[351.834,299.525],[281.334,207.125],[242.434,164.925],[221.734,145.225],[199.934,126.925],[105.434,63.625],[2.834,10.125],[2.834,10.125],[0.634,2.725]],"c":true},"ix":2},"nm":"Path 1","mn":"ADBE Vector Shape - Group","hd":false},{"ty":"fl","c":{"a":0,"k":[0.419607843137,0.094117647059,0.305882352941,1],"ix":4},"o":{"a":0,"k":100,"ix":5},"r":1,"bm":0,"nm":"Fill 1","mn":"ADBE Vector Graphic - Fill","hd":false},{"ty":"tr","p":{"a":0,"k":[0,0],"ix":2},"a":{"a":0,"k":[0,0],"ix":1},"s":{"a":0,"k":[100,100],"ix":3},"r":{"a":0,"k":0,"ix":6},"o":{"a":0,"k":100,"ix":7},"sk":{"a":0,"k":0,"ix":4},"sa":{"a":0,"k":0,"ix":5},"nm":"Transform"}],"nm":"Path 43","np":3,"cix":2,"bm":0,"ix":1,"mn":"ADBE Vector Group","hd":false}],"ip":0,"op":184,"st":0,"bm":0},{"ddd":0,"ind":29,"ty":4,"nm":"hand shd","parent":28,"sr":1,"ks":{"o":{"a":0,"k":35,"ix":11},"r":{"a":0,"k":0,"ix":10},"p":{"a":0,"k":[459.227,553.392,0],"ix":2},"a":{"a":0,"k":[341.392,188.466,0],"ix":1},"s":{"a":0,"k":[100,100,100],"ix":6}},"ao":0,"shapes":[{"ty":"gr","it":[{"ind":0,"ty":"sh","ix":1,"ks":{"a":0,"k":{"i":[[13,32.6],[-113.8,-94.4],[-0.8,-0.7],[-2.1,-1.6],[-64.4,-8.4],[0,0],[75.1,12.8],[0,-54.3],[45.8,-9.7],[64.2,50.2],[0.4,0.3]],"o":[[17.5,48.3],[0.8,0.7],[2.1,1.7],[46.6,36.6],[437,56.9],[0,0],[-32.6,63.9],[0,53.4],[-79.7,17],[-0.4,-0.3],[-119.1,-93.6]],"v":[[0,0],[191.8,290.8],[194.3,292.9],[200.6,297.9],[366.8,370.3],[660.2,99.3],[412.5,57.3],[479,200.8],[408.5,283.1],[181.1,230.1],[179.8,229.1]],"c":true},"ix":2},"nm":"Path 1","mn":"ADBE Vector Shape - Group","hd":false},{"ty":"fl","c":{"a":0,"k":[0.419607843137,0.094117647059,0.305882352941,1],"ix":4},"o":{"a":0,"k":100,"ix":5},"r":1,"bm":0,"nm":"Fill 1","mn":"ADBE Vector Graphic - Fill","hd":false},{"ty":"tr","p":{"a":0,"k":[0,0],"ix":2},"a":{"a":0,"k":[0,0],"ix":1},"s":{"a":0,"k":[100,100],"ix":3},"r":{"a":0,"k":0,"ix":6},"o":{"a":0,"k":100,"ix":7},"sk":{"a":0,"k":0,"ix":4},"sa":{"a":0,"k":0,"ix":5},"nm":"Transform"}],"nm":"Path 42","np":3,"cix":2,"bm":0,"ix":1,"mn":"ADBE Vector Group","hd":false}],"ip":0,"op":184,"st":0,"bm":0},{"ddd":0,"ind":30,"ty":4,"nm":"hadn fell","parent":28,"sr":1,"ks":{"o":{"a":0,"k":100,"ix":11},"r":{"a":0,"k":0,"ix":10},"p":{"a":0,"k":[402.477,373.492,0],"ix":2},"a":{"a":0,"k":[398.142,368.366,0],"ix":1},"s":{"a":0,"k":[100,100,100],"ix":6}},"ao":0,"shapes":[{"ty":"gr","it":[{"ind":0,"ty":"sh","ix":1,"ks":{"a":0,"k":{"i":[[50.9,15.5],[0,0],[0,0],[0,0],[-143.8,-113],[-64.4,-8.4],[0,0],[72,24.6],[143.9,116.4],[20.4,12.8],[4.4,2.6]],"o":[[0,0],[0,0],[0,0],[0,0],[46.6,36.6],[437,56.9],[0,0],[-97.8,-33.4],[-17.3,-14],[-4.3,-2.7],[-38,-22.2]],"v":[[0,0],[18,57.3],[52.3,166.4],[108.1,344],[314.1,657.7],[480.3,730.1],[773.7,459.1],[487.3,406.4],[202,105.4],[145.6,65.2],[132.6,57.3]],"c":true},"ix":2},"nm":"Path 1","mn":"ADBE Vector Shape - Group","hd":false},{"ty":"fl","c":{"a":0,"k":[0.925490196078,0.756862745098,0.556862745098,1],"ix":4},"o":{"a":0,"k":100,"ix":5},"r":1,"bm":0,"nm":"Fill 1","mn":"ADBE Vector Graphic - Fill","hd":false},{"ty":"tr","p":{"a":0,"k":[0,0],"ix":2},"a":{"a":0,"k":[0,0],"ix":1},"s":{"a":0,"k":[100,100],"ix":3},"r":{"a":0,"k":0,"ix":6},"o":{"a":0,"k":100,"ix":7},"sk":{"a":0,"k":0,"ix":4},"sa":{"a":0,"k":0,"ix":5},"nm":"Transform"}],"nm":"Path 41","np":3,"cix":2,"bm":0,"ix":1,"mn":"ADBE Vector Group","hd":false}],"ip":0,"op":184,"st":0,"bm":0},{"ddd":0,"ind":31,"ty":4,"nm":"finger path","parent":67,"sr":1,"ks":{"o":{"a":0,"k":100,"ix":11},"r":{"a":0,"k":0,"ix":10},"p":{"a":0,"k":[-300.381,586.552,0],"ix":2},"a":{"a":0,"k":[270.323,68.151,0],"ix":1},"s":{"a":0,"k":[100,100,100],"ix":6}},"ao":0,"shapes":[{"ty":"gr","it":[{"ind":0,"ty":"sh","ix":1,"ks":{"a":0,"k":{"i":[[43.1,-43.5],[51.5,9.4],[-25.4,27],[-44.5,-1.8],[-18.4,0]],"o":[[-14.4,14.5],[-105.2,-19.1],[17.1,-18.2],[78.8,3.2],[40.8,0]],"v":[[249.904,120],[163.204,132],[4.804,12.8],[101.804,11.5],[219.804,0]],"c":true},"ix":2},"nm":"Path 1","mn":"ADBE Vector Shape - Group","hd":false},{"ty":"st","c":{"a":0,"k":[0.419607843137,0.094117647059,0.305882352941,1],"ix":3},"o":{"a":0,"k":100,"ix":4},"w":{"a":0,"k":32,"ix":5},"lc":2,"lj":1,"ml":4,"bm":0,"nm":"Stroke 1","mn":"ADBE Vector Graphic - Stroke","hd":false},{"ty":"tr","p":{"a":0,"k":[0,0],"ix":2},"a":{"a":0,"k":[0,0],"ix":1},"s":{"a":0,"k":[100,100],"ix":3},"r":{"a":0,"k":0,"ix":6},"o":{"a":0,"k":100,"ix":7},"sk":{"a":0,"k":0,"ix":4},"sa":{"a":0,"k":0,"ix":5},"nm":"Transform"}],"nm":"Path 40","np":3,"cix":2,"bm":0,"ix":1,"mn":"ADBE Vector Group","hd":false}],"ip":0,"op":184,"st":0,"bm":0},{"ddd":0,"ind":32,"ty":4,"nm":"finger shd","parent":31,"sr":1,"ks":{"o":{"a":0,"k":35,"ix":11},"r":{"a":0,"k":0,"ix":10},"p":{"a":0,"k":[135.19,75.511,0],"ix":2},"a":{"a":0,"k":[135.124,60.712,0],"ix":1},"s":{"a":0,"k":[100,100,100],"ix":6}},"ao":0,"shapes":[{"ty":"gr","it":[{"ind":0,"ty":"sh","ix":1,"ks":{"a":0,"k":{"i":[[30.4,-30.6],[51.5,9.4],[-19.9,28.5],[-61.5,-11.2],[-14.4,14.5],[0.9,19]],"o":[[-14.4,14.6],[-102.6,-18.6],[27.8,28.1],[51.4,9.4],[15.5,-15.6],[21.1,25.1]],"v":[[249.838,105.1],[163.138,117.1],[3.138,0],[144.938,69],[231.638,57],[251.938,2.4]],"c":true},"ix":2},"nm":"Path 1","mn":"ADBE Vector Shape - Group","hd":false},{"ty":"fl","c":{"a":0,"k":[0.419607843137,0.094117647059,0.305882352941,1],"ix":4},"o":{"a":0,"k":100,"ix":5},"r":1,"bm":0,"nm":"Fill 1","mn":"ADBE Vector Graphic - Fill","hd":false},{"ty":"tr","p":{"a":0,"k":[0,0],"ix":2},"a":{"a":0,"k":[0,0],"ix":1},"s":{"a":0,"k":[100,100],"ix":3},"r":{"a":0,"k":0,"ix":6},"o":{"a":0,"k":100,"ix":7},"sk":{"a":0,"k":0,"ix":4},"sa":{"a":0,"k":0,"ix":5},"nm":"Transform"}],"nm":"Path 39","np":3,"cix":2,"bm":0,"ix":1,"mn":"ADBE Vector Group","hd":false}],"ip":0,"op":184,"st":0,"bm":0},{"ddd":0,"ind":33,"ty":4,"nm":"finger fell","parent":31,"sr":1,"ks":{"o":{"a":0,"k":100,"ix":11},"r":{"a":0,"k":0,"ix":10},"p":{"a":0,"k":[135.162,68.151,0],"ix":2},"a":{"a":0,"k":[135.162,68.151,0],"ix":1},"s":{"a":0,"k":[100,100,100],"ix":6}},"ao":0,"shapes":[{"ty":"gr","it":[{"ind":0,"ty":"sh","ix":1,"ks":{"a":0,"k":{"i":[[43.1,-43.5],[51.5,9.4],[-25.4,27],[-44.5,-1.8],[-18.4,0]],"o":[[-14.4,14.5],[-105.2,-19.1],[17.1,-18.2],[78.8,3.2],[40.8,0]],"v":[[249.904,120],[163.204,132],[4.804,12.8],[101.804,11.5],[219.804,0]],"c":true},"ix":2},"nm":"Path 1","mn":"ADBE Vector Shape - Group","hd":false},{"ty":"fl","c":{"a":0,"k":[1,1,1,1],"ix":4},"o":{"a":0,"k":100,"ix":5},"r":1,"bm":0,"nm":"Fill 1","mn":"ADBE Vector Graphic - Fill","hd":false},{"ty":"tr","p":{"a":0,"k":[0,0],"ix":2},"a":{"a":0,"k":[0,0],"ix":1},"s":{"a":0,"k":[100,100],"ix":3},"r":{"a":0,"k":0,"ix":6},"o":{"a":0,"k":100,"ix":7},"sk":{"a":0,"k":0,"ix":4},"sa":{"a":0,"k":0,"ix":5},"nm":"Transform"}],"nm":"Path 38","np":3,"cix":2,"bm":0,"ix":1,"mn":"ADBE Vector Group","hd":false}],"ip":0,"op":184,"st":0,"bm":0},{"ddd":0,"ind":34,"ty":4,"nm":"2nd finger path","parent":67,"sr":1,"ks":{"o":{"a":0,"k":100,"ix":11},"r":{"a":0,"k":0,"ix":10},"p":{"a":0,"k":[-421.293,582.533,0],"ix":2},"a":{"a":0,"k":[73.579,236.807,0],"ix":1},"s":{"a":0,"k":[100,100,100],"ix":6}},"ao":0,"shapes":[{"ty":"gr","it":[{"ind":0,"ty":"sh","ix":1,"ks":{"a":0,"k":{"i":[[37.9,-30.5],[26.3,85.4],[-19.3,-6.4],[-63.2,-56.1]],"o":[[0,0],[-36.1,-117.2],[19.3,6.4],[23.3,20.7]],"v":[[106.971,234.675],[8.571,169.675],[80.171,0.475],[135.871,129.375]],"c":true},"ix":2},"nm":"Path 1","mn":"ADBE Vector Shape - Group","hd":false},{"ty":"st","c":{"a":0,"k":[0.419607843137,0.094117647059,0.305882352941,1],"ix":3},"o":{"a":0,"k":100,"ix":4},"w":{"a":0,"k":32,"ix":5},"lc":2,"lj":1,"ml":4,"bm":0,"nm":"Stroke 1","mn":"ADBE Vector Graphic - Stroke","hd":false},{"ty":"tr","p":{"a":0,"k":[0,0],"ix":2},"a":{"a":0,"k":[0,0],"ix":1},"s":{"a":0,"k":[100,100],"ix":3},"r":{"a":0,"k":0,"ix":6},"o":{"a":0,"k":100,"ix":7},"sk":{"a":0,"k":0,"ix":4},"sa":{"a":0,"k":0,"ix":5},"nm":"Transform"}],"nm":"Path 37","np":3,"cix":2,"bm":0,"ix":1,"mn":"ADBE Vector Group","hd":false}],"ip":0,"op":184,"st":0,"bm":0},{"ddd":0,"ind":35,"ty":4,"nm":"2nd finger sdh","parent":34,"sr":1,"ks":{"o":{"a":0,"k":35,"ix":11},"r":{"a":0,"k":0,"ix":10},"p":{"a":0,"k":[73.569,157.191,0],"ix":2},"a":{"a":0,"k":[73.558,79.616,0],"ix":1},"s":{"a":0,"k":[100,100,100],"ix":6}},"ao":0,"shapes":[{"ty":"gr","it":[{"ind":0,"ty":"sh","ix":1,"ks":{"a":0,"k":{"i":[[37.9,-30.5],[26.3,85.4],[-7,24.9],[-1.3,-4.2],[0,0],[-6.5,10.6],[-1.2,-1]],"o":[[0,0],[-11.2,-36.4],[1,4],[26.3,85.4],[10.3,-8.2],[1.2,1.1],[23.4,20.8]],"v":[[106.96,157.1],[8.56,92.1],[5.16,0],[8.56,12.3],[106.96,77.3],[132.26,48.5],[135.76,51.7]],"c":true},"ix":2},"nm":"Path 1","mn":"ADBE Vector Shape - Group","hd":false},{"ty":"fl","c":{"a":0,"k":[0.419607843137,0.094117647059,0.305882352941,1],"ix":4},"o":{"a":0,"k":100,"ix":5},"r":1,"bm":0,"nm":"Fill 1","mn":"ADBE Vector Graphic - Fill","hd":false},{"ty":"tr","p":{"a":0,"k":[0,0],"ix":2},"a":{"a":0,"k":[0,0],"ix":1},"s":{"a":0,"k":[100,100],"ix":3},"r":{"a":0,"k":0,"ix":6},"o":{"a":0,"k":100,"ix":7},"sk":{"a":0,"k":0,"ix":4},"sa":{"a":0,"k":0,"ix":5},"nm":"Transform"}],"nm":"Path 36","np":3,"cix":2,"bm":0,"ix":1,"mn":"ADBE Vector Group","hd":false}],"ip":0,"op":184,"st":0,"bm":0},{"ddd":0,"ind":36,"ty":4,"nm":"2nd finger fell","parent":34,"sr":1,"ks":{"o":{"a":0,"k":100,"ix":11},"r":{"a":0,"k":0,"ix":10},"p":{"a":0,"k":[73.579,118.403,0],"ix":2},"a":{"a":0,"k":[73.579,118.403,0],"ix":1},"s":{"a":0,"k":[100,100,100],"ix":6}},"ao":0,"shapes":[{"ty":"gr","it":[{"ind":0,"ty":"sh","ix":1,"ks":{"a":0,"k":{"i":[[37.9,-30.5],[26.3,85.4],[-19.3,-6.4],[-63.2,-56.1]],"o":[[0,0],[-36.1,-117.2],[19.3,6.4],[23.3,20.7]],"v":[[106.971,234.675],[8.571,169.675],[80.171,0.475],[135.871,129.375]],"c":true},"ix":2},"nm":"Path 1","mn":"ADBE Vector Shape - Group","hd":false},{"ty":"fl","c":{"a":0,"k":[1,1,1,1],"ix":4},"o":{"a":0,"k":100,"ix":5},"r":1,"bm":0,"nm":"Fill 1","mn":"ADBE Vector Graphic - Fill","hd":false},{"ty":"tr","p":{"a":0,"k":[0,0],"ix":2},"a":{"a":0,"k":[0,0],"ix":1},"s":{"a":0,"k":[100,100],"ix":3},"r":{"a":0,"k":0,"ix":6},"o":{"a":0,"k":100,"ix":7},"sk":{"a":0,"k":0,"ix":4},"sa":{"a":0,"k":0,"ix":5},"nm":"Transform"}],"nm":"Path 35","np":3,"cix":2,"bm":0,"ix":1,"mn":"ADBE Vector Group","hd":false}],"ip":0,"op":184,"st":0,"bm":0},{"ddd":0,"ind":37,"ty":4,"nm":"3rd finger path","parent":67,"sr":1,"ks":{"o":{"a":0,"k":100,"ix":11},"r":{"a":0,"k":0,"ix":10},"p":{"a":0,"k":[-223.333,451.037,0],"ix":2},"a":{"a":0,"k":[240.24,133.387,0],"ix":1},"s":{"a":0,"k":[100,100,100],"ix":6}},"ao":0,"shapes":[{"ty":"gr","it":[{"ind":0,"ty":"sh","ix":1,"ks":{"a":0,"k":{"i":[[7.8,-8],[8.4,7.9],[61.3,1],[-75,-6.2],[-20.8,-18.4],[12.4,-7.3],[13.2,-10.3]],"o":[[-8,8.3],[-21.7,-20.3],[-47.5,-0.8],[52.4,4.3],[10.8,9.5],[-9.2,5.4],[-6.9,5.4]],"v":[[171.773,126.851],[142.073,127.751],[14.073,72.951],[123.473,0.351],[233.173,47.051],[229.673,81.051],[195.673,104.351]],"c":true},"ix":2},"nm":"Path 1","mn":"ADBE Vector Shape - Group","hd":false},{"ty":"st","c":{"a":0,"k":[0.419607843137,0.094117647059,0.305882352941,1],"ix":3},"o":{"a":0,"k":100,"ix":4},"w":{"a":0,"k":32,"ix":5},"lc":2,"lj":1,"ml":4,"bm":0,"nm":"Stroke 1","mn":"ADBE Vector Graphic - Stroke","hd":false},{"ty":"tr","p":{"a":0,"k":[0,0],"ix":2},"a":{"a":0,"k":[0,0],"ix":1},"s":{"a":0,"k":[100,100],"ix":3},"r":{"a":0,"k":0,"ix":6},"o":{"a":0,"k":100,"ix":7},"sk":{"a":0,"k":0,"ix":4},"sa":{"a":0,"k":0,"ix":5},"nm":"Transform"}],"nm":"Path 34","np":3,"cix":2,"bm":0,"ix":1,"mn":"ADBE Vector Group","hd":false}],"ip":0,"op":184,"st":0,"bm":0},{"ddd":0,"ind":38,"ty":4,"nm":"3rd finger sdh","parent":37,"sr":1,"ks":{"o":{"a":0,"k":35,"ix":11},"r":{"a":0,"k":0,"ix":10},"p":{"a":0,"k":[119.223,80.987,0],"ix":2},"a":{"a":0,"k":[119.215,51.436,0],"ix":1},"s":{"a":0,"k":[100,100,100],"ix":6}},"ao":0,"shapes":[{"ty":"gr","it":[{"ind":0,"ty":"sh","ix":1,"ks":{"a":0,"k":{"i":[[13.9,-8.4],[11.9,-9.3],[7.4,-7.6],[9.5,8.7],[59.7,1],[-28.3,20],[-21.7,-19.7],[-9,9.2],[-6.5,5.1],[-7.2,4.6],[-0.4,-0.4]],"o":[[-8.7,5.3],[-6.5,5.1],[-8.9,9.2],[-22.4,-20.5],[-25.6,-0.4],[56.8,2.9],[9.4,8.7],[7.4,-7.6],[9,-7],[0.4,0.3],[12.3,10.5]],"v":[[226.865,53.1],[195.765,74.7],[173.365,95.7],[140.365,96.6],[14.065,43.4],[28.765,0],[149.265,53],[182.265,52.1],[204.665,31.1],[228.965,13.8],[230.165,14.8]],"c":true},"ix":2},"nm":"Path 1","mn":"ADBE Vector Shape - Group","hd":false},{"ty":"fl","c":{"a":0,"k":[0.419607843137,0.094117647059,0.305882352941,1],"ix":4},"o":{"a":0,"k":100,"ix":5},"r":1,"bm":0,"nm":"Fill 1","mn":"ADBE Vector Graphic - Fill","hd":false},{"ty":"tr","p":{"a":0,"k":[0,0],"ix":2},"a":{"a":0,"k":[0,0],"ix":1},"s":{"a":0,"k":[100,100],"ix":3},"r":{"a":0,"k":0,"ix":6},"o":{"a":0,"k":100,"ix":7},"sk":{"a":0,"k":0,"ix":4},"sa":{"a":0,"k":0,"ix":5},"nm":"Transform"}],"nm":"Path 33","np":3,"cix":2,"bm":0,"ix":1,"mn":"ADBE Vector Group","hd":false}],"ip":0,"op":184,"st":0,"bm":0},{"ddd":0,"ind":39,"ty":4,"nm":"3rd finger fell","parent":37,"sr":1,"ks":{"o":{"a":0,"k":100,"ix":11},"r":{"a":0,"k":0,"ix":10},"p":{"a":0,"k":[119.21,66.211,0],"ix":2},"a":{"a":0,"k":[119.21,66.211,0],"ix":1},"s":{"a":0,"k":[100,100,100],"ix":6}},"ao":0,"shapes":[{"ty":"gr","it":[{"ind":0,"ty":"sh","ix":1,"ks":{"a":0,"k":{"i":[[7.4,-7.6],[9.5,8.7],[59.8,1],[-75,-6.2],[-21.2,-18],[13.9,-8.4],[11.8,-9.3]],"o":[[-8.9,9.2],[-22.3,-20.4],[-47.5,-0.8],[49.8,4.1],[12.4,10.5],[-8.7,5.3],[-6.5,5]],"v":[[173.373,125.251],[140.373,126.151],[14.073,72.951],[123.473,0.351],[230.073,44.351],[226.873,82.751],[195.773,104.351]],"c":true},"ix":2},"nm":"Path 1","mn":"ADBE Vector Shape - Group","hd":false},{"ty":"fl","c":{"a":0,"k":[1,1,1,1],"ix":4},"o":{"a":0,"k":100,"ix":5},"r":1,"bm":0,"nm":"Fill 1","mn":"ADBE Vector Graphic - Fill","hd":false},{"ty":"tr","p":{"a":0,"k":[0,0],"ix":2},"a":{"a":0,"k":[0,0],"ix":1},"s":{"a":0,"k":[100,100],"ix":3},"r":{"a":0,"k":0,"ix":6},"o":{"a":0,"k":100,"ix":7},"sk":{"a":0,"k":0,"ix":4},"sa":{"a":0,"k":0,"ix":5},"nm":"Transform"}],"nm":"Path 32","np":3,"cix":2,"bm":0,"ix":1,"mn":"ADBE Vector Group","hd":false}],"ip":0,"op":184,"st":0,"bm":0},{"ddd":0,"ind":40,"ty":4,"nm":"L hand path","parent":42,"sr":1,"ks":{"o":{"a":0,"k":100,"ix":11},"r":{"a":0,"k":0,"ix":10},"p":{"a":0,"k":[392.308,373.686,0],"ix":2},"a":{"a":0,"k":[408.483,378.813,0],"ix":1},"s":{"a":0,"k":[100,100,100],"ix":6}},"ao":0,"shapes":[{"ty":"gr","it":[{"ind":0,"ty":"sh","ix":1,"ks":{"a":0,"k":{"i":[[0,0],[33.3,-18.5],[29.7,-23.7],[7.3,-6.1],[6.6,-6.9],[12.5,-14.6],[23,-31.8],[12.6,-15.7],[15.8,-14],[20.8,-7.5],[19.5,-4.5],[78,-10.7],[0,0],[1.7,-4.9],[1.5,-5.2],[1.9,-10.6],[-2.4,-20.6],[-10.2,-17.1],[-17.5,-10.6],[-20.6,-5],[0,0],[-5.4,-0.8],[-10.9,-0.8],[-2.8,0],[0,0],[0,0],[-5.5,0.3],[0,0],[0,0],[0,0],[0,0],[-5.3,1],[0,0],[-19.7,8.9],[-17.8,12.4],[-15.8,15.1],[-13.8,17.1],[-19.9,39.7],[0,0],[-5.7,9.7],[-6.6,9.4],[0,0],[-2.5,-1.7],[0,-1.8],[2.7,-11.4],[4.1,-10.8],[11.5,-20.1],[29.7,-35.9],[17,-16],[19.5,-13.3],[46.8,-9.2],[0,0],[5.8,-0.7],[0,0],[0,0],[0,0],[0,0],[5.8,0.1],[0,0],[0,0],[3,0.1],[11.7,1.9],[5.9,1],[0,0],[21.3,13],[13.1,21.8],[2.7,24.3],[-3.9,23.5],[-3.3,11.4],[-1.9,5.6],[-2.7,6.2],[0,0],[0,0],[-75.6,16.1],[-17,5.9],[-13.6,12],[-11.9,14.8],[-11.5,15.8],[-25.8,30.5],[-30.9,25.9],[-36.2,17.6],[-40,4.2],[-0.3,-2.9],[1.9,-1]],"o":[[-34.9,18.7],[-33.1,18.7],[-7.5,5.8],[-6.9,6.6],[-13.7,13.3],[-24.8,29.4],[-11.5,15.9],[-12.6,15.6],[-15.7,13.9],[-20,7],[-77.6,16.4],[0,0],[-1.8,4.3],[-1.7,5.1],[-3,10.4],[-3.6,21.1],[2.3,20.6],[10.3,17.1],[17.5,10.8],[0,0],[5.3,0.9],[10.7,1.7],[2.7,0.1],[0,0],[0,0],[5.5,0.1],[0,0],[0,0],[0,0],[0,0],[5.5,-0.7],[0,0],[21,-4.5],[19.8,-8.6],[17.9,-12.2],[15.9,-15],[27.9,-34.1],[0,0],[5.2,-9.9],[5.6,-9.8],[0,0],[1.7,-2.5],[1.6,1.1],[-0.4,12.1],[-2.6,11.3],[-8,21.7],[-23.2,40],[-14.6,18.1],[-16.9,16.2],[-38.8,26.7],[0,0],[-5.9,1],[0,0],[0,0],[0,0],[0,0],[-5.8,0.3],[0,0],[0,0],[-2.9,0],[-11.7,-0.8],[-5.9,-0.8],[0,0],[-23.2,-5.6],[-21.2,-12.9],[-13.1,-21.8],[-2.8,-24.4],[2.1,-11.7],[1.6,-5.7],[2,-5.7],[0,0],[0,0],[77.1,-10.6],[18.7,-4.2],[16.1,-5.8],[13.6,-12],[11.9,-14.9],[22.9,-31.6],[25.9,-30.3],[30.7,-26.1],[36.1,-17.8],[3,-0.3],[0.1,2.3],[0,0]],"v":[[813.959,10.228],[711.359,63.728],[616.859,127.028],[595.059,145.328],[574.359,165.028],[535.459,207.228],[464.959,299.627],[429.159,347.127],[387.359,392.127],[332.559,425.827],[273.859,441.527],[40.859,480.127],[53.459,470.728],[47.959,485.328],[43.159,500.728],[35.959,532.228],[33.259,595.427],[51.659,653.028],[94.359,694.728],[152.759,717.127],[168.459,720.427],[184.559,722.627],[217.159,725.327],[225.359,725.727],[233.659,725.727],[250.159,725.627],[266.659,725.027],[283.259,724.027],[291.559,723.527],[299.859,722.627],[316.459,720.827],[332.959,718.827],[348.859,716.127],[410.359,697.027],[467.059,665.727],[517.859,624.727],[562.659,576.527],[635.059,465.527],[665.259,406.127],[681.259,376.627],[699.259,347.627],[699.359,347.427],[707.059,346.027],[709.459,350.727],[704.359,385.627],[694.259,418.827],[664.859,481.527],[587.359,596.727],[539.759,647.927],[484.959,692.127],[354.859,747.527],[337.259,750.527],[319.959,752.627],[302.759,754.427],[294.159,755.327],[285.459,755.827],[268.059,756.827],[250.659,757.527],[233.159,757.627],[224.459,757.627],[215.659,757.227],[180.559,754.327],[162.959,751.927],[145.459,748.227],[77.659,722.027],[24.259,669.527],[1.359,598.827],[4.259,526.727],[12.159,491.927],[17.459,474.927],[23.959,457.727],[27.459,449.527],[36.559,448.327],[266.859,410.127],[321.559,395.627],[366.059,368.027],[404.059,327.027],[438.959,280.727],[510.959,186.527],[595.559,101.127],[696.259,34.727],[810.959,0.027],[816.959,4.828],[813.959,10.228]],"c":true},"ix":2},"nm":"Path 1","mn":"ADBE Vector Shape - Group","hd":false},{"ty":"fl","c":{"a":0,"k":[0.419607843137,0.094117647059,0.305882352941,1],"ix":4},"o":{"a":0,"k":100,"ix":5},"r":1,"bm":0,"nm":"Fill 1","mn":"ADBE Vector Graphic - Fill","hd":false},{"ty":"tr","p":{"a":0,"k":[0,0],"ix":2},"a":{"a":0,"k":[0,0],"ix":1},"s":{"a":0,"k":[100,100],"ix":3},"r":{"a":0,"k":0,"ix":6},"o":{"a":0,"k":100,"ix":7},"sk":{"a":0,"k":0,"ix":4},"sa":{"a":0,"k":0,"ix":5},"nm":"Transform"}],"nm":"Path 31","np":3,"cix":2,"bm":0,"ix":1,"mn":"ADBE Vector Group","hd":false}],"ip":0,"op":184,"st":0,"bm":0},{"ddd":0,"ind":41,"ty":4,"nm":"L hand sdh","parent":42,"sr":1,"ks":{"o":{"a":0,"k":35,"ix":11},"r":{"a":0,"k":0,"ix":10},"p":{"a":0,"k":[341.392,548.266,0],"ix":2},"a":{"a":0,"k":[341.392,188.466,0],"ix":1},"s":{"a":0,"k":[100,100,100],"ix":6}},"ao":0,"shapes":[{"ty":"gr","it":[{"ind":0,"ty":"sh","ix":1,"ks":{"a":0,"k":{"i":[[-13,32.6],[113.8,-94.4],[0.8,-0.7],[2.1,-1.6],[64.4,-8.4],[0,0],[-75.1,12.8],[0,-54.3],[-45.8,-9.7],[-64.2,50.2],[-0.4,0.3]],"o":[[-17.5,48.3],[-0.8,0.7],[-2.1,1.7],[-46.6,36.6],[-437,56.9],[0,0],[32.6,63.9],[0,53.4],[79.7,17],[0.4,-0.3],[119.1,-93.6]],"v":[[682.784,0],[490.984,290.8],[488.484,292.9],[482.184,297.9],[315.984,370.3],[22.584,99.3],[270.284,57.3],[203.784,200.8],[274.284,283.1],[501.684,230.1],[502.984,229.1]],"c":true},"ix":2},"nm":"Path 1","mn":"ADBE Vector Shape - Group","hd":false},{"ty":"fl","c":{"a":0,"k":[0.419607843137,0.094117647059,0.305882352941,1],"ix":4},"o":{"a":0,"k":100,"ix":5},"r":1,"bm":0,"nm":"Fill 1","mn":"ADBE Vector Graphic - Fill","hd":false},{"ty":"tr","p":{"a":0,"k":[0,0],"ix":2},"a":{"a":0,"k":[0,0],"ix":1},"s":{"a":0,"k":[100,100],"ix":3},"r":{"a":0,"k":0,"ix":6},"o":{"a":0,"k":100,"ix":7},"sk":{"a":0,"k":0,"ix":4},"sa":{"a":0,"k":0,"ix":5},"nm":"Transform"}],"nm":"Path 30","np":3,"cix":2,"bm":0,"ix":1,"mn":"ADBE Vector Group","hd":false}],"ip":0,"op":184,"st":0,"bm":0},{"ddd":0,"ind":42,"ty":4,"nm":"L hand fell","parent":67,"sr":1,"ks":{"o":{"a":0,"k":100,"ix":11},"r":{"a":0,"k":0,"ix":10},"p":{"a":0,"k":[316.9,310.767,0],"ix":2},"a":{"a":0,"k":[796.284,368.366,0],"ix":1},"s":{"a":0,"k":[100,100,100],"ix":6}},"ao":0,"shapes":[{"ty":"gr","it":[{"ind":0,"ty":"sh","ix":1,"ks":{"a":0,"k":{"i":[[-50.9,15.5],[0,0],[0,0],[0,0],[143.8,-113],[64.4,-8.4],[0,0],[-72,24.6],[-143.9,116.4],[-20.4,12.8],[-4.4,2.6]],"o":[[0,0],[0,0],[0,0],[0,0],[-46.6,36.6],[-437,56.9],[0,0],[97.8,-33.4],[17.3,-14],[4.3,-2.7],[38,-22.2]],"v":[[796.284,0],[778.284,57.3],[743.984,166.4],[688.184,344],[482.184,657.7],[315.984,730.1],[22.584,459.1],[308.984,406.4],[594.284,105.4],[650.684,65.2],[663.684,57.3]],"c":true},"ix":2},"nm":"Path 1","mn":"ADBE Vector Shape - Group","hd":false},{"ty":"fl","c":{"a":0,"k":[0.925490196078,0.756862745098,0.556862745098,1],"ix":4},"o":{"a":0,"k":100,"ix":5},"r":1,"bm":0,"nm":"Fill 1","mn":"ADBE Vector Graphic - Fill","hd":false},{"ty":"tr","p":{"a":0,"k":[0,0],"ix":2},"a":{"a":0,"k":[0,0],"ix":1},"s":{"a":0,"k":[100,100],"ix":3},"r":{"a":0,"k":0,"ix":6},"o":{"a":0,"k":100,"ix":7},"sk":{"a":0,"k":0,"ix":4},"sa":{"a":0,"k":0,"ix":5},"nm":"Transform"}],"nm":"Path 27","np":3,"cix":2,"bm":0,"ix":1,"mn":"ADBE Vector Group","hd":false}],"ip":0,"op":184,"st":0,"bm":0},{"ddd":0,"ind":43,"ty":4,"nm":"R leg","parent":67,"sr":1,"ks":{"o":{"a":0,"k":100,"ix":11},"r":{"a":1,"k":[{"i":{"x":[0.667],"y":[1]},"o":{"x":[0.333],"y":[0]},"t":0,"s":[-4]},{"i":{"x":[0.667],"y":[1]},"o":{"x":[0.333],"y":[0]},"t":90,"s":[0]},{"t":180,"s":[-4]}],"ix":10},"p":{"a":0,"k":[1457.474,606.444,0],"ix":2},"a":{"a":0,"k":[805.085,0,0],"ix":1},"s":{"a":0,"k":[100,100,100],"ix":6}},"ao":0,"shapes":[{"ty":"gr","it":[{"ind":0,"ty":"sh","ix":1,"ks":{"a":0,"k":{"i":[[-78.2,-50.9],[-138.8,138.6],[171.6,-17],[389.6,-120.8]],"o":[[134.8,87.7],[231.6,-231.2],[-166.4,16.5],[-173,53.7]],"v":[[77.41,492.257],[691.41,427.357],[584.71,0.957],[111.51,165.357]],"c":true},"ix":2},"nm":"Path 1","mn":"ADBE Vector Shape - Group","hd":false},{"ty":"st","c":{"a":0,"k":[0.419607843137,0.094117647059,0.305882352941,1],"ix":3},"o":{"a":0,"k":100,"ix":4},"w":{"a":0,"k":32,"ix":5},"lc":2,"lj":1,"ml":4,"bm":0,"nm":"Stroke 1","mn":"ADBE Vector Graphic - Stroke","hd":false},{"ty":"tr","p":{"a":0,"k":[0,0],"ix":2},"a":{"a":0,"k":[0,0],"ix":1},"s":{"a":0,"k":[100,100],"ix":3},"r":{"a":0,"k":0,"ix":6},"o":{"a":0,"k":100,"ix":7},"sk":{"a":0,"k":0,"ix":4},"sa":{"a":0,"k":0,"ix":5},"nm":"Transform"}],"nm":"Path 26","np":3,"cix":2,"bm":0,"ix":1,"mn":"ADBE Vector Group","hd":false}],"ip":0,"op":184,"st":0,"bm":0},{"ddd":0,"ind":44,"ty":4,"nm":"Path 25","parent":43,"sr":1,"ks":{"o":{"a":0,"k":35,"ix":11},"r":{"a":0,"k":0,"ix":10},"p":{"a":0,"k":[402.462,345.46,0],"ix":2},"a":{"a":0,"k":[402.552,201.804,0],"ix":1},"s":{"a":0,"k":[100,100,100],"ix":6}},"ao":0,"shapes":[{"ty":"gr","it":[{"ind":0,"ty":"sh","ix":1,"ks":{"a":0,"k":{"i":[[105.3,-105.1],[134.9,87.7],[-26.2,85.2],[-29.7,-19.3],[-138.8,138.5],[-13.8,52.9]],"o":[[-138.8,138.6],[-51.8,-33.7],[12.8,50],[134.8,87.7],[58.9,-58.8],[22.4,77.5]],"v":[[691.4,283.7],[77.4,348.6],[7.8,121],[77.4,234.2],[691.4,169.3],[797.3,0]],"c":true},"ix":2},"nm":"Path 1","mn":"ADBE Vector Shape - Group","hd":false},{"ty":"fl","c":{"a":0,"k":[0.419607843137,0.094117647059,0.305882352941,1],"ix":4},"o":{"a":0,"k":100,"ix":5},"r":1,"bm":0,"nm":"Fill 1","mn":"ADBE Vector Graphic - Fill","hd":false},{"ty":"tr","p":{"a":0,"k":[0,0],"ix":2},"a":{"a":0,"k":[0,0],"ix":1},"s":{"a":0,"k":[100,100],"ix":3},"r":{"a":0,"k":0,"ix":6},"o":{"a":0,"k":100,"ix":7},"sk":{"a":0,"k":0,"ix":4},"sa":{"a":0,"k":0,"ix":5},"nm":"Transform"}],"nm":"Path 25","np":3,"cix":2,"bm":0,"ix":1,"mn":"ADBE Vector Group","hd":false}],"ip":0,"op":184,"st":0,"bm":0},{"ddd":0,"ind":45,"ty":4,"nm":"Path 24","parent":43,"sr":1,"ks":{"o":{"a":0,"k":100,"ix":11},"r":{"a":0,"k":0,"ix":10},"p":{"a":0,"k":[402.542,273.632,0],"ix":2},"a":{"a":0,"k":[402.542,273.632,0],"ix":1},"s":{"a":0,"k":[100,100,100],"ix":6}},"ao":0,"shapes":[{"ty":"gr","it":[{"ind":0,"ty":"sh","ix":1,"ks":{"a":0,"k":{"i":[[-78.2,-50.9],[-138.8,138.6],[171.6,-17],[389.6,-120.8]],"o":[[134.8,87.7],[231.6,-231.2],[-166.4,16.5],[-173,53.7]],"v":[[77.41,492.257],[691.41,427.357],[584.71,0.957],[111.51,165.357]],"c":true},"ix":2},"nm":"Path 1","mn":"ADBE Vector Shape - Group","hd":false},{"ty":"fl","c":{"a":0,"k":[0.925490196078,0.756862745098,0.556862745098,1],"ix":4},"o":{"a":0,"k":100,"ix":5},"r":1,"bm":0,"nm":"Fill 1","mn":"ADBE Vector Graphic - Fill","hd":false},{"ty":"tr","p":{"a":0,"k":[0,0],"ix":2},"a":{"a":0,"k":[0,0],"ix":1},"s":{"a":0,"k":[100,100],"ix":3},"r":{"a":0,"k":0,"ix":6},"o":{"a":0,"k":100,"ix":7},"sk":{"a":0,"k":0,"ix":4},"sa":{"a":0,"k":0,"ix":5},"nm":"Transform"}],"nm":"Path 24","np":3,"cix":2,"bm":0,"ix":1,"mn":"ADBE Vector Group","hd":false}],"ip":0,"op":184,"st":0,"bm":0},{"ddd":0,"ind":46,"ty":4,"nm":"Path 23","parent":43,"sr":1,"ks":{"o":{"a":0,"k":100,"ix":11},"r":{"a":0,"k":0,"ix":10},"p":{"a":0,"k":[17.437,255.276,0],"ix":2},"a":{"a":0,"k":[149.619,68.381,0],"ix":1},"s":{"a":0,"k":[100,100,100],"ix":6}},"ao":0,"shapes":[{"ty":"gr","it":[{"ind":0,"ty":"sh","ix":1,"ks":{"a":0,"k":{"i":[[30.5,20.5],[38.7,-9.5],[6.2,-10.4],[-104.5,38.6]],"o":[[-20.7,-13.9],[-69.6,17],[-17.4,29.4],[82.5,-30.4]],"v":[[226.592,5.462],[146.792,16.962],[1.192,55.462],[265.492,126.462]],"c":true},"ix":2},"nm":"Path 1","mn":"ADBE Vector Shape - Group","hd":false},{"ty":"st","c":{"a":0,"k":[0.419607843137,0.094117647059,0.305882352941,1],"ix":3},"o":{"a":0,"k":100,"ix":4},"w":{"a":0,"k":32,"ix":5},"lc":2,"lj":1,"ml":4,"bm":0,"nm":"Stroke 1","mn":"ADBE Vector Graphic - Stroke","hd":false},{"ty":"tr","p":{"a":0,"k":[0,0],"ix":2},"a":{"a":0,"k":[0,0],"ix":1},"s":{"a":0,"k":[100,100],"ix":3},"r":{"a":0,"k":0,"ix":6},"o":{"a":0,"k":100,"ix":7},"sk":{"a":0,"k":0,"ix":4},"sa":{"a":0,"k":0,"ix":5},"nm":"Transform"}],"nm":"Path 23","np":3,"cix":2,"bm":0,"ix":1,"mn":"ADBE Vector Group","hd":false}],"ip":0,"op":184,"st":0,"bm":0},{"ddd":0,"ind":47,"ty":4,"nm":"Path 22","parent":43,"sr":1,"ks":{"o":{"a":0,"k":100,"ix":11},"r":{"a":0,"k":0,"ix":10},"p":{"a":0,"k":[17.437,255.276,0],"ix":2},"a":{"a":0,"k":[149.619,68.381,0],"ix":1},"s":{"a":0,"k":[100,100,100],"ix":6}},"ao":0,"shapes":[{"ty":"gr","it":[{"ind":0,"ty":"sh","ix":1,"ks":{"a":0,"k":{"i":[[30.5,20.5],[38.7,-9.5],[6.2,-10.4],[-104.5,38.6]],"o":[[-20.7,-13.9],[-69.6,17],[-17.4,29.4],[82.5,-30.4]],"v":[[226.592,5.462],[146.792,16.962],[1.192,55.462],[265.492,126.462]],"c":true},"ix":2},"nm":"Path 1","mn":"ADBE Vector Shape - Group","hd":false},{"ty":"fl","c":{"a":0,"k":[1,1,1,1],"ix":4},"o":{"a":0,"k":100,"ix":5},"r":1,"bm":0,"nm":"Fill 1","mn":"ADBE Vector Graphic - Fill","hd":false},{"ty":"tr","p":{"a":0,"k":[0,0],"ix":2},"a":{"a":0,"k":[0,0],"ix":1},"s":{"a":0,"k":[100,100],"ix":3},"r":{"a":0,"k":0,"ix":6},"o":{"a":0,"k":100,"ix":7},"sk":{"a":0,"k":0,"ix":4},"sa":{"a":0,"k":0,"ix":5},"nm":"Transform"}],"nm":"Path 22","np":3,"cix":2,"bm":0,"ix":1,"mn":"ADBE Vector Group","hd":false}],"ip":0,"op":184,"st":0,"bm":0},{"ddd":0,"ind":48,"ty":4,"nm":"Path 21","parent":43,"sr":1,"ks":{"o":{"a":0,"k":100,"ix":11},"r":{"a":0,"k":0,"ix":10},"p":{"a":0,"k":[-4.136,355.168,0],"ix":2},"a":{"a":0,"k":[149.945,68.498,0],"ix":1},"s":{"a":0,"k":[100,100,100],"ix":6}},"ao":0,"shapes":[{"ty":"gr","it":[{"ind":0,"ty":"sh","ix":1,"ks":{"a":0,"k":{"i":[[31,19.9],[38.6,-10.3],[5.9,-10.5],[-103.7,40.9]],"o":[[-21.1,-13.5],[-69.2,18.6],[-16.7,29.8],[81.7,-32.2]],"v":[[225.291,5.087],[145.691,18.387],[1.091,60.187],[266.991,125.187]],"c":true},"ix":2},"nm":"Path 1","mn":"ADBE Vector Shape - Group","hd":false},{"ty":"st","c":{"a":0,"k":[0.419607843137,0.094117647059,0.305882352941,1],"ix":3},"o":{"a":0,"k":100,"ix":4},"w":{"a":0,"k":32,"ix":5},"lc":2,"lj":1,"ml":4,"bm":0,"nm":"Stroke 1","mn":"ADBE Vector Graphic - Stroke","hd":false},{"ty":"tr","p":{"a":0,"k":[0,0],"ix":2},"a":{"a":0,"k":[0,0],"ix":1},"s":{"a":0,"k":[100,100],"ix":3},"r":{"a":0,"k":0,"ix":6},"o":{"a":0,"k":100,"ix":7},"sk":{"a":0,"k":0,"ix":4},"sa":{"a":0,"k":0,"ix":5},"nm":"Transform"}],"nm":"Path 21","np":3,"cix":2,"bm":0,"ix":1,"mn":"ADBE Vector Group","hd":false}],"ip":0,"op":184,"st":0,"bm":0},{"ddd":0,"ind":49,"ty":4,"nm":"Path 20","parent":43,"sr":1,"ks":{"o":{"a":0,"k":100,"ix":11},"r":{"a":0,"k":0,"ix":10},"p":{"a":0,"k":[-20.586,364.361,0],"ix":2},"a":{"a":0,"k":[133.496,59.305,0],"ix":1},"s":{"a":0,"k":[100,100,100],"ix":6}},"ao":0,"shapes":[{"ty":"gr","it":[{"ind":0,"ty":"sh","ix":1,"ks":{"a":0,"k":{"i":[[0,0],[5.9,-10.5],[-103.7,40.9]],"o":[[-69.2,18.6],[-16.7,29.8],[0,0]],"v":[[145.691,0],[1.091,41.8],[266.991,106.8]],"c":false},"ix":2},"nm":"Path 1","mn":"ADBE Vector Shape - Group","hd":false},{"ty":"fl","c":{"a":0,"k":[1,1,1,1],"ix":4},"o":{"a":0,"k":100,"ix":5},"r":1,"bm":0,"nm":"Fill 1","mn":"ADBE Vector Graphic - Fill","hd":false},{"ty":"tr","p":{"a":0,"k":[0,0],"ix":2},"a":{"a":0,"k":[0,0],"ix":1},"s":{"a":0,"k":[100,100],"ix":3},"r":{"a":0,"k":0,"ix":6},"o":{"a":0,"k":100,"ix":7},"sk":{"a":0,"k":0,"ix":4},"sa":{"a":0,"k":0,"ix":5},"nm":"Transform"}],"nm":"Path 20","np":3,"cix":2,"bm":0,"ix":1,"mn":"ADBE Vector Group","hd":false}],"ip":0,"op":184,"st":0,"bm":0},{"ddd":0,"ind":50,"ty":4,"nm":"Path 19","parent":43,"sr":1,"ks":{"o":{"a":0,"k":100,"ix":11},"r":{"a":0,"k":0,"ix":10},"p":{"a":0,"k":[38.971,452.631,0],"ix":2},"a":{"a":0,"k":[150.025,68.534,0],"ix":1},"s":{"a":0,"k":[100,100,100],"ix":6}},"ao":0,"shapes":[{"ty":"gr","it":[{"ind":0,"ty":"sh","ix":1,"ks":{"a":0,"k":{"i":[[31.1,19.6],[38.5,-10.6],[5.8,-10.5],[-103.5,41.5]],"o":[[-21.1,-13.3],[-69.1,19],[-16.5,29.8],[81.5,-32.8]],"v":[[224.964,4.96],[145.464,18.76],[1.064,61.36],[267.364,124.86]],"c":true},"ix":2},"nm":"Path 1","mn":"ADBE Vector Shape - Group","hd":false},{"ty":"st","c":{"a":0,"k":[0.419607843137,0.094117647059,0.305882352941,1],"ix":3},"o":{"a":0,"k":100,"ix":4},"w":{"a":0,"k":32,"ix":5},"lc":2,"lj":1,"ml":4,"bm":0,"nm":"Stroke 1","mn":"ADBE Vector Graphic - Stroke","hd":false},{"ty":"tr","p":{"a":0,"k":[0,0],"ix":2},"a":{"a":0,"k":[0,0],"ix":1},"s":{"a":0,"k":[100,100],"ix":3},"r":{"a":0,"k":0,"ix":6},"o":{"a":0,"k":100,"ix":7},"sk":{"a":0,"k":0,"ix":4},"sa":{"a":0,"k":0,"ix":5},"nm":"Transform"}],"nm":"Path 19","np":3,"cix":2,"bm":0,"ix":1,"mn":"ADBE Vector Group","hd":false}],"ip":0,"op":184,"st":0,"bm":0},{"ddd":0,"ind":51,"ty":4,"nm":"Path 18","parent":43,"sr":1,"ks":{"o":{"a":0,"k":100,"ix":11},"r":{"a":0,"k":0,"ix":10},"p":{"a":0,"k":[22.628,461.911,0],"ix":2},"a":{"a":0,"k":[133.682,59.154,0],"ix":1},"s":{"a":0,"k":[100,100,100],"ix":6}},"ao":0,"shapes":[{"ty":"gr","it":[{"ind":0,"ty":"sh","ix":1,"ks":{"a":0,"k":{"i":[[0,0],[5.8,-10.5],[-103.5,41.5]],"o":[[-69.1,19],[-16.5,29.8],[0,0]],"v":[[145.464,0],[1.064,42.6],[267.364,106.1]],"c":false},"ix":2},"nm":"Path 1","mn":"ADBE Vector Shape - Group","hd":false},{"ty":"fl","c":{"a":0,"k":[1,1,1,1],"ix":4},"o":{"a":0,"k":100,"ix":5},"r":1,"bm":0,"nm":"Fill 1","mn":"ADBE Vector Graphic - Fill","hd":false},{"ty":"tr","p":{"a":0,"k":[0,0],"ix":2},"a":{"a":0,"k":[0,0],"ix":1},"s":{"a":0,"k":[100,100],"ix":3},"r":{"a":0,"k":0,"ix":6},"o":{"a":0,"k":100,"ix":7},"sk":{"a":0,"k":0,"ix":4},"sa":{"a":0,"k":0,"ix":5},"nm":"Transform"}],"nm":"Path 18","np":3,"cix":2,"bm":0,"ix":1,"mn":"ADBE Vector Group","hd":false}],"ip":0,"op":184,"st":0,"bm":0},{"ddd":0,"ind":52,"ty":4,"nm":"Path 14","parent":43,"sr":1,"ks":{"o":{"a":0,"k":100,"ix":11},"r":{"a":0,"k":0,"ix":10},"p":{"a":0,"k":[402.542,273.632,0],"ix":2},"a":{"a":0,"k":[402.542,273.632,0],"ix":1},"s":{"a":0,"k":[100,100,100],"ix":6}},"ao":0,"shapes":[{"ty":"gr","it":[{"ind":0,"ty":"sh","ix":1,"ks":{"a":0,"k":{"i":[[-78.2,-50.9],[-138.8,138.6],[171.6,-17],[389.6,-120.8]],"o":[[134.8,87.7],[231.6,-231.2],[-166.4,16.5],[-173,53.7]],"v":[[77.41,492.257],[691.41,427.357],[584.71,0.957],[111.51,165.357]],"c":true},"ix":2},"nm":"Path 1","mn":"ADBE Vector Shape - Group","hd":false},{"ty":"fl","c":{"a":0,"k":[0.827450980392,0.63137254902,0.498039215686,1],"ix":4},"o":{"a":0,"k":100,"ix":5},"r":1,"bm":0,"nm":"Fill 1","mn":"ADBE Vector Graphic - Fill","hd":false},{"ty":"tr","p":{"a":0,"k":[0,0],"ix":2},"a":{"a":0,"k":[0,0],"ix":1},"s":{"a":0,"k":[100,100],"ix":3},"r":{"a":0,"k":0,"ix":6},"o":{"a":0,"k":100,"ix":7},"sk":{"a":0,"k":0,"ix":4},"sa":{"a":0,"k":0,"ix":5},"nm":"Transform"}],"nm":"Path 14","np":3,"cix":2,"bm":0,"ix":1,"mn":"ADBE Vector Group","hd":false}],"ip":0,"op":184,"st":0,"bm":0},{"ddd":0,"ind":53,"ty":4,"nm":"L leg","parent":67,"sr":1,"ks":{"o":{"a":0,"k":100,"ix":11},"r":{"a":1,"k":[{"i":{"x":[0.667],"y":[1]},"o":{"x":[0.333],"y":[0]},"t":0,"s":[4]},{"i":{"x":[0.667],"y":[1]},"o":{"x":[0.333],"y":[0]},"t":90,"s":[0]},{"t":180,"s":[4]}],"ix":10},"p":{"a":0,"k":[-156.275,606.444,0],"ix":2},"a":{"a":0,"k":[0,0,0],"ix":1},"s":{"a":0,"k":[100,100,100],"ix":6}},"ao":0,"shapes":[{"ty":"gr","it":[{"ind":0,"ty":"sh","ix":1,"ks":{"a":0,"k":{"i":[[78.1,-50.9],[138.8,138.6],[-171.6,-17],[-389.6,-120.8]],"o":[[-134.8,87.7],[-231.6,-231.2],[166.4,16.5],[172.9,53.7]],"v":[[727.675,492.257],[113.675,427.357],[220.375,0.957],[693.574,165.357]],"c":true},"ix":2},"nm":"Path 1","mn":"ADBE Vector Shape - Group","hd":false},{"ty":"st","c":{"a":0,"k":[0.419607843137,0.094117647059,0.305882352941,1],"ix":3},"o":{"a":0,"k":100,"ix":4},"w":{"a":0,"k":32,"ix":5},"lc":2,"lj":1,"ml":4,"bm":0,"nm":"Stroke 1","mn":"ADBE Vector Graphic - Stroke","hd":false},{"ty":"tr","p":{"a":0,"k":[0,0],"ix":2},"a":{"a":0,"k":[0,0],"ix":1},"s":{"a":0,"k":[100,100],"ix":3},"r":{"a":0,"k":0,"ix":6},"o":{"a":0,"k":100,"ix":7},"sk":{"a":0,"k":0,"ix":4},"sa":{"a":0,"k":0,"ix":5},"nm":"Transform"}],"nm":"Path 17","np":3,"cix":2,"bm":0,"ix":1,"mn":"ADBE Vector Group","hd":false}],"ip":0,"op":184,"st":0,"bm":0},{"ddd":0,"ind":54,"ty":4,"nm":"Path 12","parent":43,"sr":1,"ks":{"o":{"a":0,"k":100,"ix":11},"r":{"a":0,"k":0,"ix":10},"p":{"a":0,"k":[402.542,273.632,0],"ix":2},"a":{"a":0,"k":[402.542,273.632,0],"ix":1},"s":{"a":0,"k":[100,100,100],"ix":6}},"ao":0,"shapes":[{"ty":"gr","it":[{"ind":0,"ty":"sh","ix":1,"ks":{"a":0,"k":{"i":[[-78.2,-50.9],[-138.8,138.6],[171.6,-17],[389.6,-120.8]],"o":[[134.8,87.7],[231.6,-231.2],[-166.4,16.5],[-173,53.7]],"v":[[77.41,492.257],[691.41,427.357],[584.71,0.957],[111.51,165.357]],"c":true},"ix":2},"nm":"Path 1","mn":"ADBE Vector Shape - Group","hd":false},{"ty":"fl","c":{"a":0,"k":[0.827450980392,0.63137254902,0.498039215686,1],"ix":4},"o":{"a":0,"k":100,"ix":5},"r":1,"bm":0,"nm":"Fill 1","mn":"ADBE Vector Graphic - Fill","hd":false},{"ty":"tr","p":{"a":0,"k":[0,0],"ix":2},"a":{"a":0,"k":[0,0],"ix":1},"s":{"a":0,"k":[100,100],"ix":3},"r":{"a":0,"k":0,"ix":6},"o":{"a":0,"k":100,"ix":7},"sk":{"a":0,"k":0,"ix":4},"sa":{"a":0,"k":0,"ix":5},"nm":"Transform"}],"nm":"Path 12","np":3,"cix":2,"bm":0,"ix":1,"mn":"ADBE Vector Group","hd":false}],"ip":0,"op":184,"st":0,"bm":0},{"ddd":0,"ind":55,"ty":4,"nm":"Path 16","parent":53,"sr":1,"ks":{"o":{"a":0,"k":35,"ix":11},"r":{"a":0,"k":0,"ix":10},"p":{"a":0,"k":[402.455,346.06,0],"ix":2},"a":{"a":0,"k":[402.534,201.203,0],"ix":1},"s":{"a":0,"k":[100,100,100],"ix":6}},"ao":0,"shapes":[{"ty":"gr","it":[{"ind":0,"ty":"sh","ix":1,"ks":{"a":0,"k":{"i":[[51.6,-33.5],[138.8,138.6],[-21.8,77.3],[-59.4,-59.2],[-134.9,87.8],[-12.6,50.6]],"o":[[-134.8,87.7],[-104.7,-104.5],[13.6,53.3],[138.8,138.5],[29.9,-19.4],[25.6,85.2]],"v":[[727.653,347.4],[113.653,282.5],[7.453,0],[113.653,170.6],[727.653,235.4],[797.553,120.8]],"c":true},"ix":2},"nm":"Path 1","mn":"ADBE Vector Shape - Group","hd":false},{"ty":"fl","c":{"a":0,"k":[0.419607843137,0.094117647059,0.305882352941,1],"ix":4},"o":{"a":0,"k":100,"ix":5},"r":1,"bm":0,"nm":"Fill 1","mn":"ADBE Vector Graphic - Fill","hd":false},{"ty":"tr","p":{"a":0,"k":[0,0],"ix":2},"a":{"a":0,"k":[0,0],"ix":1},"s":{"a":0,"k":[100,100],"ix":3},"r":{"a":0,"k":0,"ix":6},"o":{"a":0,"k":100,"ix":7},"sk":{"a":0,"k":0,"ix":4},"sa":{"a":0,"k":0,"ix":5},"nm":"Transform"}],"nm":"Path 16","np":3,"cix":2,"bm":0,"ix":1,"mn":"ADBE Vector Group","hd":false}],"ip":0,"op":184,"st":0,"bm":0},{"ddd":0,"ind":56,"ty":4,"nm":"Path 15","parent":53,"sr":1,"ks":{"o":{"a":0,"k":100,"ix":11},"r":{"a":0,"k":0,"ix":10},"p":{"a":0,"k":[402.447,273.639,0],"ix":2},"a":{"a":0,"k":[402.537,273.624,0],"ix":1},"s":{"a":0,"k":[100,100,100],"ix":6}},"ao":0,"shapes":[{"ty":"gr","it":[{"ind":0,"ty":"sh","ix":1,"ks":{"a":0,"k":{"i":[[78.2,-50.9],[138.8,138.6],[-87,73.6],[-55,-5.4],[-199,-73.5],[-70.2,-21.8]],"o":[[-134.8,87.7],[-157.4,-157.1],[41,-34.7],[136.4,13.6],[43.8,16.2],[173,53.7]],"v":[[727.664,492.241],[113.664,427.341],[69.864,48.341],[220.464,0.941],[524.764,108.641],[693.564,165.341]],"c":true},"ix":2},"nm":"Path 1","mn":"ADBE Vector Shape - Group","hd":false},{"ty":"fl","c":{"a":0,"k":[0.925490196078,0.756862745098,0.556862745098,1],"ix":4},"o":{"a":0,"k":100,"ix":5},"r":1,"bm":0,"nm":"Fill 1","mn":"ADBE Vector Graphic - Fill","hd":false},{"ty":"tr","p":{"a":0,"k":[0,0],"ix":2},"a":{"a":0,"k":[0,0],"ix":1},"s":{"a":0,"k":[100,100],"ix":3},"r":{"a":0,"k":0,"ix":6},"o":{"a":0,"k":100,"ix":7},"sk":{"a":0,"k":0,"ix":4},"sa":{"a":0,"k":0,"ix":5},"nm":"Transform"}],"nm":"Path 15","np":3,"cix":2,"bm":0,"ix":1,"mn":"ADBE Vector Group","hd":false}],"ip":0,"op":184,"st":0,"bm":0},{"ddd":0,"ind":57,"ty":4,"nm":"Path 13","parent":53,"sr":1,"ks":{"o":{"a":0,"k":100,"ix":11},"r":{"a":0,"k":0,"ix":10},"p":{"a":0,"k":[402.505,273.632,0],"ix":2},"a":{"a":0,"k":[402.505,273.632,0],"ix":1},"s":{"a":0,"k":[100,100,100],"ix":6}},"ao":0,"shapes":[{"ty":"gr","it":[{"ind":0,"ty":"sh","ix":1,"ks":{"a":0,"k":{"i":[[78.1,-50.9],[138.8,138.6],[-171.6,-17],[-389.6,-120.8]],"o":[[-134.8,87.7],[-231.6,-231.2],[166.4,16.5],[172.9,53.7]],"v":[[727.675,492.257],[113.675,427.357],[220.375,0.957],[693.574,165.357]],"c":true},"ix":2},"nm":"Path 1","mn":"ADBE Vector Shape - Group","hd":false},{"ty":"fl","c":{"a":0,"k":[0.827450980392,0.63137254902,0.498039215686,1],"ix":4},"o":{"a":0,"k":100,"ix":5},"r":1,"bm":0,"nm":"Fill 1","mn":"ADBE Vector Graphic - Fill","hd":false},{"ty":"tr","p":{"a":0,"k":[0,0],"ix":2},"a":{"a":0,"k":[0,0],"ix":1},"s":{"a":0,"k":[100,100],"ix":3},"r":{"a":0,"k":0,"ix":6},"o":{"a":0,"k":100,"ix":7},"sk":{"a":0,"k":0,"ix":4},"sa":{"a":0,"k":0,"ix":5},"nm":"Transform"}],"nm":"Path 13","np":3,"cix":2,"bm":0,"ix":1,"mn":"ADBE Vector Group","hd":false}],"ip":0,"op":184,"st":0,"bm":0},{"ddd":0,"ind":58,"ty":4,"nm":"Path 11","parent":53,"sr":1,"ks":{"o":{"a":0,"k":100,"ix":11},"r":{"a":0,"k":0,"ix":10},"p":{"a":0,"k":[402.505,273.632,0],"ix":2},"a":{"a":0,"k":[402.505,273.632,0],"ix":1},"s":{"a":0,"k":[100,100,100],"ix":6}},"ao":0,"shapes":[{"ty":"gr","it":[{"ind":0,"ty":"sh","ix":1,"ks":{"a":0,"k":{"i":[[78.1,-50.9],[138.8,138.6],[-171.6,-17],[-389.6,-120.8]],"o":[[-134.8,87.7],[-231.6,-231.2],[166.4,16.5],[172.9,53.7]],"v":[[727.675,492.257],[113.675,427.357],[220.375,0.957],[693.574,165.357]],"c":true},"ix":2},"nm":"Path 1","mn":"ADBE Vector Shape - Group","hd":false},{"ty":"fl","c":{"a":0,"k":[0.827450980392,0.63137254902,0.498039215686,1],"ix":4},"o":{"a":0,"k":100,"ix":5},"r":1,"bm":0,"nm":"Fill 1","mn":"ADBE Vector Graphic - Fill","hd":false},{"ty":"tr","p":{"a":0,"k":[0,0],"ix":2},"a":{"a":0,"k":[0,0],"ix":1},"s":{"a":0,"k":[100,100],"ix":3},"r":{"a":0,"k":0,"ix":6},"o":{"a":0,"k":100,"ix":7},"sk":{"a":0,"k":0,"ix":4},"sa":{"a":0,"k":0,"ix":5},"nm":"Transform"}],"nm":"Path 11","np":3,"cix":2,"bm":0,"ix":1,"mn":"ADBE Vector Group","hd":false}],"ip":0,"op":184,"st":0,"bm":0},{"ddd":0,"ind":59,"ty":4,"nm":"Path 10","parent":53,"sr":1,"ks":{"o":{"a":0,"k":100,"ix":11},"r":{"a":0,"k":0,"ix":10},"p":{"a":0,"k":[787.616,255.276,0],"ix":2},"a":{"a":0,"k":[149.651,68.381,0],"ix":1},"s":{"a":0,"k":[100,100,100],"ix":6}},"ao":0,"shapes":[{"ty":"gr","it":[{"ind":0,"ty":"sh","ix":1,"ks":{"a":0,"k":{"i":[[-30.6,20.5],[-38.7,-9.5],[-6.2,-10.4],[104.5,38.6]],"o":[[20.7,-13.9],[69.6,17],[17.4,29.4],[-82.6,-30.4]],"v":[[72.709,5.462],[152.509,16.962],[298.109,55.462],[33.809,126.462]],"c":true},"ix":2},"nm":"Path 1","mn":"ADBE Vector Shape - Group","hd":false},{"ty":"st","c":{"a":0,"k":[0.419607843137,0.094117647059,0.305882352941,1],"ix":3},"o":{"a":0,"k":100,"ix":4},"w":{"a":0,"k":32,"ix":5},"lc":2,"lj":1,"ml":4,"bm":0,"nm":"Stroke 1","mn":"ADBE Vector Graphic - Stroke","hd":false},{"ty":"tr","p":{"a":0,"k":[0,0],"ix":2},"a":{"a":0,"k":[0,0],"ix":1},"s":{"a":0,"k":[100,100],"ix":3},"r":{"a":0,"k":0,"ix":6},"o":{"a":0,"k":100,"ix":7},"sk":{"a":0,"k":0,"ix":4},"sa":{"a":0,"k":0,"ix":5},"nm":"Transform"}],"nm":"Path 10","np":3,"cix":2,"bm":0,"ix":1,"mn":"ADBE Vector Group","hd":false}],"ip":0,"op":184,"st":0,"bm":0},{"ddd":0,"ind":60,"ty":4,"nm":"Path 9","parent":53,"sr":1,"ks":{"o":{"a":0,"k":100,"ix":11},"r":{"a":0,"k":0,"ix":10},"p":{"a":0,"k":[787.616,255.276,0],"ix":2},"a":{"a":0,"k":[149.651,68.381,0],"ix":1},"s":{"a":0,"k":[100,100,100],"ix":6}},"ao":0,"shapes":[{"ty":"gr","it":[{"ind":0,"ty":"sh","ix":1,"ks":{"a":0,"k":{"i":[[-30.6,20.5],[-38.7,-9.5],[-6.2,-10.4],[104.5,38.6]],"o":[[20.7,-13.9],[69.6,17],[17.4,29.4],[-82.6,-30.4]],"v":[[72.709,5.462],[152.509,16.962],[298.109,55.462],[33.809,126.462]],"c":true},"ix":2},"nm":"Path 1","mn":"ADBE Vector Shape - Group","hd":false},{"ty":"fl","c":{"a":0,"k":[1,1,1,1],"ix":4},"o":{"a":0,"k":100,"ix":5},"r":1,"bm":0,"nm":"Fill 1","mn":"ADBE Vector Graphic - Fill","hd":false},{"ty":"tr","p":{"a":0,"k":[0,0],"ix":2},"a":{"a":0,"k":[0,0],"ix":1},"s":{"a":0,"k":[100,100],"ix":3},"r":{"a":0,"k":0,"ix":6},"o":{"a":0,"k":100,"ix":7},"sk":{"a":0,"k":0,"ix":4},"sa":{"a":0,"k":0,"ix":5},"nm":"Transform"}],"nm":"Path 9","np":3,"cix":2,"bm":0,"ix":1,"mn":"ADBE Vector Group","hd":false}],"ip":0,"op":184,"st":0,"bm":0},{"ddd":0,"ind":61,"ty":4,"nm":"Path 8","parent":53,"sr":1,"ks":{"o":{"a":0,"k":100,"ix":11},"r":{"a":0,"k":0,"ix":10},"p":{"a":0,"k":[809.19,355.168,0],"ix":2},"a":{"a":0,"k":[149.976,68.498,0],"ix":1},"s":{"a":0,"k":[100,100,100],"ix":6}},"ao":0,"shapes":[{"ty":"gr","it":[{"ind":0,"ty":"sh","ix":1,"ks":{"a":0,"k":{"i":[[-31.1,19.9],[-38.6,-10.3],[-5.9,-10.5],[103.7,40.9]],"o":[[21.1,-13.5],[69.2,18.6],[16.7,29.8],[-81.8,-32.2]],"v":[[74.661,5.087],[154.261,18.387],[298.861,60.187],[32.961,125.187]],"c":true},"ix":2},"nm":"Path 1","mn":"ADBE Vector Shape - Group","hd":false},{"ty":"st","c":{"a":0,"k":[0.419607843137,0.094117647059,0.305882352941,1],"ix":3},"o":{"a":0,"k":100,"ix":4},"w":{"a":0,"k":32,"ix":5},"lc":2,"lj":1,"ml":4,"bm":0,"nm":"Stroke 1","mn":"ADBE Vector Graphic - Stroke","hd":false},{"ty":"tr","p":{"a":0,"k":[0,0],"ix":2},"a":{"a":0,"k":[0,0],"ix":1},"s":{"a":0,"k":[100,100],"ix":3},"r":{"a":0,"k":0,"ix":6},"o":{"a":0,"k":100,"ix":7},"sk":{"a":0,"k":0,"ix":4},"sa":{"a":0,"k":0,"ix":5},"nm":"Transform"}],"nm":"Path 8","np":3,"cix":2,"bm":0,"ix":1,"mn":"ADBE Vector Group","hd":false}],"ip":0,"op":184,"st":0,"bm":0},{"ddd":0,"ind":62,"ty":4,"nm":"Path 7","parent":53,"sr":1,"ks":{"o":{"a":0,"k":100,"ix":11},"r":{"a":0,"k":0,"ix":10},"p":{"a":0,"k":[825.57,364.361,0],"ix":2},"a":{"a":0,"k":[133.496,59.305,0],"ix":1},"s":{"a":0,"k":[100,100,100],"ix":6}},"ao":0,"shapes":[{"ty":"gr","it":[{"ind":0,"ty":"sh","ix":1,"ks":{"a":0,"k":{"i":[[0,0],[-5.9,-10.5],[103.7,40.9]],"o":[[69.2,18.6],[16.7,29.8],[0,0]],"v":[[121.3,0],[265.9,41.8],[0,106.8]],"c":false},"ix":2},"nm":"Path 1","mn":"ADBE Vector Shape - Group","hd":false},{"ty":"fl","c":{"a":0,"k":[1,1,1,1],"ix":4},"o":{"a":0,"k":100,"ix":5},"r":1,"bm":0,"nm":"Fill 1","mn":"ADBE Vector Graphic - Fill","hd":false},{"ty":"tr","p":{"a":0,"k":[0,0],"ix":2},"a":{"a":0,"k":[0,0],"ix":1},"s":{"a":0,"k":[100,100],"ix":3},"r":{"a":0,"k":0,"ix":6},"o":{"a":0,"k":100,"ix":7},"sk":{"a":0,"k":0,"ix":4},"sa":{"a":0,"k":0,"ix":5},"nm":"Transform"}],"nm":"Path 7","np":3,"cix":2,"bm":0,"ix":1,"mn":"ADBE Vector Group","hd":false}],"ip":0,"op":184,"st":0,"bm":0},{"ddd":0,"ind":63,"ty":4,"nm":"Path 6","parent":53,"sr":1,"ks":{"o":{"a":0,"k":100,"ix":11},"r":{"a":0,"k":0,"ix":10},"p":{"a":0,"k":[766.083,452.631,0],"ix":2},"a":{"a":0,"k":[150.056,68.534,0],"ix":1},"s":{"a":0,"k":[100,100,100],"ix":6}},"ao":0,"shapes":[{"ty":"gr","it":[{"ind":0,"ty":"sh","ix":1,"ks":{"a":0,"k":{"i":[[-31.2,19.6],[-38.5,-10.6],[-5.8,-10.5],[103.5,41.5]],"o":[[21.1,-13.3],[69.1,19],[16.5,29.8],[-81.6,-32.8]],"v":[[75.147,4.96],[154.647,18.76],[299.047,61.36],[32.747,124.86]],"c":true},"ix":2},"nm":"Path 1","mn":"ADBE Vector Shape - Group","hd":false},{"ty":"st","c":{"a":0,"k":[0.419607843137,0.094117647059,0.305882352941,1],"ix":3},"o":{"a":0,"k":100,"ix":4},"w":{"a":0,"k":32,"ix":5},"lc":2,"lj":1,"ml":4,"bm":0,"nm":"Stroke 1","mn":"ADBE Vector Graphic - Stroke","hd":false},{"ty":"tr","p":{"a":0,"k":[0,0],"ix":2},"a":{"a":0,"k":[0,0],"ix":1},"s":{"a":0,"k":[100,100],"ix":3},"r":{"a":0,"k":0,"ix":6},"o":{"a":0,"k":100,"ix":7},"sk":{"a":0,"k":0,"ix":4},"sa":{"a":0,"k":0,"ix":5},"nm":"Transform"}],"nm":"Path 6","np":3,"cix":2,"bm":0,"ix":1,"mn":"ADBE Vector Group","hd":false}],"ip":0,"op":184,"st":0,"bm":0},{"ddd":0,"ind":64,"ty":4,"nm":"Path 5","parent":53,"sr":1,"ks":{"o":{"a":0,"k":100,"ix":11},"r":{"a":0,"k":0,"ix":10},"p":{"a":0,"k":[782.457,461.911,0],"ix":2},"a":{"a":0,"k":[133.682,59.154,0],"ix":1},"s":{"a":0,"k":[100,100,100],"ix":6}},"ao":0,"shapes":[{"ty":"gr","it":[{"ind":0,"ty":"sh","ix":1,"ks":{"a":0,"k":{"i":[[0,0],[-5.8,-10.5],[103.5,41.5]],"o":[[69.1,19],[16.5,29.8],[0,0]],"v":[[121.9,0],[266.3,42.6],[0,106.1]],"c":false},"ix":2},"nm":"Path 1","mn":"ADBE Vector Shape - Group","hd":false},{"ty":"fl","c":{"a":0,"k":[1,1,1,1],"ix":4},"o":{"a":0,"k":100,"ix":5},"r":1,"bm":0,"nm":"Fill 1","mn":"ADBE Vector Graphic - Fill","hd":false},{"ty":"tr","p":{"a":0,"k":[0,0],"ix":2},"a":{"a":0,"k":[0,0],"ix":1},"s":{"a":0,"k":[100,100],"ix":3},"r":{"a":0,"k":0,"ix":6},"o":{"a":0,"k":100,"ix":7},"sk":{"a":0,"k":0,"ix":4},"sa":{"a":0,"k":0,"ix":5},"nm":"Transform"}],"nm":"Path 5","np":3,"cix":2,"bm":0,"ix":1,"mn":"ADBE Vector Group","hd":false}],"ip":0,"op":184,"st":0,"bm":0},{"ddd":0,"ind":65,"ty":4,"nm":"body","parent":67,"sr":1,"ks":{"o":{"a":0,"k":100,"ix":11},"r":{"a":0,"k":0,"ix":10},"p":{"a":0,"k":[649.895,508.665,0],"ix":2},"a":{"a":0,"k":[649.74,508.964,0],"ix":1},"s":{"a":0,"k":[100,100,100],"ix":6}},"ao":0,"shapes":[{"ty":"gr","it":[{"ind":0,"ty":"sh","ix":1,"ks":{"a":0,"k":{"i":[[180.9,-80.6],[0,0],[255.2,115.3],[0,0],[-44.5,192.2],[-29.8,77.7],[0,0],[0,0],[-44.8,-120.9],[-22.9,-98.3]],"o":[[0,0],[-255.8,114.1],[0,0],[-179.7,-81.2],[25.4,-109.7],[41.2,-107.4],[0,0],[0,0],[27.2,73.3],[44.9,193]],"v":[[1053.445,930.2],[1047.545,932.9],[244.145,930.9],[244.145,930.9],[10.645,460.8],[98.945,174.5],[175.145,0],[1124.745,0],[1209.645,197.8],[1288.745,458.9]],"c":true},"ix":2},"nm":"Path 1","mn":"ADBE Vector Shape - Group","hd":false},{"ty":"st","c":{"a":0,"k":[0.419607843137,0.094117647059,0.305882352941,1],"ix":3},"o":{"a":0,"k":100,"ix":4},"w":{"a":0,"k":32,"ix":5},"lc":2,"lj":1,"ml":4,"bm":0,"nm":"Stroke 1","mn":"ADBE Vector Graphic - Stroke","hd":false},{"ty":"tr","p":{"a":0,"k":[0,0],"ix":2},"a":{"a":0,"k":[0,0],"ix":1},"s":{"a":0,"k":[100,100],"ix":3},"r":{"a":0,"k":0,"ix":6},"o":{"a":0,"k":100,"ix":7},"sk":{"a":0,"k":0,"ix":4},"sa":{"a":0,"k":0,"ix":5},"nm":"Transform"}],"nm":"Path 3","np":3,"cix":2,"bm":0,"ix":1,"mn":"ADBE Vector Group","hd":false}],"ip":0,"op":184,"st":0,"bm":0},{"ddd":0,"ind":66,"ty":4,"nm":"body shd","parent":67,"sr":1,"ks":{"o":{"a":0,"k":35,"ix":11},"r":{"a":0,"k":0,"ix":10},"p":{"a":1,"k":[{"i":{"x":0.667,"y":1},"o":{"x":0.333,"y":0},"t":0,"s":[642,538.601,0],"to":[0,-6.667,0],"ti":[0,0,0]},{"i":{"x":0.667,"y":1},"o":{"x":0.333,"y":0},"t":90,"s":[642,498.601,0],"to":[0,0,0],"ti":[0,-6.667,0]},{"t":180,"s":[642,538.601,0]}],"ix":2},"a":{"a":0,"k":[649.6,508.8,0],"ix":1},"s":{"a":0,"k":[100,100,100],"ix":6}},"ao":0,"shapes":[{"ty":"gr","it":[{"ind":0,"ty":"sh","ix":1,"ks":{"a":0,"k":{"i":[[-1.5,-0.6],[14.6,-40.2],[105.9,-47.2],[0,0],[128.5,-3.1],[7.3,16.1],[9.5,-12.1],[119.8,54.1],[36.7,103.6],[1.1,43.8],[-2.5,0.8],[0,2.5],[-7.2,31],[-29.8,77.7],[-12.9,28.8],[-1,2.1],[-4.5,9.1],[0,0],[0,0],[0,0],[0,0],[99.9,-153.2],[1.4,-2.1],[-352.2,-109.2],[-17.4,-28.7],[-42.7,13.3],[-125.4,17.2],[1,1.7],[0,0],[0,0],[0,0],[0,0],[-2.6,-5.2],[-10.5,-23.1],[-1,-2.2],[-17.1,-44.6],[-25.4,-109.7],[0,-30.7],[0.1,-3.3],[0,-0.4]],"o":[[-1.5,43.6],[-37.4,102.8],[0,0],[-120,53.5],[-9.5,-12.2],[-7.3,16],[-128.5,-3.6],[-106,-47.9],[-14.4,-40.6],[2.5,-0.8],[0,-2.6],[0,-30.8],[25.4,-109.8],[17.2,-44.7],[1,-2.3],[10.5,-23.1],[2.6,-5.2],[0,0],[0,0],[0,0],[0,0],[-1.4,2.1],[113.2,17.5],[42.7,13.2],[17.4,-28.7],[362.2,-112.3],[-1.1,-1.6],[-99.9,-153.2],[0,0],[0,0],[0,0],[0,0],[4.5,9],[1,2.2],[12.9,28.8],[29.8,77.7],[7.2,31],[0,3.4],[0,0.4],[1.699,0.5]],"v":[[1299.2,566.6],[1274.6,693],[1053.4,930.2],[1047.5,932.8],[671.1,1017.6],[645.6,974.8],[620.2,1017.4],[244,930.8],[23.6,691.2],[0,563.8],[7.6,561.4],[7.5,553.8],[18.1,460.9],[106.4,174.6],[152.5,63.4],[155.5,56.8],[178.6,8],[182.6,0.1],[219.5,0.1],[219.6,3.7],[223.8,189.7],[129.6,553],[125.4,559.3],[556.9,718.6],[645.5,784.1],[734.1,718.6],[1175.6,557.8],[1172.4,552.9],[1078.2,189.6],[1082.4,3.6],[1082.5,0],[1119.4,0],[1123.4,7.9],[1146.5,56.7],[1149.5,63.3],[1195.6,174.5],[1283.9,460.8],[1294.5,553.7],[1294.4,563.7],[1294.4,564.9]],"c":true},"ix":2},"nm":"Path 1","mn":"ADBE Vector Shape - Group","hd":false},{"ty":"fl","c":{"a":0,"k":[0.419607843137,0.094117647059,0.305882352941,1],"ix":4},"o":{"a":0,"k":100,"ix":5},"r":1,"bm":0,"nm":"Fill 1","mn":"ADBE Vector Graphic - Fill","hd":false},{"ty":"tr","p":{"a":0,"k":[0,0],"ix":2},"a":{"a":0,"k":[0,0],"ix":1},"s":{"a":0,"k":[100,100],"ix":3},"r":{"a":0,"k":0,"ix":6},"o":{"a":0,"k":100,"ix":7},"sk":{"a":0,"k":0,"ix":4},"sa":{"a":0,"k":0,"ix":5},"nm":"Transform"}],"nm":"Path 2","np":3,"cix":2,"bm":0,"ix":1,"mn":"ADBE Vector Group","hd":false}],"ip":0,"op":184,"st":0,"bm":0},{"ddd":0,"ind":67,"ty":4,"nm":"body fell","sr":1,"ks":{"o":{"a":0,"k":100,"ix":11},"r":{"a":0,"k":0,"ix":10},"p":{"a":1,"k":[{"i":{"x":0.667,"y":1},"o":{"x":0.333,"y":0},"t":0,"s":[2006.184,2708.244,0],"to":[0,-38,0],"ti":[0,0,0]},{"i":{"x":0.667,"y":1},"o":{"x":0.333,"y":0},"t":90.299,"s":[2006.184,2480.244,0],"to":[0,0,0],"ti":[0,-38,0]},{"t":180,"s":[2006.184,2708.244,0]}],"ix":2},"a":{"a":0,"k":[649.784,508.845,0],"ix":1},"s":{"a":0,"k":[100,100,100],"ix":6}},"ao":0,"shapes":[{"ty":"gr","it":[{"ind":0,"ty":"sh","ix":1,"ks":{"a":0,"k":{"i":[[1.3,-35.5],[1.3,-11.3],[10.8,-29.6],[105.9,-47.2],[0,0],[128.5,-3.1],[17,0.5],[119.8,54.1],[36.7,103.6],[2.7,10.3],[2.3,20.4],[0.3,12.3],[0,3.3],[-7.2,31],[-29.8,77.7],[-12.9,28.8],[-1,2.1],[-4.5,9.1],[0,0],[0,0],[-2.9,-5.9],[-11.3,-25.2],[-1,-2.2],[-19.3,-51.9],[-22.9,-98.4]],"o":[[-0.4,11.5],[-3.8,31.6],[-37.4,102.8],[0,0],[-120,53.5],[-17,0.4],[-128.5,-3.6],[-106,-47.9],[-3.6,-10.1],[-5.4,-19.6],[-1.4,-12.1],[-0.1,-3.4],[0,-30.8],[25.4,-109.8],[17.2,-44.7],[1,-2.3],[10.5,-23.1],[2.6,-5.2],[0,0],[0,0],[5,10],[1,2.2],[14.7,33.1],[27.2,73.3],[8.4,35.701]],"v":[[1299.3,566.401],[1296.7,600.6],[1274.7,692.8],[1053.5,930],[1047.6,932.6],[671.2,1017.401],[620.3,1017.3],[244.1,930.7],[23.7,691.1],[14.2,660.4],[2.7,600.3],[0.1,563.7],[0,553.7],[10.6,460.8],[98.9,174.5],[145,63.3],[148,56.7],[171.1,7.9],[175.1,0],[1124.7,0],[1129.2,8.9],[1154.3,62.3],[1157.3,68.9],[1209.7,197.8],[1288.8,459]],"c":true},"ix":2},"nm":"Path 1","mn":"ADBE Vector Shape - Group","hd":false},{"ty":"fl","c":{"a":0,"k":[0.925490196078,0.756862745098,0.556862745098,1],"ix":4},"o":{"a":0,"k":100,"ix":5},"r":1,"bm":0,"nm":"Fill 1","mn":"ADBE Vector Graphic - Fill","hd":false},{"ty":"tr","p":{"a":0,"k":[0,0],"ix":2},"a":{"a":0,"k":[0,0],"ix":1},"s":{"a":0,"k":[100,100],"ix":3},"r":{"a":0,"k":0,"ix":6},"o":{"a":0,"k":100,"ix":7},"sk":{"a":0,"k":0,"ix":4},"sa":{"a":0,"k":0,"ix":5},"nm":"Transform"}],"nm":"Path 1","np":3,"cix":2,"bm":0,"ix":1,"mn":"ADBE Vector Group","hd":false}],"ip":0,"op":184,"st":0,"bm":0},{"ddd":0,"ind":68,"ty":4,"nm":"Ellipse 1","sr":1,"ks":{"o":{"a":0,"k":35,"ix":11},"r":{"a":0,"k":0,"ix":10},"p":{"a":0,"k":[2000,3536.5,0],"ix":2},"a":{"a":0,"k":[0,0,0],"ix":1},"s":{"a":1,"k":[{"i":{"x":[0.667,0.667,0.667],"y":[1,1,1]},"o":{"x":[0.333,0.333,0.333],"y":[0,0,0]},"t":0,"s":[100,100,100]},{"i":{"x":[0.667,0.667,0.667],"y":[1,1,1]},"o":{"x":[0.333,0.333,0.333],"y":[0,0,0]},"t":90,"s":[66,76,100]},{"t":180,"s":[100,100,100]}],"ix":6}},"ao":0,"shapes":[{"ty":"gr","it":[{"d":1,"ty":"el","s":{"a":0,"k":[1701.6,150.2],"ix":2},"p":{"a":0,"k":[0,0],"ix":3},"nm":"Ellipse Path 1","mn":"ADBE Vector Shape - Ellipse","hd":false},{"ty":"fl","c":{"a":0,"k":[0.419607843137,0.094117647059,0.305882352941,1],"ix":4},"o":{"a":0,"k":100,"ix":5},"r":1,"bm":0,"nm":"Fill 1","mn":"ADBE Vector Graphic - Fill","hd":false},{"ty":"tr","p":{"a":0,"k":[0,0],"ix":2},"a":{"a":0,"k":[0,0],"ix":1},"s":{"a":0,"k":[100,100],"ix":3},"r":{"a":0,"k":0,"ix":6},"o":{"a":0,"k":100,"ix":7},"sk":{"a":0,"k":0,"ix":4},"sa":{"a":0,"k":0,"ix":5},"nm":"Transform"}],"nm":"Ellipse 1","np":3,"cix":2,"bm":0,"ix":1,"mn":"ADBE Vector Group","hd":false}],"ip":0,"op":184,"st":0,"bm":0}],"markers":[]}