{"v":"4.8.0","meta":{"g":"LottieFiles AE 3.1.1","a":"","k":"","d":"","tc":""},"fr":30,"ip":0,"op":570,"w":500,"h":500,"nm":"Comp 1","ddd":0,"assets":[],"fonts":{"list":[{"fName":"Arial-BoldMT","fFamily":"Arial","fStyle":"Bold","ascent":71.5988159179688}]},"layers":[{"ddd":0,"ind":1,"ty":5,"nm":"Breathe-in","sr":1,"ks":{"o":{"a":0,"k":100,"ix":11},"r":{"a":0,"k":0,"ix":10},"p":{"a":0,"k":[250.396,250,0],"ix":2},"a":{"a":0,"k":[0.501,-12.674,0],"ix":1},"s":{"a":0,"k":[100,100,100],"ix":6}},"ao":0,"t":{"d":{"k":[{"s":{"s":36,"f":"Arial-BoldMT","t":"Breathe-in","j":2,"tr":0,"lh":43.2,"ls":0,"fc":[0,0,0]},"t":0}]},"p":{},"m":{"g":1,"a":{"a":0,"k":[0,0],"ix":2}},"a":[]},"ip":0,"op":120.6,"st":0,"bm":0},{"ddd":0,"ind":2,"ty":5,"nm":"hold","sr":1,"ks":{"o":{"a":0,"k":100,"ix":11},"r":{"a":0,"k":0,"ix":10},"p":{"a":0,"k":[250,250,0],"ix":2},"a":{"a":0,"k":[38.127,-12.674,0],"ix":1},"s":{"a":0,"k":[100,100,100],"ix":6}},"ao":0,"t":{"d":{"k":[{"s":{"s":36,"f":"Arial-BoldMT","t":"hold","j":0,"tr":0,"lh":43.2,"ls":0,"fc":[0,0,0]},"t":0}]},"p":{},"m":{"g":1,"a":{"a":0,"k":[0,0],"ix":2}},"a":[]},"ip":120,"op":330.6,"st":120,"bm":0},{"ddd":0,"ind":3,"ty":5,"nm":"hold 2","sr":1,"ks":{"o":{"a":0,"k":100,"ix":11},"r":{"a":0,"k":0,"ix":10},"p":{"a":0,"k":[249.402,250.211,0],"ix":2},"a":{"a":0,"k":[0.501,-12.463,0],"ix":1},"s":{"a":0,"k":[100,100,100],"ix":6}},"ao":0,"t":{"d":{"k":[{"s":{"s":36,"f":"Arial-BoldMT","t":"Breathe-out","j":2,"tr":0,"lh":43.2,"ls":0,"fc":[0,0,0]},"t":0}]},"p":{},"m":{"g":1,"a":{"a":0,"k":[0,0],"ix":2}},"a":[]},"ip":330,"op":570.6,"st":147,"bm":0},{"ddd":0,"ind":4,"ty":4,"nm":"Shape Layer 3","sr":1,"ks":{"o":{"a":0,"k":100,"ix":11},"r":{"a":0,"k":0,"ix":10},"p":{"a":0,"k":[250,250,0],"ix":2},"a":{"a":0,"k":[-94.13,-148.785,0],"ix":1},"s":{"a":0,"k":[80,80,100],"ix":6}},"ao":0,"shapes":[{"ty":"gr","it":[{"d":2,"ty":"el","s":{"a":0,"k":[516.194,516.194],"ix":2},"p":{"a":0,"k":[0,0],"ix":3},"nm":"Ellipse Path 1","mn":"ADBE Vector Shape - Ellipse","hd":false},{"ty":"st","c":{"a":0,"k":[0,0,0,1],"ix":3},"o":{"a":0,"k":100,"ix":4},"w":{"a":0,"k":2,"ix":5},"lc":1,"lj":1,"ml":4,"bm":0,"nm":"Stroke 1","mn":"ADBE Vector Graphic - Stroke","hd":false},{"ty":"fl","c":{"a":0,"k":[0,0,0,1],"ix":4},"o":{"a":0,"k":0,"ix":5},"r":1,"bm":0,"nm":"Fill 1","mn":"ADBE Vector Graphic - Fill","hd":false},{"ty":"tr","p":{"a":0,"k":[-94.13,-148.785],"ix":2},"a":{"a":0,"k":[0,0],"ix":1},"s":{"a":0,"k":[100,100],"ix":3},"r":{"a":0,"k":0,"ix":6},"o":{"a":0,"k":100,"ix":7},"sk":{"a":0,"k":0,"ix":4},"sa":{"a":0,"k":0,"ix":5},"nm":"Transform"}],"nm":"Ellipse 1","np":3,"cix":2,"bm":0,"ix":1,"mn":"ADBE Vector Group","hd":false}],"ip":0,"op":570,"st":0,"bm":0},{"ddd":0,"ind":5,"ty":4,"nm":"Shape Layer 4","sr":1,"ks":{"o":{"a":0,"k":100,"ix":11},"r":{"a":0,"k":0,"ix":10},"p":{"a":0,"k":[250,250,0],"ix":2},"a":{"a":0,"k":[-94.13,-148.785,0],"ix":1},"s":{"a":1,"k":[{"i":{"x":[0.833,0.833,0.833],"y":[0.833,0.833,0.833]},"o":{"x":[0.167,0.167,0.167],"y":[0.167,0.167,0.167]},"t":0,"s":[0,0,100]},{"t":120,"s":[80,80,100]}],"ix":6}},"ao":0,"shapes":[{"ty":"gr","it":[{"d":1,"ty":"el","s":{"a":0,"k":[516.194,516.194],"ix":2},"p":{"a":0,"k":[0,0],"ix":3},"nm":"Ellipse Path 1","mn":"ADBE Vector Shape - Ellipse","hd":false},{"ty":"st","c":{"a":0,"k":[0.937254905701,0.180392161012,0.188235297799,1],"ix":3},"o":{"a":0,"k":100,"ix":4},"w":{"a":0,"k":0,"ix":5},"lc":1,"lj":1,"ml":4,"bm":0,"nm":"Stroke 1","mn":"ADBE Vector Graphic - Stroke","hd":false},{"ty":"fl","c":{"a":0,"k":[0.937254901961,0.180392156863,0.188235294118,1],"ix":4},"o":{"a":0,"k":100,"ix":5},"r":1,"bm":0,"nm":"Fill 1","mn":"ADBE Vector Graphic - Fill","hd":false},{"ty":"tr","p":{"a":0,"k":[-94.13,-148.785],"ix":2},"a":{"a":0,"k":[0,0],"ix":1},"s":{"a":0,"k":[100,100],"ix":3},"r":{"a":0,"k":0,"ix":6},"o":{"a":0,"k":100,"ix":7},"sk":{"a":0,"k":0,"ix":4},"sa":{"a":0,"k":0,"ix":5},"nm":"Transform"}],"nm":"Ellipse 1","np":3,"cix":2,"bm":0,"ix":1,"mn":"ADBE Vector Group","hd":false}],"ip":0,"op":330.6,"st":0,"bm":0},{"ddd":0,"ind":6,"ty":4,"nm":"Shape Layer 2","sr":1,"ks":{"o":{"a":0,"k":100,"ix":11},"r":{"a":0,"k":0,"ix":10},"p":{"a":0,"k":[250,250,0],"ix":2},"a":{"a":0,"k":[-94.13,-148.785,0],"ix":1},"s":{"a":1,"k":[{"i":{"x":[0.833,0.833,0.833],"y":[0.833,0.833,0.833]},"o":{"x":[0.167,0.167,0.167],"y":[0.167,0.167,0.167]},"t":330,"s":[80,80,100]},{"t":570,"s":[0,0,100]}],"ix":6}},"ao":0,"shapes":[{"ty":"gr","it":[{"d":1,"ty":"el","s":{"a":0,"k":[516.194,516.194],"ix":2},"p":{"a":0,"k":[0,0],"ix":3},"nm":"Ellipse Path 1","mn":"ADBE Vector Shape - Ellipse","hd":false},{"ty":"st","c":{"a":0,"k":[0.937254905701,0.180392161012,0.188235297799,1],"ix":3},"o":{"a":0,"k":100,"ix":4},"w":{"a":0,"k":0,"ix":5},"lc":1,"lj":1,"ml":4,"bm":0,"nm":"Stroke 1","mn":"ADBE Vector Graphic - Stroke","hd":false},{"ty":"fl","c":{"a":0,"k":[0.937254901961,0.180392156863,0.188235294118,1],"ix":4},"o":{"a":0,"k":100,"ix":5},"r":1,"bm":0,"nm":"Fill 1","mn":"ADBE Vector Graphic - Fill","hd":false},{"ty":"tr","p":{"a":0,"k":[-94.13,-148.785],"ix":2},"a":{"a":0,"k":[0,0],"ix":1},"s":{"a":0,"k":[100,100],"ix":3},"r":{"a":0,"k":0,"ix":6},"o":{"a":0,"k":100,"ix":7},"sk":{"a":0,"k":0,"ix":4},"sa":{"a":0,"k":0,"ix":5},"nm":"Transform"}],"nm":"Ellipse 1","np":3,"cix":2,"bm":0,"ix":1,"mn":"ADBE Vector Group","hd":false}],"ip":330,"op":570,"st":0,"bm":0},{"ddd":0,"ind":7,"ty":4,"nm":"Trim Paths","sr":1,"ks":{"o":{"a":0,"k":100,"ix":11},"r":{"a":0,"k":0,"ix":10},"p":{"a":0,"k":[250,250,0],"ix":2},"a":{"a":0,"k":[-94.13,-148.785,0],"ix":1},"s":{"a":0,"k":[84,84,100],"ix":6}},"ao":0,"shapes":[{"ty":"gr","it":[{"d":2,"ty":"el","s":{"a":0,"k":[516.194,516.194],"ix":2},"p":{"a":0,"k":[0,0],"ix":3},"nm":"Ellipse Path 1","mn":"ADBE Vector Shape - Ellipse","hd":false},{"ty":"st","c":{"a":0,"k":[0,0,0,1],"ix":3},"o":{"a":0,"k":100,"ix":4},"w":{"a":0,"k":24,"ix":5},"lc":1,"lj":1,"ml":4,"bm":0,"nm":"Stroke 1","mn":"ADBE Vector Graphic - Stroke","hd":false},{"ty":"fl","c":{"a":0,"k":[0,0,0,1],"ix":4},"o":{"a":0,"k":0,"ix":5},"r":1,"bm":0,"nm":"Fill 1","mn":"ADBE Vector Graphic - Fill","hd":false},{"ty":"tr","p":{"a":0,"k":[-94.13,-148.785],"ix":2},"a":{"a":0,"k":[0,0],"ix":1},"s":{"a":0,"k":[100,100],"ix":3},"r":{"a":0,"k":0,"ix":6},"o":{"a":0,"k":100,"ix":7},"sk":{"a":0,"k":0,"ix":4},"sa":{"a":0,"k":0,"ix":5},"nm":"Transform"}],"nm":"Ellipse 1","np":3,"cix":2,"bm":0,"ix":1,"mn":"ADBE Vector Group","hd":false},{"ty":"tm","s":{"a":0,"k":0,"ix":1},"e":{"a":1,"k":[{"i":{"x":[0.833],"y":[0.833]},"o":{"x":[0.167],"y":[0.167]},"t":120,"s":[0]},{"t":330,"s":[100]}],"ix":2},"o":{"a":0,"k":0,"ix":3},"m":1,"ix":2,"nm":"Trim Paths 1","mn":"ADBE Vector Filter - Trim","hd":false}],"ip":0,"op":330.6,"st":0,"bm":0}],"markers":[],"chars":[{"ch":"B","size":36,"style":"Bold","w":72.22,"data":{"shapes":[{"ty":"gr","it":[{"ind":0,"ty":"sh","ix":1,"ks":{"a":0,"k":{"i":[[0,0],[0,0],[-2.409,0.261],[-2.621,1.839],[-1.514,3.076],[0,3.255],[2.344,3.06],[4.362,1.27],[-1.807,2.8],[0,3.353],[1.465,2.49],[2.197,1.498],[2.783,0.472],[5.664,0],[0,0]],"o":[[0,0],[9.212,-0.065],[3.841,-0.423],[2.62,-1.839],[1.514,-3.076],[0,-4.134],[-2.344,-3.059],[3.092,-1.399],[1.807,-2.799],[0,-3.092],[-1.465,-2.49],[-2.197,-1.497],[-2.783,-0.471],[0,0],[0,0]],"v":[[7.324,0],[31.689,0],[49.121,-0.488],[58.813,-3.882],[65.015,-11.255],[67.285,-20.752],[63.77,-31.543],[53.711,-38.037],[61.06,-44.336],[63.77,-53.564],[61.572,-61.938],[56.079,-67.92],[48.608,-70.874],[35.938,-71.582],[7.324,-71.582]],"c":true},"ix":2},"nm":"B","mn":"ADBE Vector Shape - Group","hd":false},{"ind":1,"ty":"sh","ix":2,"ks":{"a":0,"k":{"i":[[0,0],[-1.433,-0.163],[-1.221,-1.383],[0,-2.213],[1.416,-1.416],[2.473,-0.293],[5.631,0],[0,0],[0,0]],"o":[[6.803,0],[2.409,0.293],[1.221,1.384],[0,2.312],[-1.416,1.416],[-1.367,0.163],[0,0],[0,0],[0,0]],"v":[[30.078,-59.668],[42.432,-59.424],[47.876,-56.909],[49.707,-51.514],[47.583,-45.923],[41.748,-43.359],[31.25,-43.115],[21.777,-43.115],[21.777,-59.668]],"c":true},"ix":2},"nm":"B","mn":"ADBE Vector Shape - Group","hd":false},{"ind":2,"ty":"sh","ix":3,"ks":{"a":0,"k":{"i":[[0,0],[-1.97,-0.684],[-1.042,-1.497],[0,-2.148],[1.35,-1.514],[2.148,-0.391],[5.208,0],[0,0],[0,0]],"o":[[6.575,0],[1.969,0.684],[1.041,1.498],[0,2.539],[-1.351,1.514],[-1.4,0.293],[0,0],[0,0],[0,0]],"v":[[33.447,-31.201],[46.265,-30.176],[50.781,-26.904],[52.344,-21.436],[50.317,-15.356],[45.068,-12.5],[35.156,-12.061],[21.777,-12.061],[21.777,-31.201]],"c":true},"ix":2},"nm":"B","mn":"ADBE Vector Shape - Group","hd":false}],"nm":"B","np":6,"cix":2,"bm":0,"ix":1,"mn":"ADBE Vector Group","hd":false}]},"fFamily":"Arial"},{"ch":"r","size":36,"style":"Bold","w":38.92,"data":{"shapes":[{"ty":"gr","it":[{"ind":0,"ty":"sh","ix":1,"ks":{"a":0,"k":{"i":[[0,0],[-0.765,2.767],[-1.335,1.058],[-1.921,0],[-2.312,-1.497],[0,0],[3.125,0],[1.741,-1.106],[2.18,-3.483],[0,0],[0,0],[0,0],[0,0]],"o":[[0,-8.821],[0.764,-2.766],[1.334,-1.057],[1.985,0],[0,0],[-2.898,-1.725],[-2.214,0],[-1.742,1.107],[0,0],[0,0],[0,0],[0,0],[0,0]],"v":[[20.312,-16.016],[21.46,-33.398],[24.609,-39.136],[29.492,-40.723],[35.938,-38.477],[40.186,-50.439],[31.152,-53.027],[25.22,-51.367],[19.336,-44.482],[19.336,-51.855],[6.592,-51.855],[6.592,0],[20.312,0]],"c":true},"ix":2},"nm":"r","mn":"ADBE Vector Shape - Group","hd":false}],"nm":"r","np":3,"cix":2,"bm":0,"ix":1,"mn":"ADBE Vector Group","hd":false}]},"fFamily":"Arial"},{"ch":"e","size":36,"style":"Bold","w":55.62,"data":{"shapes":[{"ty":"gr","it":[{"ind":0,"ty":"sh","ix":1,"ks":{"a":0,"k":{"i":[[1.465,-1.172],[2.148,0],[2.116,2.263],[0.098,4.07],[0,0],[4.459,5.095],[7.715,0],[4.492,-4.866],[0,-8.594],[-3.418,-4.72],[-9.017,0],[-3.793,2.621],[-1.758,5.013],[0,0]],"o":[[-1.465,1.172],[-3.158,0],[-2.116,-2.262],[0,0],[0.195,-10.514],[-4.46,-5.094],[-6.869,0],[-4.492,4.867],[0,7.195],[4.329,5.892],[5.696,0],[3.792,-2.62],[0,0],[-0.749,2.605]],"v":[[33.887,-10.84],[28.467,-9.082],[20.557,-12.476],[17.236,-21.973],[51.611,-21.973],[45.215,-45.386],[26.953,-53.027],[9.912,-45.728],[3.174,-25.537],[8.301,-7.666],[28.32,1.172],[42.554,-2.759],[50.879,-14.209],[37.207,-16.504]],"c":true},"ix":2},"nm":"e","mn":"ADBE Vector Shape - Group","hd":false},{"ind":1,"ty":"sh","ix":2,"ks":{"a":0,"k":{"i":[[0,0],[-1.953,2.181],[-2.995,0],[-1.953,-2.067],[-0.098,-3.971]],"o":[[-0.033,-3.743],[1.953,-2.18],[2.799,0],[1.953,2.068],[0,0]],"v":[[17.48,-30.371],[20.361,-39.258],[27.783,-42.529],[34.912,-39.429],[37.988,-30.371]],"c":true},"ix":2},"nm":"e","mn":"ADBE Vector Shape - Group","hd":false}],"nm":"e","np":5,"cix":2,"bm":0,"ix":1,"mn":"ADBE Vector Group","hd":false}]},"fFamily":"Arial"},{"ch":"a","size":36,"style":"Bold","w":55.62,"data":{"shapes":[{"ty":"gr","it":[{"ind":0,"ty":"sh","ix":1,"ks":{"a":0,"k":{"i":[[-1.367,0.961],[-2.441,0],[-1.302,-1.123],[0,-2.637],[0,0],[6.413,-1.204],[2.522,-1.221],[1.399,-2.295],[0,-2.93],[-3.076,-2.897],[-5.339,0],[-2.67,1.139],[-2.344,2.279],[-0.228,-0.813],[-0.359,-0.911],[0,0],[0.439,2.165],[0,4.558],[0,0],[1.221,2.23],[2.995,1.449],[6.12,0],[3.418,-2.409],[1.399,-5.013],[0,0]],"o":[[1.367,-0.96],[3.613,0],[1.302,1.123],[0,0],[-2.474,1.042],[-4.753,0.912],[-2.523,1.221],[-1.4,2.295],[0,4.427],[3.076,2.898],[3.027,0],[2.669,-1.139],[0.098,0.261],[0.52,1.791],[0,0],[-1.205,-2.473],[-0.439,-2.164],[0,0],[0,-5.957],[-1.221,-2.229],[-2.995,-1.448],[-6.738,0],[-3.418,2.409],[0,0],[0.846,-2.409]],"v":[[20.752,-41.089],[26.465,-42.529],[33.838,-40.845],[35.791,-35.205],[35.791,-33.838],[22.461,-30.469],[11.548,-27.271],[5.664,-21.997],[3.564,-14.16],[8.179,-3.174],[20.801,1.172],[29.346,-0.537],[36.865,-5.664],[37.354,-4.053],[38.672,0],[52.246,0],[49.78,-6.958],[49.121,-17.041],[49.268,-33.057],[47.437,-45.337],[41.113,-50.854],[27.441,-53.027],[12.207,-49.414],[4.98,-38.281],[17.432,-36.035]],"c":true},"ix":2},"nm":"a","mn":"ADBE Vector Shape - Group","hd":false},{"ind":1,"ty":"sh","ix":2,"ks":{"a":0,"k":{"i":[[0,0],[0.358,-1.172],[1.66,-1.237],[2.473,0],[1.432,1.4],[0,1.921],[-1.791,1.27],[-3.809,0.814],[-1.758,0.586]],"o":[[0,3.288],[-0.521,1.791],[-2.246,1.628],[-2.214,0],[-1.433,-1.399],[0,-1.953],[1.172,-0.781],[3.809,-0.813],[0,0]],"v":[[35.791,-22.168],[35.254,-15.479],[31.982,-10.938],[24.902,-8.496],[19.434,-10.596],[17.285,-15.576],[19.971,-20.41],[27.441,-22.803],[35.791,-24.902]],"c":true},"ix":2},"nm":"a","mn":"ADBE Vector Shape - Group","hd":false}],"nm":"a","np":5,"cix":2,"bm":0,"ix":1,"mn":"ADBE Vector Group","hd":false}]},"fFamily":"Arial"},{"ch":"t","size":36,"style":"Bold","w":33.3,"data":{"shapes":[{"ty":"gr","it":[{"ind":0,"ty":"sh","ix":1,"ks":{"a":0,"k":{"i":[[0,0],[0,0],[0,0],[0,0],[0,0],[0,0],[0,0],[0,0],[-0.293,-1.595],[-0.928,-1.318],[-1.986,-0.83],[-2.474,0],[-3.191,1.367],[0,0],[1.27,0],[0.635,0.456],[0.179,0.7],[0,4.232],[0,0],[0,0],[0,0]],"o":[[0,0],[0,0],[0,0],[0,0],[0,0],[0,0],[0,0],[0,4.851],[0.358,2.246],[0.928,1.318],[1.985,0.83],[4.036,0],[0,0],[-2.409,0.879],[-0.912,0],[-0.635,-0.455],[-0.179,-0.7],[0,0],[0,0],[0,0],[0,0]],"v":[[21.582,-51.855],[21.582,-70.166],[7.812,-62.158],[7.812,-51.855],[1.514,-51.855],[1.514,-40.918],[7.812,-40.918],[7.812,-18.311],[8.252,-8.643],[10.181,-3.296],[14.551,-0.073],[21.24,1.172],[32.08,-0.879],[30.908,-11.523],[25.391,-10.205],[23.071,-10.889],[21.851,-12.622],[21.582,-20.02],[21.582,-40.918],[30.957,-40.918],[30.957,-51.855]],"c":true},"ix":2},"nm":"t","mn":"ADBE Vector Shape - Group","hd":false}],"nm":"t","np":3,"cix":2,"bm":0,"ix":1,"mn":"ADBE Vector Group","hd":false}]},"fFamily":"Arial"},{"ch":"h","size":36,"style":"Bold","w":61.08,"data":{"shapes":[{"ty":"gr","it":[{"ind":0,"ty":"sh","ix":1,"ks":{"a":0,"k":{"i":[[0,0],[0,0],[0,0],[0,0],[-0.83,2.23],[-1.791,1.107],[-2.279,0],[-1.318,-0.862],[-0.521,-1.465],[0,-5.436],[0,0],[0,0],[0,0],[0.471,2.214],[1.286,1.823],[2.539,1.172],[3.157,0],[4.427,-5.176],[0,0]],"o":[[0,0],[0,0],[0,0],[0,-4.362],[0.83,-2.229],[1.79,-1.106],[1.985,0],[1.318,0.863],[0.52,1.465],[0,0],[0,0],[0,0],[0,-4.655],[-0.472,-2.213],[-1.286,-1.823],[-2.539,-1.172],[-6.152,0],[0,0],[0,0]],"v":[[7.129,-71.582],[7.129,0],[20.85,0],[20.85,-25.977],[22.095,-35.864],[26.025,-40.869],[32.129,-42.529],[37.085,-41.235],[39.844,-37.744],[40.625,-27.393],[40.625,0],[54.346,0],[54.346,-30.42],[53.638,-40.723],[51.001,-46.777],[45.264,-51.27],[36.719,-53.027],[20.85,-45.264],[20.85,-71.582]],"c":true},"ix":2},"nm":"h","mn":"ADBE Vector Shape - Group","hd":false}],"nm":"h","np":3,"cix":2,"bm":0,"ix":1,"mn":"ADBE Vector Group","hd":false}]},"fFamily":"Arial"},{"ch":"-","size":36,"style":"Bold","w":33.3,"data":{"shapes":[{"ty":"gr","it":[{"ind":0,"ty":"sh","ix":1,"ks":{"a":0,"k":{"i":[[0,0],[0,0],[0,0],[0,0]],"o":[[0,0],[0,0],[0,0],[0,0]],"v":[[32.568,-19.092],[32.568,-32.812],[5.615,-32.812],[5.615,-19.092]],"c":true},"ix":2},"nm":"-","mn":"ADBE Vector Shape - Group","hd":false}],"nm":"-","np":3,"cix":2,"bm":0,"ix":1,"mn":"ADBE Vector Group","hd":false}]},"fFamily":"Arial"},{"ch":"o","size":36,"style":"Bold","w":61.08,"data":{"shapes":[{"ty":"gr","it":[{"ind":0,"ty":"sh","ix":1,"ks":{"a":0,"k":{"i":[[-2.246,-4.15],[-4.314,-2.148],[-4.753,0],[-5.062,5.16],[0,7.845],[5.013,5.095],[7.845,0],[4.118,-2.246],[2.246,-4.264],[0,-4.557]],"o":[[2.246,4.15],[4.313,2.148],[7.682,0],[5.061,-5.159],[0,-7.78],[-5.013,-5.094],[-5.078,0],[-4.118,2.246],[-2.246,4.265],[0,5.957]],"v":[[7.373,-11.499],[17.212,-2.051],[30.811,1.172],[49.927,-6.567],[57.52,-26.074],[50,-45.386],[30.713,-53.027],[16.919,-49.658],[7.373,-39.893],[4.004,-26.66]],"c":true},"ix":2},"nm":"o","mn":"ADBE Vector Shape - Group","hd":false},{"ind":1,"ty":"sh","ix":2,"ks":{"a":0,"k":{"i":[[-2.441,2.734],[-3.581,0],[-2.425,-2.734],[0,-5.078],[2.425,-2.734],[3.58,0],[2.441,2.734],[0,5.144]],"o":[[2.441,-2.734],[3.58,0],[2.425,2.734],[0,5.209],[-2.425,2.734],[-3.581,0],[-2.441,-2.734],[0,-5.143]],"v":[[21.729,-37.744],[30.762,-41.846],[39.771,-37.744],[43.408,-26.025],[39.771,-14.111],[30.762,-10.01],[21.729,-14.111],[18.066,-25.928]],"c":true},"ix":2},"nm":"o","mn":"ADBE Vector Shape - Group","hd":false}],"nm":"o","np":5,"cix":2,"bm":0,"ix":1,"mn":"ADBE Vector Group","hd":false}]},"fFamily":"Arial"},{"ch":"u","size":36,"style":"Bold","w":61.08,"data":{"shapes":[{"ty":"gr","it":[{"ind":0,"ty":"sh","ix":1,"ks":{"a":0,"k":{"i":[[0,0],[0,0],[0,0],[0,0],[0.684,-1.904],[1.855,-1.286],[2.344,0],[1.334,0.961],[0.504,1.644],[0,7.292],[0,0],[0,0],[0,0],[-1.237,-2.766],[-2.767,-1.53],[-3.484,0],[-3.076,1.595],[-1.888,2.767],[0,0]],"o":[[0,0],[0,0],[0,0],[0,7.422],[-0.684,1.904],[-1.855,1.286],[-2.051,0],[-1.335,-0.96],[-0.505,-1.643],[0,0],[0,0],[0,0],[0,4.883],[1.237,2.767],[2.766,1.53],[3.418,0],[3.076,-1.595],[0,0],[0,0]],"v":[[54.053,0],[54.053,-51.855],[40.332,-51.855],[40.332,-29.98],[39.307,-15.991],[35.498,-11.206],[29.199,-9.277],[24.121,-10.718],[21.362,-14.624],[20.605,-28.027],[20.605,-51.855],[6.885,-51.855],[6.885,-19.043],[8.74,-7.568],[14.746,-1.123],[24.121,1.172],[33.862,-1.221],[41.309,-7.764],[41.309,0]],"c":true},"ix":2},"nm":"u","mn":"ADBE Vector Shape - Group","hd":false}],"nm":"u","np":3,"cix":2,"bm":0,"ix":1,"mn":"ADBE Vector Group","hd":false}]},"fFamily":"Arial"},{"ch":"l","size":36,"style":"Bold","w":27.78,"data":{"shapes":[{"ty":"gr","it":[{"ind":0,"ty":"sh","ix":1,"ks":{"a":0,"k":{"i":[[0,0],[0,0],[0,0],[0,0]],"o":[[0,0],[0,0],[0,0],[0,0]],"v":[[20.898,0],[20.898,-71.582],[7.178,-71.582],[7.178,0]],"c":true},"ix":2},"nm":"l","mn":"ADBE Vector Shape - Group","hd":false}],"nm":"l","np":3,"cix":2,"bm":0,"ix":1,"mn":"ADBE Vector Group","hd":false}]},"fFamily":"Arial"},{"ch":"d","size":36,"style":"Bold","w":61.08,"data":{"shapes":[{"ty":"gr","it":[{"ind":0,"ty":"sh","ix":1,"ks":{"a":0,"k":{"i":[[0,0],[0,0],[0,0],[5.794,0],[4.134,-4.573],[0,-8.789],[-4.248,-4.801],[-5.957,0],[-2.881,1.448],[-2.116,2.962],[0,0],[0,0]],"o":[[0,0],[0,0],[-4.232,-4.817],[-6.316,0],[-4.134,4.574],[0,8.594],[4.248,4.802],[2.93,0],[2.881,-1.448],[0,0],[0,0],[0,0]],"v":[[54.736,-71.582],[41.016,-71.582],[41.016,-45.801],[25.977,-53.027],[10.303,-46.167],[4.102,-26.123],[10.474,-6.03],[25.781,1.172],[34.497,-1.001],[41.992,-7.617],[41.992,0],[54.736,0]],"c":true},"ix":2},"nm":"d","mn":"ADBE Vector Shape - Group","hd":false},{"ind":1,"ty":"sh","ix":2,"ks":{"a":0,"k":{"i":[[-2.197,2.588],[-3.255,0],[-2.148,-2.62],[0,-5.957],[2.213,-2.686],[3.157,0],[2.213,3.581],[0,5.534]],"o":[[2.197,-2.588],[3.352,0],[2.148,2.621],[0,5.339],[-2.214,2.686],[-3.972,0],[-1.53,-2.473],[0,-5.143]],"v":[[21.411,-38.647],[29.59,-42.529],[37.842,-38.599],[41.064,-25.732],[37.744,-13.696],[29.688,-9.668],[20.41,-15.039],[18.115,-27.051]],"c":true},"ix":2},"nm":"d","mn":"ADBE Vector Shape - Group","hd":false}],"nm":"d","np":5,"cix":2,"bm":0,"ix":1,"mn":"ADBE Vector Group","hd":false}]},"fFamily":"Arial"},{"ch":"i","size":36,"style":"Bold","w":27.78,"data":{"shapes":[{"ty":"gr","it":[{"ind":0,"ty":"sh","ix":1,"ks":{"a":0,"k":{"i":[[0,0],[0,0],[0,0],[0,0]],"o":[[0,0],[0,0],[0,0],[0,0]],"v":[[20.898,-58.887],[20.898,-71.582],[7.178,-71.582],[7.178,-58.887]],"c":true},"ix":2},"nm":"i","mn":"ADBE Vector Shape - Group","hd":false},{"ind":1,"ty":"sh","ix":2,"ks":{"a":0,"k":{"i":[[0,0],[0,0],[0,0],[0,0]],"o":[[0,0],[0,0],[0,0],[0,0]],"v":[[20.898,0],[20.898,-51.855],[7.178,-51.855],[7.178,0]],"c":true},"ix":2},"nm":"i","mn":"ADBE Vector Shape - Group","hd":false}],"nm":"i","np":5,"cix":2,"bm":0,"ix":1,"mn":"ADBE Vector Group","hd":false}]},"fFamily":"Arial"},{"ch":"n","size":36,"style":"Bold","w":61.08,"data":{"shapes":[{"ty":"gr","it":[{"ind":0,"ty":"sh","ix":1,"ks":{"a":0,"k":{"i":[[0,0],[0.504,2.148],[1.286,1.693],[2.506,1.091],[3.027,0],[4.524,-5.859],[0,0],[0,0],[0,0],[0,0],[0,0],[-0.7,2.148],[-1.888,1.302],[-2.377,0],[-1.318,-0.911],[-0.586,-1.643],[0,-5.598],[0,0],[0,0]],"o":[[0,-4.004],[-0.505,-2.148],[-1.286,-1.692],[-2.507,-1.09],[-6.869,0],[0,0],[0,0],[0,0],[0,0],[0,0],[0,-5.794],[0.7,-2.148],[1.888,-1.302],[1.855,0],[1.318,0.912],[0.586,1.644],[0,0],[0,0],[0,0]],"v":[[54.346,-32.227],[53.589,-41.455],[50.903,-47.217],[45.215,-51.392],[36.914,-53.027],[19.824,-44.238],[19.824,-51.855],[7.08,-51.855],[7.08,0],[20.801,0],[20.801,-23.486],[21.851,-35.4],[25.732,-40.576],[32.129,-42.529],[36.89,-41.162],[39.746,-37.329],[40.625,-26.465],[40.625,0],[54.346,0]],"c":true},"ix":2},"nm":"n","mn":"ADBE Vector Shape - Group","hd":false}],"nm":"n","np":3,"cix":2,"bm":0,"ix":1,"mn":"ADBE Vector Group","hd":false}]},"fFamily":"Arial"}]}