{"v":"4.8.0","meta":{"g":"LottieFiles AE 3.1.1","a":"","k":"","d":"","tc":""},"fr":24,"ip":0,"op":192,"w":1080,"h":1080,"nm":"Icon - Mesa - Wellness","ddd":0,"assets":[],"layers":[{"ddd":0,"ind":1,"ty":3,"nm":"Global Cntrl","sr":1,"ks":{"o":{"a":0,"k":0,"ix":11},"r":{"a":0,"k":0,"ix":10},"p":{"s":true,"x":{"a":0,"k":540,"ix":3},"y":{"a":0,"k":564,"ix":4}},"a":{"a":0,"k":[0,0,0],"ix":1},"s":{"a":0,"k":[79,79,100],"ix":6}},"ao":0,"ip":-1,"op":239,"st":-1,"bm":0},{"ddd":0,"ind":2,"ty":4,"nm":"Cheek","parent":4,"sr":1,"ks":{"o":{"a":0,"k":100,"ix":11},"r":{"a":0,"k":0,"ix":10},"p":{"a":0,"k":[50.994,152.577,0],"ix":2},"a":{"a":0,"k":[0,0,0],"ix":1},"s":{"a":0,"k":[126.582,126.582,100],"ix":6}},"ao":0,"shapes":[{"ty":"gr","it":[{"ind":0,"ty":"sh","ix":1,"ks":{"a":0,"k":{"i":[[-50.093,-40.05],[-12.172,-4.891],[-17.433,8.072],[39.441,10.299]],"o":[[10.325,8.254],[16.482,6.622],[60.163,-27.856],[-50.415,-13.165]],"v":[[-48.377,36.916],[-13.562,55.036],[38.844,60.162],[11.597,-62.314]],"c":true},"ix":2},"nm":"Path 1","mn":"ADBE Vector Shape - Group","hd":false},{"ty":"fl","c":{"a":0,"k":[0.696470558643,0.664705872536,0.452941179276,1],"ix":4},"o":{"a":0,"k":100,"ix":5},"r":1,"bm":0,"nm":"Fill 1","mn":"ADBE Vector Graphic - Fill","hd":false},{"ty":"tr","p":{"a":0,"k":[0,0],"ix":2},"a":{"a":0,"k":[0,0],"ix":1},"s":{"a":0,"k":[100,100],"ix":3},"r":{"a":0,"k":0,"ix":6},"o":{"a":0,"k":100,"ix":7},"sk":{"a":0,"k":0,"ix":4},"sa":{"a":0,"k":0,"ix":5},"nm":"Transform"}],"nm":"Group 1","np":2,"cix":2,"bm":0,"ix":1,"mn":"ADBE Vector Group","hd":false}],"ip":0,"op":240,"st":0,"bm":0},{"ddd":0,"ind":3,"ty":4,"nm":"Eye Right","parent":1,"sr":1,"ks":{"o":{"a":0,"k":100,"ix":11},"r":{"a":0,"k":0,"ix":10},"p":{"a":1,"k":[{"i":{"x":0.108,"y":1},"o":{"x":0.333,"y":0},"t":12,"s":[-206.665,-81.496,0],"to":[0,0,0],"ti":[0,0,0]},{"i":{"x":0.107,"y":1},"o":{"x":0.469,"y":0},"t":21,"s":[-206.665,-61.496,0],"to":[0,0,0],"ti":[0,0,0]},{"i":{"x":0.107,"y":0.107},"o":{"x":0.309,"y":0.309},"t":41,"s":[-206.665,-147.496,0],"to":[0,0,0],"ti":[0,0,0]},{"i":{"x":0.222,"y":1},"o":{"x":0.309,"y":0},"t":43,"s":[-206.665,-147.496,0],"to":[0,0,0],"ti":[0,0,0]},{"i":{"x":0.667,"y":0.667},"o":{"x":0.205,"y":0.205},"t":101,"s":[-206.665,-81.496,0],"to":[0,0,0],"ti":[0,0,0]},{"i":{"x":0.372,"y":1},"o":{"x":0.617,"y":0},"t":103,"s":[-206.665,-81.496,0],"to":[0,0,0],"ti":[0,0,0]},{"i":{"x":0.196,"y":1},"o":{"x":0.469,"y":0},"t":133,"s":[-206.665,-47.496,0],"to":[0,0,0],"ti":[0,0,0]},{"t":184,"s":[-206.665,-81.496,0]}],"ix":2},"a":{"a":0,"k":[0,0,0],"ix":1},"s":{"a":0,"k":[100,100,100],"ix":6}},"ao":0,"shapes":[{"ty":"gr","it":[{"ind":0,"ty":"sh","ix":1,"ks":{"a":0,"k":{"i":[[0,0],[30.669,31.46]],"o":[[-31.92,25.74],[0,0]],"v":[[59.104,-2.332],[-59.104,-13.848]],"c":false},"ix":2},"nm":"Path 1","mn":"ADBE Vector Shape - Group","hd":false},{"ty":"st","c":{"a":0,"k":[0.847058832645,0.811764717102,0.592156887054,1],"ix":3},"o":{"a":0,"k":100,"ix":4},"w":{"a":0,"k":17.42,"ix":5},"lc":2,"lj":1,"ml":10,"bm":0,"nm":"Stroke 1","mn":"ADBE Vector Graphic - Stroke","hd":false},{"ty":"tr","p":{"a":0,"k":[0,0],"ix":2},"a":{"a":0,"k":[0,0],"ix":1},"s":{"a":0,"k":[100,100],"ix":3},"r":{"a":0,"k":0,"ix":6},"o":{"a":0,"k":100,"ix":7},"sk":{"a":0,"k":0,"ix":4},"sa":{"a":0,"k":0,"ix":5},"nm":"Transform"}],"nm":"Group 1","np":2,"cix":2,"bm":0,"ix":1,"mn":"ADBE Vector Group","hd":false}],"ip":0,"op":240,"st":0,"bm":0},{"ddd":0,"ind":4,"ty":4,"nm":"Eye Left","parent":1,"sr":1,"ks":{"o":{"a":0,"k":100,"ix":11},"r":{"a":0,"k":0,"ix":10},"p":{"a":1,"k":[{"i":{"x":0.108,"y":1},"o":{"x":0.333,"y":0},"t":12,"s":[144.905,-67.648,0],"to":[0,0,0],"ti":[0,0,0]},{"i":{"x":0.107,"y":1},"o":{"x":0.469,"y":0},"t":21,"s":[144.905,-47.648,0],"to":[0,0,0],"ti":[0,0,0]},{"i":{"x":0.107,"y":0.107},"o":{"x":0.309,"y":0.309},"t":41,"s":[144.905,-133.648,0],"to":[0,0,0],"ti":[0,0,0]},{"i":{"x":0.222,"y":1},"o":{"x":0.309,"y":0},"t":43,"s":[144.905,-133.648,0],"to":[0,0,0],"ti":[0,0,0]},{"i":{"x":0.667,"y":0.667},"o":{"x":0.205,"y":0.205},"t":101,"s":[144.905,-67.648,0],"to":[0,0,0],"ti":[0,0,0]},{"i":{"x":0.372,"y":1},"o":{"x":0.617,"y":0},"t":103,"s":[144.905,-67.648,0],"to":[0,0,0],"ti":[0,0,0]},{"i":{"x":0.196,"y":1},"o":{"x":0.469,"y":0},"t":133,"s":[144.905,-33.648,0],"to":[0,0,0],"ti":[0,0,0]},{"t":184,"s":[144.905,-67.648,0]}],"ix":2},"a":{"a":0,"k":[0,0,0],"ix":1},"s":{"a":0,"k":[100,100,100],"ix":6}},"ao":0,"shapes":[{"ty":"gr","it":[{"ind":0,"ty":"sh","ix":1,"ks":{"a":0,"k":{"i":[[0,0],[31.07,34.874]],"o":[[-32.338,28.534],[0,0]],"v":[[62.457,-2.205],[-62.457,-15.52]],"c":false},"ix":2},"nm":"Path 1","mn":"ADBE Vector Shape - Group","hd":false},{"ty":"st","c":{"a":0,"k":[0.847058832645,0.811764717102,0.592156887054,1],"ix":3},"o":{"a":0,"k":100,"ix":4},"w":{"a":0,"k":17.42,"ix":5},"lc":2,"lj":1,"ml":10,"bm":0,"nm":"Stroke 1","mn":"ADBE Vector Graphic - Stroke","hd":false},{"ty":"tr","p":{"a":0,"k":[0,0],"ix":2},"a":{"a":0,"k":[0,0],"ix":1},"s":{"a":0,"k":[100,100],"ix":3},"r":{"a":0,"k":0,"ix":6},"o":{"a":0,"k":100,"ix":7},"sk":{"a":0,"k":0,"ix":4},"sa":{"a":0,"k":0,"ix":5},"nm":"Transform"}],"nm":"Group 1","np":2,"cix":2,"bm":0,"ix":1,"mn":"ADBE Vector Group","hd":false}],"ip":0,"op":240,"st":0,"bm":0},{"ddd":0,"ind":5,"ty":4,"nm":"Mouth - Inhale","parent":1,"sr":1,"ks":{"o":{"a":0,"k":100,"ix":11},"r":{"a":0,"k":0,"ix":10},"p":{"a":1,"k":[{"i":{"x":0.125,"y":0.125},"o":{"x":0.333,"y":0.333},"t":24,"s":[-26.999,290.697,0],"to":[0,0,0],"ti":[0,0,0]},{"i":{"x":0.45,"y":1},"o":{"x":0.674,"y":0},"t":103,"s":[-26.999,290.697,0],"to":[0,0,0],"ti":[0,0,0]},{"t":120,"s":[-26.999,327.697,0]}],"ix":2},"a":{"a":0,"k":[0,0,0],"ix":1},"s":{"a":0,"k":[100,100,100],"ix":6}},"ao":0,"shapes":[{"ty":"gr","it":[{"ind":0,"ty":"sh","ix":1,"ks":{"a":1,"k":[{"i":{"x":0.077,"y":1},"o":{"x":0.659,"y":0},"t":21,"s":[{"i":[[3.647,-2.042],[49.485,10.666],[-2.335,0.289],[-22.44,-1.289]],"o":[[-4.122,2.308],[-48.594,-10.474],[0.665,-0.211],[18.344,1.054]],"v":[[51.12,37.995],[-5.986,36.138],[-56.667,11.015],[-7,35.838]],"c":true}]},{"i":{"x":0.667,"y":1},"o":{"x":0.333,"y":0},"t":41,"s":[{"i":[[-11.674,-20.738],[110.467,2.315],[-18.971,14.369],[-22.44,-1.289]],"o":[[14.785,26.266],[-87.515,-1.834],[28.665,-21.711],[18.344,1.054]],"v":[[109.12,-60.005],[-1.486,77.138],[-107.667,-69.985],[0,-77.662]],"c":true}]},{"i":{"x":0,"y":0.982},"o":{"x":0.458,"y":0.008},"t":43,"s":[{"i":[[-11.674,-20.738],[110.467,2.315],[-18.971,14.369],[-22.44,-1.289]],"o":[[14.785,26.266],[-87.515,-1.834],[28.665,-21.711],[18.344,1.054]],"v":[[109.12,-60.005],[-1.486,77.138],[-107.667,-69.985],[0,-77.662]],"c":true}]},{"i":{"x":0.667,"y":1},"o":{"x":1,"y":0.018},"t":101,"s":[{"i":[[-6.163,-7.316],[32.148,3.308],[-5.453,7.564],[-11.847,-0.455]],"o":[[7.806,9.266],[-32.148,-3.308],[5.514,-7.649],[9.684,0.372]],"v":[[37.478,-23.526],[-1.907,23.86],[-37.885,-24.166],[-0.813,-31.561]],"c":true}]},{"i":{"x":0.833,"y":0.997},"o":{"x":0.333,"y":0},"t":106,"s":[{"i":[[-6.163,-7.316],[32.148,3.308],[-5.453,7.564],[-11.847,-0.455]],"o":[[7.806,9.266],[-32.148,-3.308],[5.514,-7.649],[9.684,0.372]],"v":[[37.478,-23.526],[-1.907,23.86],[-37.885,-24.166],[-0.813,-31.561]],"c":true}]},{"t":120,"s":[{"i":[[-4.479,-0.171],[29.655,4.944],[2.384,1.97],[-11.708,-1.866]],"o":[[4.873,0.186],[-28.161,-4.695],[-2.972,-2.456],[25.811,4.114]],"v":[[41.228,3.224],[-4.657,0.86],[-51.635,-12.916],[0.687,1.939]],"c":true}]}],"ix":2},"nm":"Path 1","mn":"ADBE Vector Shape - Group","hd":false},{"ty":"tr","p":{"a":0,"k":[0,0],"ix":2},"a":{"a":0,"k":[0,0],"ix":1},"s":{"a":0,"k":[100,100],"ix":3},"r":{"a":0,"k":0,"ix":6},"o":{"a":0,"k":100,"ix":7},"sk":{"a":0,"k":0,"ix":4},"sa":{"a":0,"k":0,"ix":5},"nm":"Transform"}],"nm":"Group 1","np":2,"cix":2,"bm":0,"ix":1,"mn":"ADBE Vector Group","hd":false},{"ty":"st","c":{"a":0,"k":[0.84705889225,0.811764776707,0.592156887054,1],"ix":3},"o":{"a":0,"k":100,"ix":4},"w":{"a":0,"k":22,"ix":5},"lc":1,"lj":1,"ml":4,"bm":0,"nm":"Stroke 1","mn":"ADBE Vector Graphic - Stroke","hd":false}],"ip":21,"op":119,"st":24,"bm":0},{"ddd":0,"ind":6,"ty":4,"nm":"Mouth Smile","parent":1,"sr":1,"ks":{"o":{"a":1,"k":[{"i":{"x":[0.667],"y":[1]},"o":{"x":[0.333],"y":[0]},"t":23,"s":[100]},{"i":{"x":[0.833],"y":[1]},"o":{"x":[0.333],"y":[0]},"t":24,"s":[0]},{"i":{"x":[0],"y":[1]},"o":{"x":[0.167],"y":[0.167]},"t":118,"s":[0]},{"t":119,"s":[100]}],"ix":11},"r":{"a":0,"k":0,"ix":10},"p":{"a":1,"k":[{"i":{"x":0.038,"y":1},"o":{"x":0.333,"y":0},"t":12,"s":[-26.999,290.697,0],"to":[0,0,0],"ti":[0,0,0]},{"i":{"x":0.133,"y":1},"o":{"x":0.463,"y":0},"t":21,"s":[-26.999,310.697,0],"to":[0,0,0],"ti":[0,0,0]},{"i":{"x":0.667,"y":0.667},"o":{"x":0.309,"y":0.309},"t":37,"s":[-26.999,280.697,0],"to":[0,0,0],"ti":[0,0,0]},{"i":{"x":0.222,"y":1},"o":{"x":0.633,"y":0},"t":39,"s":[-26.999,280.697,0],"to":[0,0,0],"ti":[0,0,0]},{"i":{"x":0.272,"y":1},"o":{"x":0.746,"y":0.02},"t":101,"s":[-26.999,290.697,0],"to":[0,0,0],"ti":[0,0,0]},{"i":{"x":0.667,"y":0.667},"o":{"x":0.167,"y":0.167},"t":120,"s":[-26.999,320.197,0],"to":[0,0,0],"ti":[0,0,0]},{"i":{"x":0.176,"y":1},"o":{"x":0.167,"y":0},"t":135,"s":[-26.999,320.197,0],"to":[0,0,0],"ti":[0,0,0]},{"t":174,"s":[-26.999,290.697,0]}],"ix":2},"a":{"a":0,"k":[0,0,0],"ix":1},"s":{"a":0,"k":[100,100,100],"ix":6}},"ao":0,"shapes":[{"ty":"gr","it":[{"ind":0,"ty":"sh","ix":1,"ks":{"a":1,"k":[{"i":{"x":0,"y":0},"o":{"x":0.333,"y":0},"t":12,"s":[{"i":[[0,0],[-45.691,16.055]],"o":[[21.855,37.463],[0,0]],"v":[[-76.322,-23.719],[76.322,18.205]],"c":false}]},{"i":{"x":0.077,"y":1},"o":{"x":0.31,"y":0.31},"t":21,"s":[{"i":[[0,0],[-40.323,4.622]],"o":[[24.321,19.545],[0,0]],"v":[[-56.322,-4.719],[47.322,19.205]],"c":false}]},{"i":{"x":0.667,"y":1},"o":{"x":0.333,"y":0},"t":37,"s":[{"i":[[0,0],[-45.691,16.055]],"o":[[21.855,37.463],[0,0]],"v":[[-76.322,-23.719],[76.322,18.205]],"c":false}]},{"i":{"x":0.222,"y":1},"o":{"x":0.633,"y":0},"t":39,"s":[{"i":[[0,0],[-45.691,16.055]],"o":[[21.855,37.463],[0,0]],"v":[[-76.322,-23.719],[76.322,18.205]],"c":false}]},{"i":{"x":0,"y":0},"o":{"x":0.746,"y":0.746},"t":101,"s":[{"i":[[0,0],[-47.323,1.099]],"o":[[29.321,7.022],[0,0]],"v":[[-48.322,0.281],[38.322,8.205]],"c":false}]},{"i":{"x":0,"y":0},"o":{"x":0.333,"y":0},"t":120,"s":[{"i":[[0,0],[-47.323,1.099]],"o":[[29.321,7.022],[0,0]],"v":[[-51.822,-0.719],[42.322,8.205]],"c":false}]},{"i":{"x":0.176,"y":1},"o":{"x":0.31,"y":0.31},"t":135,"s":[{"i":[[0,0],[-40.323,4.622]],"o":[[24.321,19.545],[0,0]],"v":[[-56.322,-4.719],[47.322,19.205]],"c":false}]},{"t":174,"s":[{"i":[[0,0],[-45.691,16.055]],"o":[[21.855,37.463],[0,0]],"v":[[-76.322,-23.719],[76.322,18.205]],"c":false}]}],"ix":2},"nm":"Path 1","mn":"ADBE Vector Shape - Group","hd":false},{"ty":"st","c":{"a":0,"k":[0.847058832645,0.811764717102,0.592156887054,1],"ix":3},"o":{"a":0,"k":100,"ix":4},"w":{"a":0,"k":20.377,"ix":5},"lc":2,"lj":1,"ml":10,"bm":0,"nm":"Stroke 1","mn":"ADBE Vector Graphic - Stroke","hd":false},{"ty":"tr","p":{"a":0,"k":[0,0],"ix":2},"a":{"a":0,"k":[0,0],"ix":1},"s":{"a":0,"k":[100,100],"ix":3},"r":{"a":0,"k":0,"ix":6},"o":{"a":0,"k":100,"ix":7},"sk":{"a":0,"k":0,"ix":4},"sa":{"a":0,"k":0,"ix":5},"nm":"Transform"}],"nm":"Group 1","np":2,"cix":2,"bm":0,"ix":1,"mn":"ADBE Vector Group","hd":false}],"ip":0,"op":256,"st":0,"bm":0},{"ddd":0,"ind":7,"ty":4,"nm":"Eyebrow Right + Nose","parent":1,"sr":1,"ks":{"o":{"a":0,"k":100,"ix":11},"r":{"a":0,"k":0,"ix":10},"p":{"a":1,"k":[{"i":{"x":0.108,"y":1},"o":{"x":0.333,"y":0},"t":12,"s":[-125.182,-38.614,0],"to":[0,0,0],"ti":[0,0,0]},{"i":{"x":0.107,"y":1},"o":{"x":0.469,"y":0},"t":21,"s":[-125.182,-18.614,0],"to":[0,0,0],"ti":[0,0,0]},{"i":{"x":0.107,"y":0.107},"o":{"x":0.309,"y":0.309},"t":41,"s":[-125.182,-58.614,0],"to":[0,0,0],"ti":[0,0,0]},{"i":{"x":0.222,"y":1},"o":{"x":0.309,"y":0},"t":43,"s":[-125.182,-58.614,0],"to":[0,0,0],"ti":[0,0,0]},{"i":{"x":0.667,"y":0.667},"o":{"x":0.205,"y":0.205},"t":101,"s":[-125.182,-38.614,0],"to":[0,0,0],"ti":[0,0,0]},{"i":{"x":0.372,"y":1},"o":{"x":0.617,"y":0},"t":103,"s":[-125.182,-38.614,0],"to":[0,0,0],"ti":[0,0,0]},{"i":{"x":0.196,"y":1},"o":{"x":0.469,"y":0},"t":133,"s":[-125.182,15.386,0],"to":[0,0,0],"ti":[0,0,0]},{"t":184,"s":[-125.182,-38.614,0]}],"ix":2},"a":{"a":0,"k":[0,0,0],"ix":1},"s":{"a":0,"k":[100,100,100],"ix":6}},"ao":0,"shapes":[{"ty":"gr","it":[{"ind":0,"ty":"sh","ix":1,"ks":{"a":1,"k":[{"i":{"x":0.108,"y":1},"o":{"x":0.333,"y":0},"t":12,"s":[{"i":[[0,0],[-42.337,-68.255],[-14.834,-37.085],[-29.171,4.837]],"o":[[32.403,-23.234],[41.164,66.365],[16.591,41.478],[9.38,-1.555]],"v":[[-158.608,-192.105],[50.691,-163.192],[63.3,163.939],[158.608,211.037]],"c":false}]},{"i":{"x":0.107,"y":1},"o":{"x":0.469,"y":0},"t":21,"s":[{"i":[[0,0],[-42.337,-68.255],[-14.834,-37.085],[-29.171,4.837]],"o":[[32.403,-23.234],[41.164,66.365],[16.591,41.478],[9.38,-1.555]],"v":[[-158.608,-176.105],[50.691,-147.192],[63.3,163.939],[158.608,211.037]],"c":false}]},{"i":{"x":0.107,"y":1},"o":{"x":0.333,"y":0},"t":41,"s":[{"i":[[0,0],[-42.337,-68.255],[-12.318,-37.995],[-23.852,-23.422]],"o":[[32.403,-23.234],[41.164,66.365],[15.456,47.676],[6.784,6.662]],"v":[[-158.544,-264.105],[50.755,-235.192],[63.726,138.939],[158.034,187.037]],"c":false}]},{"i":{"x":0.222,"y":1},"o":{"x":0.309,"y":0},"t":43,"s":[{"i":[[0,0],[-42.337,-68.255],[-12.318,-37.995],[-23.852,-23.422]],"o":[[32.403,-23.234],[41.164,66.365],[15.456,47.676],[6.784,6.662]],"v":[[-158.544,-264.105],[50.755,-235.192],[63.726,138.939],[158.034,187.037]],"c":false}]},{"i":{"x":0.667,"y":1},"o":{"x":0.167,"y":0},"t":101,"s":[{"i":[[0,0],[-42.337,-68.255],[-14.834,-37.085],[-29.171,4.837]],"o":[[32.403,-23.234],[41.164,66.365],[16.591,41.478],[9.38,-1.555]],"v":[[-158.608,-192.105],[50.691,-163.192],[63.3,163.939],[158.608,211.037]],"c":false}]},{"i":{"x":0,"y":1},"o":{"x":0.617,"y":0},"t":103,"s":[{"i":[[0,0],[-42.337,-68.255],[-14.834,-37.085],[-29.171,4.837]],"o":[[32.403,-23.234],[41.164,66.365],[16.591,41.478],[9.38,-1.555]],"v":[[-158.608,-192.105],[50.691,-163.192],[63.3,163.939],[158.608,211.037]],"c":false}]},{"i":{"x":0.196,"y":1},"o":{"x":0.469,"y":0},"t":133,"s":[{"i":[[0,0],[-42.337,-68.255],[-14.834,-37.085],[-29.171,4.837]],"o":[[32.403,-23.234],[41.164,66.365],[16.591,41.478],[9.38,-1.555]],"v":[[-158.608,-176.105],[50.691,-147.192],[63.814,141.154],[159.123,188.252]],"c":false}]},{"t":184,"s":[{"i":[[0,0],[-42.337,-68.255],[-14.834,-37.085],[-29.171,4.837]],"o":[[32.403,-23.234],[41.164,66.365],[16.591,41.478],[9.38,-1.555]],"v":[[-158.608,-192.105],[50.691,-163.192],[63.3,163.939],[158.608,211.037]],"c":false}]}],"ix":2},"nm":"Path 1","mn":"ADBE Vector Shape - Group","hd":false},{"ty":"st","c":{"a":0,"k":[0.847058832645,0.811764717102,0.592156887054,1],"ix":3},"o":{"a":0,"k":100,"ix":4},"w":{"a":0,"k":20.377,"ix":5},"lc":2,"lj":1,"ml":10,"bm":0,"nm":"Stroke 1","mn":"ADBE Vector Graphic - Stroke","hd":false},{"ty":"tr","p":{"a":0,"k":[0,0],"ix":2},"a":{"a":0,"k":[0,0],"ix":1},"s":{"a":0,"k":[100,100],"ix":3},"r":{"a":0,"k":0,"ix":6},"o":{"a":0,"k":100,"ix":7},"sk":{"a":0,"k":0,"ix":4},"sa":{"a":0,"k":0,"ix":5},"nm":"Transform"}],"nm":"Group 1","np":2,"cix":2,"bm":0,"ix":1,"mn":"ADBE Vector Group","hd":false}],"ip":0,"op":240,"st":0,"bm":0},{"ddd":0,"ind":8,"ty":4,"nm":"Eyebrow Left","parent":1,"sr":1,"ks":{"o":{"a":0,"k":100,"ix":11},"r":{"a":0,"k":0,"ix":10},"p":{"a":1,"k":[{"i":{"x":0.108,"y":1},"o":{"x":0.333,"y":0},"t":12,"s":[125.996,-229.929,0],"to":[0,0,0],"ti":[0,0,0]},{"i":{"x":0.107,"y":1},"o":{"x":0.469,"y":0},"t":21,"s":[125.996,-197.929,0],"to":[0,0,0],"ti":[0,0,0]},{"i":{"x":0.107,"y":0.107},"o":{"x":0.309,"y":0.309},"t":41,"s":[125.996,-323.929,0],"to":[0,0,0],"ti":[0,0,0]},{"i":{"x":0.222,"y":1},"o":{"x":0.309,"y":0},"t":43,"s":[125.996,-323.929,0],"to":[0,0,0],"ti":[0,0,0]},{"i":{"x":0.667,"y":0.667},"o":{"x":0.205,"y":0.205},"t":101,"s":[125.996,-229.929,0],"to":[0,0,0],"ti":[0,0,0]},{"i":{"x":0.372,"y":1},"o":{"x":0.617,"y":0},"t":103,"s":[125.996,-229.929,0],"to":[0,0,0],"ti":[0,0,0]},{"i":{"x":0.196,"y":1},"o":{"x":0.469,"y":0},"t":133,"s":[125.996,-163.929,0],"to":[0,0,0],"ti":[0,0,0]},{"t":184,"s":[125.996,-229.929,0]}],"ix":2},"a":{"a":0,"k":[0,0,0],"ix":1},"s":{"a":0,"k":[100,100,100],"ix":6}},"ao":0,"shapes":[{"ty":"gr","it":[{"ind":0,"ty":"sh","ix":1,"ks":{"a":0,"k":{"i":[[0,0],[-50.648,-43.463]],"o":[[50.915,-43.223],[0,0]],"v":[[-92.57,15.926],[92.57,16.363]],"c":false},"ix":2},"nm":"Path 1","mn":"ADBE Vector Shape - Group","hd":false},{"ty":"st","c":{"a":0,"k":[0.847058832645,0.811764717102,0.592156887054,1],"ix":3},"o":{"a":0,"k":100,"ix":4},"w":{"a":0,"k":20.377,"ix":5},"lc":2,"lj":1,"ml":10,"bm":0,"nm":"Stroke 1","mn":"ADBE Vector Graphic - Stroke","hd":false},{"ty":"tr","p":{"a":0,"k":[0,0],"ix":2},"a":{"a":0,"k":[0,0],"ix":1},"s":{"a":0,"k":[100,100],"ix":3},"r":{"a":0,"k":0,"ix":6},"o":{"a":0,"k":100,"ix":7},"sk":{"a":0,"k":0,"ix":4},"sa":{"a":0,"k":0,"ix":5},"nm":"Transform"}],"nm":"Group 1","np":2,"cix":2,"bm":0,"ix":1,"mn":"ADBE Vector Group","hd":false}],"ip":0,"op":240,"st":0,"bm":0},{"ddd":0,"ind":9,"ty":4,"nm":"Head","parent":1,"sr":1,"ks":{"o":{"a":0,"k":100,"ix":11},"r":{"a":0,"k":0,"ix":10},"p":{"a":1,"k":[{"i":{"x":0.108,"y":1},"o":{"x":0.333,"y":0},"t":12,"s":[7.81,7.023,0],"to":[0,0,0],"ti":[0,0,0]},{"i":{"x":0.107,"y":1},"o":{"x":0.469,"y":0},"t":21,"s":[7.81,27.023,0],"to":[0,0,0],"ti":[0,0,0]},{"i":{"x":0.107,"y":0.107},"o":{"x":0.29,"y":0.29},"t":41,"s":[7.81,-0.977,0],"to":[0,0,0],"ti":[0,0,0]},{"i":{"x":0.222,"y":1},"o":{"x":0.29,"y":0},"t":43,"s":[7.81,-0.977,0],"to":[0,0,0],"ti":[0,0,0]},{"i":{"x":0.667,"y":0.667},"o":{"x":0.205,"y":0.205},"t":101,"s":[7.81,7.023,0],"to":[0,0,0],"ti":[0,0,0]},{"i":{"x":0.372,"y":1},"o":{"x":0.617,"y":0},"t":103,"s":[7.81,7.023,0],"to":[0,0,0],"ti":[0,0,0]},{"i":{"x":0.196,"y":1},"o":{"x":0.469,"y":0},"t":133,"s":[7.81,29.023,0],"to":[0,0,0],"ti":[0,0,0]},{"t":184,"s":[7.81,7.023,0]}],"ix":2},"a":{"a":0,"k":[0,0,0],"ix":1},"s":{"a":0,"k":[100,100,100],"ix":6}},"ao":0,"shapes":[{"ty":"gr","it":[{"ind":0,"ty":"sh","ix":1,"ks":{"a":1,"k":[{"i":{"x":0.108,"y":1},"o":{"x":0.333,"y":0},"t":12,"s":[{"i":[[-0.003,-285.365],[-2.079,-102.08],[-18.667,-51.663],[-53.444,-38.308],[-147.349,106.003],[1.116,183.08],[220.79,109.74]],"o":[[0.001,102.102],[1.121,55.066],[22.621,62.606],[133.98,96.035],[153.824,-110.662],[-0.251,-41.103],[-112.044,-55.69]],"v":[[-389.54,-219.555],[-383.304,45.944],[-362.182,208.938],[-239.38,360.929],[231.784,418.576],[389.435,-44.315],[168.796,-441.678]],"c":true}]},{"i":{"x":0.107,"y":1},"o":{"x":0.469,"y":0},"t":21,"s":[{"i":[[-0.003,-285.365],[-2.079,-102.08],[-18.667,-51.663],[-53.444,-38.308],[-147.349,106.003],[1.116,183.08],[220.79,109.74]],"o":[[0.001,102.102],[1.121,55.066],[22.621,62.606],[133.98,96.035],[153.824,-110.662],[-0.251,-41.103],[-112.044,-55.69]],"v":[[-389.54,-219.555],[-383.304,45.944],[-362.182,208.938],[-239.38,360.929],[231.784,418.576],[389.435,-44.315],[168.796,-441.678]],"c":true}]},{"i":{"x":0.107,"y":1},"o":{"x":0.333,"y":0},"t":41,"s":[{"i":[[-0.003,-285.365],[-2.079,-102.08],[-18.667,-51.663],[-49.755,-42.99],[-147.349,106.003],[1.116,183.08],[220.79,109.74]],"o":[[0.001,102.102],[1.121,55.066],[22.621,62.606],[143.57,124.048],[153.824,-110.662],[-0.251,-41.103],[-112.044,-55.69]],"v":[[-380.935,-239.555],[-381.304,25.944],[-366.182,188.938],[-229.38,410.929],[193.784,436.576],[369.435,-50.315],[169.401,-463.678]],"c":true}]},{"i":{"x":0.222,"y":1},"o":{"x":0.333,"y":0},"t":43,"s":[{"i":[[-0.003,-285.365],[-2.079,-102.08],[-18.667,-51.663],[-49.755,-42.99],[-147.349,106.003],[1.116,183.08],[220.79,109.74]],"o":[[0.001,102.102],[1.121,55.066],[22.621,62.606],[143.57,124.048],[153.824,-110.662],[-0.251,-41.103],[-112.044,-55.69]],"v":[[-380.935,-239.555],[-381.304,25.944],[-366.182,188.938],[-229.38,410.929],[193.784,436.576],[369.435,-50.315],[169.401,-463.678]],"c":true}]},{"i":{"x":0.667,"y":1},"o":{"x":0.167,"y":0},"t":101,"s":[{"i":[[-0.003,-285.365],[-2.079,-102.08],[-18.667,-51.663],[-53.444,-38.308],[-147.349,106.003],[1.116,183.08],[220.79,109.74]],"o":[[0.001,102.102],[1.121,55.066],[22.621,62.606],[133.98,96.035],[153.824,-110.662],[-0.251,-41.103],[-112.044,-55.69]],"v":[[-389.54,-219.555],[-383.304,45.944],[-362.182,208.938],[-239.38,360.929],[231.784,418.576],[389.435,-44.315],[168.796,-441.678]],"c":true}]},{"i":{"x":0,"y":1},"o":{"x":0.617,"y":0},"t":103,"s":[{"i":[[-0.003,-285.365],[-2.079,-102.08],[-18.667,-51.663],[-53.444,-38.308],[-147.349,106.003],[1.116,183.08],[220.79,109.74]],"o":[[0.001,102.102],[1.121,55.066],[22.621,62.606],[133.98,96.035],[153.824,-110.662],[-0.251,-41.103],[-112.044,-55.69]],"v":[[-389.54,-219.555],[-383.304,45.944],[-362.182,208.938],[-239.38,360.929],[231.784,418.576],[389.435,-44.315],[168.796,-441.678]],"c":true}]},{"i":{"x":0.196,"y":1},"o":{"x":0.469,"y":0},"t":133,"s":[{"i":[[-0.003,-285.365],[-2.079,-102.08],[-18.667,-51.663],[-53.444,-38.308],[-147.349,106.003],[1.116,183.08],[220.79,109.74]],"o":[[0.001,102.102],[1.121,55.066],[22.621,62.606],[133.98,96.035],[153.824,-110.662],[-0.251,-41.103],[-112.044,-55.69]],"v":[[-389.54,-219.555],[-383.304,45.944],[-362.182,208.938],[-239.38,360.929],[231.784,418.576],[389.435,-44.315],[168.796,-441.678]],"c":true}]},{"t":184,"s":[{"i":[[-0.003,-285.365],[-2.079,-102.08],[-18.667,-51.663],[-53.444,-38.308],[-147.349,106.003],[1.116,183.08],[220.79,109.74]],"o":[[0.001,102.102],[1.121,55.066],[22.621,62.606],[133.98,96.035],[153.824,-110.662],[-0.251,-41.103],[-112.044,-55.69]],"v":[[-389.54,-219.555],[-383.304,45.944],[-362.182,208.938],[-239.38,360.929],[231.784,418.576],[389.435,-44.315],[168.796,-441.678]],"c":true}]}],"ix":2},"nm":"Path 1","mn":"ADBE Vector Shape - Group","hd":false},{"ty":"fl","c":{"a":0,"k":[0.662745118141,0.627451002598,0.392156869173,1],"ix":4},"o":{"a":0,"k":100,"ix":5},"r":1,"bm":0,"nm":"Fill 1","mn":"ADBE Vector Graphic - Fill","hd":false},{"ty":"tr","p":{"a":0,"k":[0,0],"ix":2},"a":{"a":0,"k":[0,0],"ix":1},"s":{"a":0,"k":[100,100],"ix":3},"r":{"a":0,"k":0,"ix":6},"o":{"a":0,"k":100,"ix":7},"sk":{"a":0,"k":0,"ix":4},"sa":{"a":0,"k":0,"ix":5},"nm":"Transform"}],"nm":"Group 1","np":2,"cix":2,"bm":0,"ix":1,"mn":"ADBE Vector Group","hd":false}],"ip":0,"op":240,"st":0,"bm":0},{"ddd":0,"ind":10,"ty":4,"nm":"Circle 3","sr":1,"ks":{"o":{"a":0,"k":100,"ix":11},"r":{"a":0,"k":0,"ix":10},"p":{"s":true,"x":{"a":0,"k":946.212,"ix":3},"y":{"a":1,"k":[{"i":{"x":[0.833],"y":[0.822]},"o":{"x":[0.167],"y":[0.167]},"t":0,"s":[688.128]},{"i":{"x":[0.833],"y":[0.823]},"o":{"x":[0.167],"y":[0.157]},"t":1,"s":[688.482]},{"i":{"x":[0.833],"y":[0.824]},"o":{"x":[0.167],"y":[0.157]},"t":2,"s":[688.885]},{"i":{"x":[0.833],"y":[0.824]},"o":{"x":[0.167],"y":[0.158]},"t":3,"s":[689.338]},{"i":{"x":[0.833],"y":[0.825]},"o":{"x":[0.167],"y":[0.159]},"t":4,"s":[689.844]},{"i":{"x":[0.833],"y":[0.826]},"o":{"x":[0.167],"y":[0.159]},"t":5,"s":[690.404]},{"i":{"x":[0.833],"y":[0.827]},"o":{"x":[0.167],"y":[0.16]},"t":6,"s":[691.018]},{"i":{"x":[0.833],"y":[0.828]},"o":{"x":[0.167],"y":[0.161]},"t":7,"s":[691.685]},{"i":{"x":[0.833],"y":[0.828]},"o":{"x":[0.167],"y":[0.161]},"t":8,"s":[692.404]},{"i":{"x":[0.833],"y":[0.829]},"o":{"x":[0.167],"y":[0.162]},"t":9,"s":[693.173]},{"i":{"x":[0.833],"y":[0.83]},"o":{"x":[0.167],"y":[0.162]},"t":10,"s":[693.989]},{"i":{"x":[0.833],"y":[0.83]},"o":{"x":[0.167],"y":[0.163]},"t":11,"s":[694.847]},{"i":{"x":[0.833],"y":[0.831]},"o":{"x":[0.167],"y":[0.164]},"t":12,"s":[695.745]},{"i":{"x":[0.833],"y":[0.832]},"o":{"x":[0.167],"y":[0.164]},"t":13,"s":[696.676]},{"i":{"x":[0.833],"y":[0.832]},"o":{"x":[0.167],"y":[0.165]},"t":14,"s":[697.635]},{"i":{"x":[0.833],"y":[0.833]},"o":{"x":[0.167],"y":[0.166]},"t":15,"s":[698.614]},{"i":{"x":[0.833],"y":[0.834]},"o":{"x":[0.167],"y":[0.166]},"t":16,"s":[699.608]},{"i":{"x":[0.833],"y":[0.834]},"o":{"x":[0.167],"y":[0.167]},"t":17,"s":[700.607]},{"i":{"x":[0.833],"y":[0.835]},"o":{"x":[0.167],"y":[0.168]},"t":18,"s":[701.604]},{"i":{"x":[0.833],"y":[0.836]},"o":{"x":[0.167],"y":[0.168]},"t":19,"s":[702.59]},{"i":{"x":[0.833],"y":[0.837]},"o":{"x":[0.167],"y":[0.169]},"t":20,"s":[703.554]},{"i":{"x":[0.833],"y":[0.838]},"o":{"x":[0.167],"y":[0.171]},"t":21,"s":[704.488]},{"i":{"x":[0.833],"y":[0.84]},"o":{"x":[0.167],"y":[0.172]},"t":22,"s":[705.379]},{"i":{"x":[0.833],"y":[0.842]},"o":{"x":[0.167],"y":[0.174]},"t":23,"s":[706.217]},{"i":{"x":[0.833],"y":[0.844]},"o":{"x":[0.167],"y":[0.176]},"t":24,"s":[706.989]},{"i":{"x":[0.833],"y":[0.837]},"o":{"x":[0.167],"y":[0.179]},"t":25,"s":[707.685]},{"i":{"x":[0.833],"y":[0.819]},"o":{"x":[0.167],"y":[0.171]},"t":26,"s":[708.29]},{"i":{"x":[0.833],"y":[0.823]},"o":{"x":[0.167],"y":[0.155]},"t":27,"s":[708.866]},{"i":{"x":[0.833],"y":[0.826]},"o":{"x":[0.167],"y":[0.158]},"t":28,"s":[709.538]},{"i":{"x":[0.833],"y":[0.828]},"o":{"x":[0.167],"y":[0.16]},"t":29,"s":[710.292]},{"i":{"x":[0.833],"y":[0.83]},"o":{"x":[0.167],"y":[0.162]},"t":30,"s":[711.111]},{"i":{"x":[0.833],"y":[0.832]},"o":{"x":[0.167],"y":[0.164]},"t":31,"s":[711.977]},{"i":{"x":[0.833],"y":[0.833]},"o":{"x":[0.167],"y":[0.165]},"t":32,"s":[712.876]},{"i":{"x":[0.833],"y":[0.834]},"o":{"x":[0.167],"y":[0.166]},"t":33,"s":[713.793]},{"i":{"x":[0.833],"y":[0.835]},"o":{"x":[0.167],"y":[0.167]},"t":34,"s":[714.717]},{"i":{"x":[0.833],"y":[0.836]},"o":{"x":[0.167],"y":[0.168]},"t":35,"s":[715.635]},{"i":{"x":[0.833],"y":[0.836]},"o":{"x":[0.167],"y":[0.169]},"t":36,"s":[716.537]},{"i":{"x":[0.833],"y":[0.837]},"o":{"x":[0.167],"y":[0.17]},"t":37,"s":[717.414]},{"i":{"x":[0.833],"y":[0.838]},"o":{"x":[0.167],"y":[0.171]},"t":38,"s":[718.259]},{"i":{"x":[0.833],"y":[0.839]},"o":{"x":[0.167],"y":[0.172]},"t":39,"s":[719.063]},{"i":{"x":[0.833],"y":[0.84]},"o":{"x":[0.167],"y":[0.173]},"t":40,"s":[719.821]},{"i":{"x":[0.833],"y":[0.841]},"o":{"x":[0.167],"y":[0.174]},"t":41,"s":[720.528]},{"i":{"x":[0.833],"y":[0.842]},"o":{"x":[0.167],"y":[0.175]},"t":42,"s":[721.18]},{"i":{"x":[0.833],"y":[0.843]},"o":{"x":[0.167],"y":[0.176]},"t":43,"s":[721.773]},{"i":{"x":[0.833],"y":[0.844]},"o":{"x":[0.167],"y":[0.178]},"t":44,"s":[722.306]},{"i":{"x":[0.833],"y":[0.846]},"o":{"x":[0.167],"y":[0.179]},"t":45,"s":[722.777]},{"i":{"x":[0.833],"y":[0.848]},"o":{"x":[0.167],"y":[0.182]},"t":46,"s":[723.185]},{"i":{"x":[0.833],"y":[0.851]},"o":{"x":[0.167],"y":[0.185]},"t":47,"s":[723.531]},{"i":{"x":[0.833],"y":[0.855]},"o":{"x":[0.167],"y":[0.189]},"t":48,"s":[723.816]},{"i":{"x":[0.833],"y":[0.86]},"o":{"x":[0.167],"y":[0.195]},"t":49,"s":[724.04]},{"i":{"x":[0.833],"y":[0.871]},"o":{"x":[0.167],"y":[0.207]},"t":50,"s":[724.208]},{"i":{"x":[0.833],"y":[0.895]},"o":{"x":[0.167],"y":[0.234]},"t":51,"s":[724.321]},{"i":{"x":[0.833],"y":[1.051]},"o":{"x":[0.167],"y":[0.41]},"t":52,"s":[724.383]},{"i":{"x":[0.833],"y":[0.716]},"o":{"x":[0.167],"y":[0.032]},"t":53,"s":[724.399]},{"i":{"x":[0.833],"y":[0.792]},"o":{"x":[0.167],"y":[0.118]},"t":54,"s":[724.374]},{"i":{"x":[0.833],"y":[0.811]},"o":{"x":[0.167],"y":[0.139]},"t":55,"s":[724.311]},{"i":{"x":[0.833],"y":[0.821]},"o":{"x":[0.167],"y":[0.149]},"t":56,"s":[724.219]},{"i":{"x":[0.833],"y":[0.805]},"o":{"x":[0.167],"y":[0.156]},"t":57,"s":[724.102]},{"i":{"x":[0.833],"y":[0.784]},"o":{"x":[0.167],"y":[0.146]},"t":58,"s":[723.967]},{"i":{"x":[0.833],"y":[0.804]},"o":{"x":[0.167],"y":[0.136]},"t":59,"s":[723.786]},{"i":{"x":[0.833],"y":[0.814]},"o":{"x":[0.167],"y":[0.145]},"t":60,"s":[723.499]},{"i":{"x":[0.833],"y":[0.819]},"o":{"x":[0.167],"y":[0.151]},"t":61,"s":[723.112]},{"i":{"x":[0.833],"y":[0.822]},"o":{"x":[0.167],"y":[0.154]},"t":62,"s":[722.632]},{"i":{"x":[0.833],"y":[0.825]},"o":{"x":[0.167],"y":[0.157]},"t":63,"s":[722.07]},{"i":{"x":[0.833],"y":[0.827]},"o":{"x":[0.167],"y":[0.159]},"t":64,"s":[721.434]},{"i":{"x":[0.833],"y":[0.828]},"o":{"x":[0.167],"y":[0.16]},"t":65,"s":[720.732]},{"i":{"x":[0.833],"y":[0.829]},"o":{"x":[0.167],"y":[0.162]},"t":66,"s":[719.974]},{"i":{"x":[0.833],"y":[0.83]},"o":{"x":[0.167],"y":[0.163]},"t":67,"s":[719.166]},{"i":{"x":[0.833],"y":[0.831]},"o":{"x":[0.167],"y":[0.164]},"t":68,"s":[718.318]},{"i":{"x":[0.833],"y":[0.832]},"o":{"x":[0.167],"y":[0.164]},"t":69,"s":[717.439]},{"i":{"x":[0.833],"y":[0.833]},"o":{"x":[0.167],"y":[0.165]},"t":70,"s":[716.535]},{"i":{"x":[0.833],"y":[0.833]},"o":{"x":[0.167],"y":[0.166]},"t":71,"s":[715.616]},{"i":{"x":[0.833],"y":[0.834]},"o":{"x":[0.167],"y":[0.167]},"t":72,"s":[714.689]},{"i":{"x":[0.833],"y":[0.835]},"o":{"x":[0.167],"y":[0.167]},"t":73,"s":[713.763]},{"i":{"x":[0.833],"y":[0.835]},"o":{"x":[0.167],"y":[0.168]},"t":74,"s":[712.844]},{"i":{"x":[0.833],"y":[0.836]},"o":{"x":[0.167],"y":[0.169]},"t":75,"s":[711.94]},{"i":{"x":[0.833],"y":[0.837]},"o":{"x":[0.167],"y":[0.17]},"t":76,"s":[711.058]},{"i":{"x":[0.833],"y":[0.838]},"o":{"x":[0.167],"y":[0.17]},"t":77,"s":[710.206]},{"i":{"x":[0.833],"y":[0.839]},"o":{"x":[0.167],"y":[0.171]},"t":78,"s":[709.391]},{"i":{"x":[0.833],"y":[0.84]},"o":{"x":[0.167],"y":[0.172]},"t":79,"s":[708.618]},{"i":{"x":[0.833],"y":[0.841]},"o":{"x":[0.167],"y":[0.174]},"t":80,"s":[707.894]},{"i":{"x":[0.833],"y":[0.842]},"o":{"x":[0.167],"y":[0.175]},"t":81,"s":[707.226]},{"i":{"x":[0.833],"y":[0.844]},"o":{"x":[0.167],"y":[0.177]},"t":82,"s":[706.619]},{"i":{"x":[0.833],"y":[0.847]},"o":{"x":[0.167],"y":[0.179]},"t":83,"s":[706.078]},{"i":{"x":[0.833],"y":[0.851]},"o":{"x":[0.167],"y":[0.183]},"t":84,"s":[705.61]},{"i":{"x":[0.833],"y":[0.856]},"o":{"x":[0.167],"y":[0.188]},"t":85,"s":[705.218]},{"i":{"x":[0.833],"y":[0.866]},"o":{"x":[0.167],"y":[0.198]},"t":86,"s":[704.907]},{"i":{"x":[0.833],"y":[0.89]},"o":{"x":[0.167],"y":[0.222]},"t":87,"s":[704.682]},{"i":{"x":[0.833],"y":[1.02]},"o":{"x":[0.167],"y":[0.347]},"t":88,"s":[704.546]},{"i":{"x":[0.833],"y":[0.715]},"o":{"x":[0.167],"y":[0.016]},"t":89,"s":[704.503]},{"i":{"x":[0.833],"y":[0.815]},"o":{"x":[0.167],"y":[0.118]},"t":90,"s":[704.556]},{"i":{"x":[0.833],"y":[0.821]},"o":{"x":[0.167],"y":[0.152]},"t":91,"s":[704.684]},{"i":{"x":[0.833],"y":[0.824]},"o":{"x":[0.167],"y":[0.156]},"t":92,"s":[704.841]},{"i":{"x":[0.833],"y":[0.826]},"o":{"x":[0.167],"y":[0.158]},"t":93,"s":[705.021]},{"i":{"x":[0.833],"y":[0.828]},"o":{"x":[0.167],"y":[0.16]},"t":94,"s":[705.22]},{"i":{"x":[0.833],"y":[0.83]},"o":{"x":[0.167],"y":[0.162]},"t":95,"s":[705.437]},{"i":{"x":[0.833],"y":[0.831]},"o":{"x":[0.167],"y":[0.163]},"t":96,"s":[705.666]},{"i":{"x":[0.833],"y":[0.833]},"o":{"x":[0.167],"y":[0.165]},"t":97,"s":[705.905]},{"i":{"x":[0.833],"y":[0.834]},"o":{"x":[0.167],"y":[0.166]},"t":98,"s":[706.149]},{"i":{"x":[0.833],"y":[0.835]},"o":{"x":[0.167],"y":[0.167]},"t":99,"s":[706.396]},{"i":{"x":[0.833],"y":[0.836]},"o":{"x":[0.167],"y":[0.168]},"t":100,"s":[706.641]},{"i":{"x":[0.833],"y":[0.837]},"o":{"x":[0.167],"y":[0.169]},"t":101,"s":[706.882]},{"i":{"x":[0.833],"y":[0.838]},"o":{"x":[0.167],"y":[0.171]},"t":102,"s":[707.116]},{"i":{"x":[0.833],"y":[0.84]},"o":{"x":[0.167],"y":[0.172]},"t":103,"s":[707.339]},{"i":{"x":[0.833],"y":[0.841]},"o":{"x":[0.167],"y":[0.173]},"t":104,"s":[707.549]},{"i":{"x":[0.833],"y":[0.843]},"o":{"x":[0.167],"y":[0.175]},"t":105,"s":[707.744]},{"i":{"x":[0.833],"y":[0.845]},"o":{"x":[0.167],"y":[0.177]},"t":106,"s":[707.921]},{"i":{"x":[0.833],"y":[0.847]},"o":{"x":[0.167],"y":[0.18]},"t":107,"s":[708.078]},{"i":{"x":[0.833],"y":[0.85]},"o":{"x":[0.167],"y":[0.183]},"t":108,"s":[708.213]},{"i":{"x":[0.833],"y":[0.855]},"o":{"x":[0.167],"y":[0.188]},"t":109,"s":[708.326]},{"i":{"x":[0.833],"y":[0.863]},"o":{"x":[0.167],"y":[0.196]},"t":110,"s":[708.416]},{"i":{"x":[0.833],"y":[0.878]},"o":{"x":[0.167],"y":[0.213]},"t":111,"s":[708.483]},{"i":{"x":[0.833],"y":[0.926]},"o":{"x":[0.167],"y":[0.264]},"t":112,"s":[708.525]},{"i":{"x":[0.833],"y":[0.061]},"o":{"x":[0.167],"y":[-0.668]},"t":113,"s":[708.545]},{"i":{"x":[0.833],"y":[0.766]},"o":{"x":[0.167],"y":[0.091]},"t":114,"s":[708.543]},{"i":{"x":[0.833],"y":[0.802]},"o":{"x":[0.167],"y":[0.13]},"t":115,"s":[708.52]},{"i":{"x":[0.833],"y":[0.816]},"o":{"x":[0.167],"y":[0.144]},"t":116,"s":[708.48]},{"i":{"x":[0.833],"y":[0.824]},"o":{"x":[0.167],"y":[0.152]},"t":117,"s":[708.424]},{"i":{"x":[0.833],"y":[0.83]},"o":{"x":[0.167],"y":[0.158]},"t":118,"s":[708.357]},{"i":{"x":[0.833],"y":[0.837]},"o":{"x":[0.167],"y":[0.164]},"t":119,"s":[708.282]},{"i":{"x":[0.833],"y":[0.844]},"o":{"x":[0.167],"y":[0.17]},"t":120,"s":[708.205]},{"i":{"x":[0.833],"y":[0.752]},"o":{"x":[0.167],"y":[0.179]},"t":121,"s":[708.131]},{"i":{"x":[0.833],"y":[0.7]},"o":{"x":[0.167],"y":[0.126]},"t":122,"s":[708.065]},{"i":{"x":[0.833],"y":[0.786]},"o":{"x":[0.167],"y":[0.115]},"t":123,"s":[707.937]},{"i":{"x":[0.833],"y":[0.807]},"o":{"x":[0.167],"y":[0.137]},"t":124,"s":[707.602]},{"i":{"x":[0.833],"y":[0.816]},"o":{"x":[0.167],"y":[0.147]},"t":125,"s":[707.079]},{"i":{"x":[0.833],"y":[0.821]},"o":{"x":[0.167],"y":[0.152]},"t":126,"s":[706.389]},{"i":{"x":[0.833],"y":[0.825]},"o":{"x":[0.167],"y":[0.156]},"t":127,"s":[705.555]},{"i":{"x":[0.833],"y":[0.827]},"o":{"x":[0.167],"y":[0.159]},"t":128,"s":[704.597]},{"i":{"x":[0.833],"y":[0.829]},"o":{"x":[0.167],"y":[0.161]},"t":129,"s":[703.539]},{"i":{"x":[0.833],"y":[0.831]},"o":{"x":[0.167],"y":[0.163]},"t":130,"s":[702.402]},{"i":{"x":[0.833],"y":[0.832]},"o":{"x":[0.167],"y":[0.164]},"t":131,"s":[701.206]},{"i":{"x":[0.833],"y":[0.833]},"o":{"x":[0.167],"y":[0.166]},"t":132,"s":[699.973]},{"i":{"x":[0.833],"y":[0.835]},"o":{"x":[0.167],"y":[0.167]},"t":133,"s":[698.722]},{"i":{"x":[0.833],"y":[0.836]},"o":{"x":[0.167],"y":[0.168]},"t":134,"s":[697.474]},{"i":{"x":[0.833],"y":[0.837]},"o":{"x":[0.167],"y":[0.169]},"t":135,"s":[696.247]},{"i":{"x":[0.833],"y":[0.839]},"o":{"x":[0.167],"y":[0.171]},"t":136,"s":[695.059]},{"i":{"x":[0.833],"y":[0.84]},"o":{"x":[0.167],"y":[0.172]},"t":137,"s":[693.927]},{"i":{"x":[0.833],"y":[0.842]},"o":{"x":[0.167],"y":[0.174]},"t":138,"s":[692.867]},{"i":{"x":[0.833],"y":[0.844]},"o":{"x":[0.167],"y":[0.176]},"t":139,"s":[691.894]},{"i":{"x":[0.833],"y":[0.847]},"o":{"x":[0.167],"y":[0.179]},"t":140,"s":[691.022]},{"i":{"x":[0.833],"y":[0.851]},"o":{"x":[0.167],"y":[0.183]},"t":141,"s":[690.263]},{"i":{"x":[0.833],"y":[0.857]},"o":{"x":[0.167],"y":[0.189]},"t":142,"s":[689.627]},{"i":{"x":[0.833],"y":[0.867]},"o":{"x":[0.167],"y":[0.199]},"t":143,"s":[689.125]},{"i":{"x":[0.833],"y":[0.893]},"o":{"x":[0.167],"y":[0.224]},"t":144,"s":[688.765]},{"i":{"x":[0.833],"y":[1.043]},"o":{"x":[0.167],"y":[0.373]},"t":145,"s":[688.552]},{"i":{"x":[0.833],"y":[0.694]},"o":{"x":[0.167],"y":[0.028]},"t":146,"s":[688.49]},{"i":{"x":[0.833],"y":[0.782]},"o":{"x":[0.167],"y":[0.115]},"t":147,"s":[688.583]},{"i":{"x":[0.833],"y":[0.802]},"o":{"x":[0.167],"y":[0.135]},"t":148,"s":[688.831]},{"i":{"x":[0.833],"y":[0.812]},"o":{"x":[0.167],"y":[0.144]},"t":149,"s":[689.231]},{"i":{"x":[0.833],"y":[0.817]},"o":{"x":[0.167],"y":[0.149]},"t":150,"s":[689.782]},{"i":{"x":[0.833],"y":[0.821]},"o":{"x":[0.167],"y":[0.153]},"t":151,"s":[690.475]},{"i":{"x":[0.833],"y":[0.824]},"o":{"x":[0.167],"y":[0.156]},"t":152,"s":[691.304]},{"i":{"x":[0.833],"y":[0.829]},"o":{"x":[0.167],"y":[0.158]},"t":153,"s":[692.256]},{"i":{"x":[0.833],"y":[0.836]},"o":{"x":[0.167],"y":[0.162]},"t":154,"s":[693.32]},{"i":{"x":[0.833],"y":[0.837]},"o":{"x":[0.167],"y":[0.169]},"t":155,"s":[694.441]},{"i":{"x":[0.833],"y":[0.838]},"o":{"x":[0.167],"y":[0.17]},"t":156,"s":[695.531]},{"i":{"x":[0.833],"y":[0.839]},"o":{"x":[0.167],"y":[0.172]},"t":157,"s":[696.575]},{"i":{"x":[0.833],"y":[0.841]},"o":{"x":[0.167],"y":[0.173]},"t":158,"s":[697.559]},{"i":{"x":[0.833],"y":[0.843]},"o":{"x":[0.167],"y":[0.175]},"t":159,"s":[698.47]},{"i":{"x":[0.833],"y":[0.845]},"o":{"x":[0.167],"y":[0.177]},"t":160,"s":[699.298]},{"i":{"x":[0.833],"y":[0.848]},"o":{"x":[0.167],"y":[0.181]},"t":161,"s":[700.031]},{"i":{"x":[0.833],"y":[0.853]},"o":{"x":[0.167],"y":[0.185]},"t":162,"s":[700.66]},{"i":{"x":[0.833],"y":[0.86]},"o":{"x":[0.167],"y":[0.192]},"t":163,"s":[701.175]},{"i":{"x":[0.833],"y":[0.874]},"o":{"x":[0.167],"y":[0.206]},"t":164,"s":[701.571]},{"i":{"x":[0.833],"y":[0.913]},"o":{"x":[0.167],"y":[0.245]},"t":165,"s":[701.84]},{"i":{"x":[0.833],"y":[2.939]},"o":{"x":[0.167],"y":[2.254]},"t":166,"s":[701.979]},{"i":{"x":[0.833],"y":[0.747]},"o":{"x":[0.167],"y":[0.08]},"t":167,"s":[701.984]},{"i":{"x":[0.833],"y":[0.792]},"o":{"x":[0.167],"y":[0.124]},"t":168,"s":[701.855]},{"i":{"x":[0.833],"y":[0.807]},"o":{"x":[0.167],"y":[0.139]},"t":169,"s":[701.591]},{"i":{"x":[0.833],"y":[0.814]},"o":{"x":[0.167],"y":[0.146]},"t":170,"s":[701.196]},{"i":{"x":[0.833],"y":[0.819]},"o":{"x":[0.167],"y":[0.151]},"t":171,"s":[700.674]},{"i":{"x":[0.833],"y":[0.822]},"o":{"x":[0.167],"y":[0.154]},"t":172,"s":[700.031]},{"i":{"x":[0.833],"y":[0.825]},"o":{"x":[0.167],"y":[0.157]},"t":173,"s":[699.277]},{"i":{"x":[0.833],"y":[0.827]},"o":{"x":[0.167],"y":[0.159]},"t":174,"s":[698.422]},{"i":{"x":[0.833],"y":[0.829]},"o":{"x":[0.167],"y":[0.161]},"t":175,"s":[697.479]},{"i":{"x":[0.833],"y":[0.831]},"o":{"x":[0.167],"y":[0.163]},"t":176,"s":[696.465]},{"i":{"x":[0.833],"y":[0.833]},"o":{"x":[0.167],"y":[0.164]},"t":177,"s":[695.399]},{"i":{"x":[0.833],"y":[0.835]},"o":{"x":[0.167],"y":[0.166]},"t":178,"s":[694.301]},{"i":{"x":[0.833],"y":[0.837]},"o":{"x":[0.167],"y":[0.168]},"t":179,"s":[693.197]},{"i":{"x":[0.833],"y":[0.84]},"o":{"x":[0.167],"y":[0.171]},"t":180,"s":[692.112]},{"i":{"x":[0.833],"y":[0.844]},"o":{"x":[0.167],"y":[0.174]},"t":181,"s":[691.078]},{"i":{"x":[0.833],"y":[0.849]},"o":{"x":[0.167],"y":[0.179]},"t":182,"s":[690.128]},{"i":{"x":[0.833],"y":[0.859]},"o":{"x":[0.167],"y":[0.187]},"t":183,"s":[689.298]},{"i":{"x":[0.833],"y":[0.878]},"o":{"x":[0.167],"y":[0.203]},"t":184,"s":[688.628]},{"i":{"x":[0.833],"y":[0.911]},"o":{"x":[0.167],"y":[0.264]},"t":185,"s":[688.162]},{"i":{"x":[0.833],"y":[0.941]},"o":{"x":[0.167],"y":[1.216]},"t":186,"s":[687.947]},{"i":{"x":[0.833],"y":[0.548]},"o":{"x":[0.167],"y":[-0.204]},"t":187,"s":[687.932]},{"i":{"x":[0.833],"y":[0.764]},"o":{"x":[0.167],"y":[0.102]},"t":188,"s":[687.936]},{"i":{"x":[0.833],"y":[0.791]},"o":{"x":[0.167],"y":[0.129]},"t":189,"s":[687.956]},{"i":{"x":[0.833],"y":[0.801]},"o":{"x":[0.167],"y":[0.139]},"t":190,"s":[687.994]},{"i":{"x":[0.833],"y":[0.536]},"o":{"x":[0.167],"y":[0.144]},"t":191,"s":[688.05]},{"i":{"x":[0.833],"y":[0.822]},"o":{"x":[0.167],"y":[0.102]},"t":192,"s":[688.128]},{"i":{"x":[0.833],"y":[0.823]},"o":{"x":[0.167],"y":[0.157]},"t":193,"s":[688.482]},{"i":{"x":[0.833],"y":[0.824]},"o":{"x":[0.167],"y":[0.157]},"t":194,"s":[688.885]},{"i":{"x":[0.833],"y":[0.824]},"o":{"x":[0.167],"y":[0.158]},"t":195,"s":[689.338]},{"i":{"x":[0.833],"y":[0.825]},"o":{"x":[0.167],"y":[0.159]},"t":196,"s":[689.844]},{"i":{"x":[0.833],"y":[0.826]},"o":{"x":[0.167],"y":[0.159]},"t":197,"s":[690.404]},{"i":{"x":[0.833],"y":[0.827]},"o":{"x":[0.167],"y":[0.16]},"t":198,"s":[691.018]},{"i":{"x":[0.833],"y":[0.828]},"o":{"x":[0.167],"y":[0.161]},"t":199,"s":[691.685]},{"i":{"x":[0.833],"y":[0.828]},"o":{"x":[0.167],"y":[0.161]},"t":200,"s":[692.404]},{"i":{"x":[0.833],"y":[0.829]},"o":{"x":[0.167],"y":[0.162]},"t":201,"s":[693.173]},{"i":{"x":[0.833],"y":[0.83]},"o":{"x":[0.167],"y":[0.162]},"t":202,"s":[693.989]},{"i":{"x":[0.833],"y":[0.83]},"o":{"x":[0.167],"y":[0.163]},"t":203,"s":[694.847]},{"i":{"x":[0.833],"y":[0.831]},"o":{"x":[0.167],"y":[0.164]},"t":204,"s":[695.745]},{"i":{"x":[0.833],"y":[0.832]},"o":{"x":[0.167],"y":[0.164]},"t":205,"s":[696.676]},{"i":{"x":[0.833],"y":[0.832]},"o":{"x":[0.167],"y":[0.165]},"t":206,"s":[697.635]},{"i":{"x":[0.833],"y":[0.833]},"o":{"x":[0.167],"y":[0.166]},"t":207,"s":[698.614]},{"i":{"x":[0.833],"y":[0.834]},"o":{"x":[0.167],"y":[0.166]},"t":208,"s":[699.608]},{"i":{"x":[0.833],"y":[0.834]},"o":{"x":[0.167],"y":[0.167]},"t":209,"s":[700.607]},{"i":{"x":[0.833],"y":[0.835]},"o":{"x":[0.167],"y":[0.168]},"t":210,"s":[701.604]},{"i":{"x":[0.833],"y":[0.836]},"o":{"x":[0.167],"y":[0.168]},"t":211,"s":[702.59]},{"i":{"x":[0.833],"y":[0.837]},"o":{"x":[0.167],"y":[0.169]},"t":212,"s":[703.554]},{"i":{"x":[0.833],"y":[0.838]},"o":{"x":[0.167],"y":[0.171]},"t":213,"s":[704.488]},{"i":{"x":[0.833],"y":[0.84]},"o":{"x":[0.167],"y":[0.172]},"t":214,"s":[705.379]},{"i":{"x":[0.833],"y":[0.842]},"o":{"x":[0.167],"y":[0.174]},"t":215,"s":[706.217]},{"i":{"x":[0.833],"y":[0.844]},"o":{"x":[0.167],"y":[0.176]},"t":216,"s":[706.989]},{"i":{"x":[0.833],"y":[0.837]},"o":{"x":[0.167],"y":[0.179]},"t":217,"s":[707.685]},{"i":{"x":[0.833],"y":[0.819]},"o":{"x":[0.167],"y":[0.171]},"t":218,"s":[708.29]},{"i":{"x":[0.833],"y":[0.823]},"o":{"x":[0.167],"y":[0.155]},"t":219,"s":[708.866]},{"i":{"x":[0.833],"y":[0.826]},"o":{"x":[0.167],"y":[0.158]},"t":220,"s":[709.538]},{"i":{"x":[0.833],"y":[0.828]},"o":{"x":[0.167],"y":[0.16]},"t":221,"s":[710.292]},{"i":{"x":[0.833],"y":[0.83]},"o":{"x":[0.167],"y":[0.162]},"t":222,"s":[711.111]},{"i":{"x":[0.833],"y":[0.832]},"o":{"x":[0.167],"y":[0.164]},"t":223,"s":[711.977]},{"i":{"x":[0.833],"y":[0.833]},"o":{"x":[0.167],"y":[0.165]},"t":224,"s":[712.876]},{"i":{"x":[0.833],"y":[0.834]},"o":{"x":[0.167],"y":[0.166]},"t":225,"s":[713.793]},{"i":{"x":[0.833],"y":[0.835]},"o":{"x":[0.167],"y":[0.167]},"t":226,"s":[714.717]},{"i":{"x":[0.833],"y":[0.836]},"o":{"x":[0.167],"y":[0.168]},"t":227,"s":[715.635]},{"i":{"x":[0.833],"y":[0.836]},"o":{"x":[0.167],"y":[0.169]},"t":228,"s":[716.537]},{"i":{"x":[0.833],"y":[0.837]},"o":{"x":[0.167],"y":[0.17]},"t":229,"s":[717.414]},{"i":{"x":[0.833],"y":[0.838]},"o":{"x":[0.167],"y":[0.171]},"t":230,"s":[718.259]},{"i":{"x":[0.833],"y":[0.839]},"o":{"x":[0.167],"y":[0.172]},"t":231,"s":[719.063]},{"i":{"x":[0.833],"y":[0.84]},"o":{"x":[0.167],"y":[0.173]},"t":232,"s":[719.821]},{"i":{"x":[0.833],"y":[0.841]},"o":{"x":[0.167],"y":[0.174]},"t":233,"s":[720.528]},{"i":{"x":[0.833],"y":[0.842]},"o":{"x":[0.167],"y":[0.175]},"t":234,"s":[721.18]},{"i":{"x":[0.833],"y":[0.843]},"o":{"x":[0.167],"y":[0.176]},"t":235,"s":[721.773]},{"i":{"x":[0.833],"y":[0.844]},"o":{"x":[0.167],"y":[0.178]},"t":236,"s":[722.306]},{"i":{"x":[0.833],"y":[0.846]},"o":{"x":[0.167],"y":[0.179]},"t":237,"s":[722.777]},{"i":{"x":[0.833],"y":[0.833]},"o":{"x":[0.167],"y":[0.182]},"t":238,"s":[723.185]},{"t":239,"s":[723.531]}],"ix":4}},"a":{"a":0,"k":[0,0,0],"ix":1},"s":{"a":0,"k":[100,100,100],"ix":6}},"ao":0,"shapes":[{"ty":"gr","it":[{"ind":0,"ty":"sh","ix":1,"ks":{"a":0,"k":{"i":[[-54.413,-10.175],[-11.006,2.362],[-8.86,18.438],[33.121,-13.193]],"o":[[11.215,2.097],[14.902,-3.198],[30.578,-63.631],[-42.337,16.864]],"v":[[-21.659,67.968],[11.711,65.338],[51.801,39.262],[-23.891,-66.825]],"c":true},"ix":2},"nm":"Path 1","mn":"ADBE Vector Shape - Group","hd":false},{"ty":"fl","c":{"a":0,"k":[0.803921580315,0.86274510622,0.815686285496,1],"ix":4},"o":{"a":0,"k":100,"ix":5},"r":1,"bm":0,"nm":"Fill 1","mn":"ADBE Vector Graphic - Fill","hd":false},{"ty":"tr","p":{"a":0,"k":[0,0],"ix":2},"a":{"a":0,"k":[0,0],"ix":1},"s":{"a":0,"k":[100,100],"ix":3},"r":{"a":0,"k":0,"ix":6},"o":{"a":0,"k":100,"ix":7},"sk":{"a":0,"k":0,"ix":4},"sa":{"a":0,"k":0,"ix":5},"nm":"Transform"}],"nm":"Group 1","np":2,"cix":2,"bm":0,"ix":1,"mn":"ADBE Vector Group","hd":false}],"ip":0,"op":240,"st":0,"bm":0},{"ddd":0,"ind":11,"ty":4,"nm":"Circle 2","sr":1,"ks":{"o":{"a":0,"k":100,"ix":11},"r":{"a":0,"k":0,"ix":10},"p":{"s":true,"x":{"a":0,"k":854.272,"ix":3},"y":{"a":1,"k":[{"i":{"x":[0.833],"y":[0.833]},"o":{"x":[0.167],"y":[0.167]},"t":0,"s":[368.622]},{"i":{"x":[0.833],"y":[0.833]},"o":{"x":[0.167],"y":[0.167]},"t":1,"s":[369.046]},{"i":{"x":[0.833],"y":[0.834]},"o":{"x":[0.167],"y":[0.167]},"t":2,"s":[369.471]},{"i":{"x":[0.833],"y":[0.834]},"o":{"x":[0.167],"y":[0.167]},"t":3,"s":[369.896]},{"i":{"x":[0.833],"y":[0.834]},"o":{"x":[0.167],"y":[0.167]},"t":4,"s":[370.319]},{"i":{"x":[0.833],"y":[0.834]},"o":{"x":[0.167],"y":[0.167]},"t":5,"s":[370.741]},{"i":{"x":[0.833],"y":[0.834]},"o":{"x":[0.167],"y":[0.167]},"t":6,"s":[371.16]},{"i":{"x":[0.833],"y":[0.834]},"o":{"x":[0.167],"y":[0.168]},"t":7,"s":[371.574]},{"i":{"x":[0.833],"y":[0.835]},"o":{"x":[0.167],"y":[0.168]},"t":8,"s":[371.985]},{"i":{"x":[0.833],"y":[0.835]},"o":{"x":[0.167],"y":[0.168]},"t":9,"s":[372.389]},{"i":{"x":[0.833],"y":[0.835]},"o":{"x":[0.167],"y":[0.168]},"t":10,"s":[372.787]},{"i":{"x":[0.833],"y":[0.835]},"o":{"x":[0.167],"y":[0.169]},"t":11,"s":[373.178]},{"i":{"x":[0.833],"y":[0.836]},"o":{"x":[0.167],"y":[0.169]},"t":12,"s":[373.56]},{"i":{"x":[0.833],"y":[0.836]},"o":{"x":[0.167],"y":[0.169]},"t":13,"s":[373.933]},{"i":{"x":[0.833],"y":[0.836]},"o":{"x":[0.167],"y":[0.169]},"t":14,"s":[374.295]},{"i":{"x":[0.833],"y":[0.837]},"o":{"x":[0.167],"y":[0.17]},"t":15,"s":[374.645]},{"i":{"x":[0.833],"y":[0.837]},"o":{"x":[0.167],"y":[0.17]},"t":16,"s":[374.983]},{"i":{"x":[0.833],"y":[0.838]},"o":{"x":[0.167],"y":[0.171]},"t":17,"s":[375.307]},{"i":{"x":[0.833],"y":[0.838]},"o":{"x":[0.167],"y":[0.171]},"t":18,"s":[375.615]},{"i":{"x":[0.833],"y":[0.839]},"o":{"x":[0.167],"y":[0.172]},"t":19,"s":[375.906]},{"i":{"x":[0.833],"y":[0.84]},"o":{"x":[0.167],"y":[0.173]},"t":20,"s":[376.18]},{"i":{"x":[0.833],"y":[0.841]},"o":{"x":[0.167],"y":[0.174]},"t":21,"s":[376.434]},{"i":{"x":[0.833],"y":[0.842]},"o":{"x":[0.167],"y":[0.176]},"t":22,"s":[376.667]},{"i":{"x":[0.833],"y":[0.821]},"o":{"x":[0.167],"y":[0.177]},"t":23,"s":[376.877]},{"i":{"x":[0.833],"y":[0.815]},"o":{"x":[0.167],"y":[0.156]},"t":24,"s":[377.064]},{"i":{"x":[0.833],"y":[0.821]},"o":{"x":[0.167],"y":[0.151]},"t":25,"s":[377.279]},{"i":{"x":[0.833],"y":[0.824]},"o":{"x":[0.167],"y":[0.156]},"t":26,"s":[377.541]},{"i":{"x":[0.833],"y":[0.827]},"o":{"x":[0.167],"y":[0.159]},"t":27,"s":[377.843]},{"i":{"x":[0.833],"y":[0.829]},"o":{"x":[0.167],"y":[0.161]},"t":28,"s":[378.179]},{"i":{"x":[0.833],"y":[0.831]},"o":{"x":[0.167],"y":[0.163]},"t":29,"s":[378.54]},{"i":{"x":[0.833],"y":[0.832]},"o":{"x":[0.167],"y":[0.164]},"t":30,"s":[378.919]},{"i":{"x":[0.833],"y":[0.833]},"o":{"x":[0.167],"y":[0.165]},"t":31,"s":[379.311]},{"i":{"x":[0.833],"y":[0.835]},"o":{"x":[0.167],"y":[0.167]},"t":32,"s":[379.708]},{"i":{"x":[0.833],"y":[0.836]},"o":{"x":[0.167],"y":[0.168]},"t":33,"s":[380.106]},{"i":{"x":[0.833],"y":[0.837]},"o":{"x":[0.167],"y":[0.169]},"t":34,"s":[380.497]},{"i":{"x":[0.833],"y":[0.838]},"o":{"x":[0.167],"y":[0.17]},"t":35,"s":[380.878]},{"i":{"x":[0.833],"y":[0.839]},"o":{"x":[0.167],"y":[0.172]},"t":36,"s":[381.243]},{"i":{"x":[0.833],"y":[0.841]},"o":{"x":[0.167],"y":[0.173]},"t":37,"s":[381.587]},{"i":{"x":[0.833],"y":[0.843]},"o":{"x":[0.167],"y":[0.175]},"t":38,"s":[381.906]},{"i":{"x":[0.833],"y":[0.845]},"o":{"x":[0.167],"y":[0.177]},"t":39,"s":[382.196]},{"i":{"x":[0.833],"y":[0.848]},"o":{"x":[0.167],"y":[0.18]},"t":40,"s":[382.453]},{"i":{"x":[0.833],"y":[0.852]},"o":{"x":[0.167],"y":[0.184]},"t":41,"s":[382.675]},{"i":{"x":[0.833],"y":[0.859]},"o":{"x":[0.167],"y":[0.191]},"t":42,"s":[382.858]},{"i":{"x":[0.833],"y":[0.872]},"o":{"x":[0.167],"y":[0.204]},"t":43,"s":[382.999]},{"i":{"x":[0.833],"y":[0.909]},"o":{"x":[0.167],"y":[0.24]},"t":44,"s":[383.096]},{"i":{"x":[0.833],"y":[1.688]},"o":{"x":[0.167],"y":[1]},"t":45,"s":[383.148]},{"i":{"x":[0.833],"y":[0.739]},"o":{"x":[0.167],"y":[0.074]},"t":46,"s":[383.153]},{"i":{"x":[0.833],"y":[0.789]},"o":{"x":[0.167],"y":[0.123]},"t":47,"s":[383.109]},{"i":{"x":[0.833],"y":[0.804]},"o":{"x":[0.167],"y":[0.138]},"t":48,"s":[383.016]},{"i":{"x":[0.833],"y":[0.812]},"o":{"x":[0.167],"y":[0.145]},"t":49,"s":[382.874]},{"i":{"x":[0.833],"y":[0.817]},"o":{"x":[0.167],"y":[0.15]},"t":50,"s":[382.682]},{"i":{"x":[0.833],"y":[0.82]},"o":{"x":[0.167],"y":[0.153]},"t":51,"s":[382.44]},{"i":{"x":[0.833],"y":[0.822]},"o":{"x":[0.167],"y":[0.155]},"t":52,"s":[382.15]},{"i":{"x":[0.833],"y":[0.824]},"o":{"x":[0.167],"y":[0.157]},"t":53,"s":[381.812]},{"i":{"x":[0.833],"y":[0.825]},"o":{"x":[0.167],"y":[0.158]},"t":54,"s":[381.427]},{"i":{"x":[0.833],"y":[0.826]},"o":{"x":[0.167],"y":[0.159]},"t":55,"s":[380.999]},{"i":{"x":[0.833],"y":[0.827]},"o":{"x":[0.167],"y":[0.16]},"t":56,"s":[380.528]},{"i":{"x":[0.833],"y":[0.828]},"o":{"x":[0.167],"y":[0.161]},"t":57,"s":[380.017]},{"i":{"x":[0.833],"y":[0.829]},"o":{"x":[0.167],"y":[0.162]},"t":58,"s":[379.47]},{"i":{"x":[0.833],"y":[0.83]},"o":{"x":[0.167],"y":[0.163]},"t":59,"s":[378.889]},{"i":{"x":[0.833],"y":[0.831]},"o":{"x":[0.167],"y":[0.163]},"t":60,"s":[378.279]},{"i":{"x":[0.833],"y":[0.831]},"o":{"x":[0.167],"y":[0.164]},"t":61,"s":[377.644]},{"i":{"x":[0.833],"y":[0.832]},"o":{"x":[0.167],"y":[0.165]},"t":62,"s":[376.989]},{"i":{"x":[0.833],"y":[0.833]},"o":{"x":[0.167],"y":[0.165]},"t":63,"s":[376.318]},{"i":{"x":[0.833],"y":[0.834]},"o":{"x":[0.167],"y":[0.166]},"t":64,"s":[375.637]},{"i":{"x":[0.833],"y":[0.834]},"o":{"x":[0.167],"y":[0.167]},"t":65,"s":[374.951]},{"i":{"x":[0.833],"y":[0.835]},"o":{"x":[0.167],"y":[0.168]},"t":66,"s":[374.268]},{"i":{"x":[0.833],"y":[0.836]},"o":{"x":[0.167],"y":[0.169]},"t":67,"s":[373.594]},{"i":{"x":[0.833],"y":[0.837]},"o":{"x":[0.167],"y":[0.17]},"t":68,"s":[372.936]},{"i":{"x":[0.833],"y":[0.839]},"o":{"x":[0.167],"y":[0.171]},"t":69,"s":[372.301]},{"i":{"x":[0.833],"y":[0.84]},"o":{"x":[0.167],"y":[0.173]},"t":70,"s":[371.698]},{"i":{"x":[0.833],"y":[0.832]},"o":{"x":[0.167],"y":[0.174]},"t":71,"s":[371.135]},{"i":{"x":[0.833],"y":[0.828]},"o":{"x":[0.167],"y":[0.165]},"t":72,"s":[370.62]},{"i":{"x":[0.833],"y":[0.829]},"o":{"x":[0.167],"y":[0.162]},"t":73,"s":[370.097]},{"i":{"x":[0.833],"y":[0.83]},"o":{"x":[0.167],"y":[0.163]},"t":74,"s":[369.541]},{"i":{"x":[0.833],"y":[0.831]},"o":{"x":[0.167],"y":[0.164]},"t":75,"s":[368.956]},{"i":{"x":[0.833],"y":[0.832]},"o":{"x":[0.167],"y":[0.165]},"t":76,"s":[368.35]},{"i":{"x":[0.833],"y":[0.833]},"o":{"x":[0.167],"y":[0.165]},"t":77,"s":[367.729]},{"i":{"x":[0.833],"y":[0.834]},"o":{"x":[0.167],"y":[0.166]},"t":78,"s":[367.098]},{"i":{"x":[0.833],"y":[0.834]},"o":{"x":[0.167],"y":[0.167]},"t":79,"s":[366.464]},{"i":{"x":[0.833],"y":[0.835]},"o":{"x":[0.167],"y":[0.168]},"t":80,"s":[365.831]},{"i":{"x":[0.833],"y":[0.836]},"o":{"x":[0.167],"y":[0.168]},"t":81,"s":[365.205]},{"i":{"x":[0.833],"y":[0.836]},"o":{"x":[0.167],"y":[0.169]},"t":82,"s":[364.591]},{"i":{"x":[0.833],"y":[0.837]},"o":{"x":[0.167],"y":[0.17]},"t":83,"s":[363.994]},{"i":{"x":[0.833],"y":[0.838]},"o":{"x":[0.167],"y":[0.17]},"t":84,"s":[363.417]},{"i":{"x":[0.833],"y":[0.838]},"o":{"x":[0.167],"y":[0.171]},"t":85,"s":[362.865]},{"i":{"x":[0.833],"y":[0.839]},"o":{"x":[0.167],"y":[0.172]},"t":86,"s":[362.341]},{"i":{"x":[0.833],"y":[0.84]},"o":{"x":[0.167],"y":[0.173]},"t":87,"s":[361.85]},{"i":{"x":[0.833],"y":[0.842]},"o":{"x":[0.167],"y":[0.174]},"t":88,"s":[361.394]},{"i":{"x":[0.833],"y":[0.843]},"o":{"x":[0.167],"y":[0.176]},"t":89,"s":[360.976]},{"i":{"x":[0.833],"y":[0.845]},"o":{"x":[0.167],"y":[0.178]},"t":90,"s":[360.6]},{"i":{"x":[0.833],"y":[0.847]},"o":{"x":[0.167],"y":[0.18]},"t":91,"s":[360.267]},{"i":{"x":[0.833],"y":[0.85]},"o":{"x":[0.167],"y":[0.183]},"t":92,"s":[359.98]},{"i":{"x":[0.833],"y":[0.855]},"o":{"x":[0.167],"y":[0.188]},"t":93,"s":[359.74]},{"i":{"x":[0.833],"y":[0.863]},"o":{"x":[0.167],"y":[0.196]},"t":94,"s":[359.549]},{"i":{"x":[0.833],"y":[0.881]},"o":{"x":[0.167],"y":[0.214]},"t":95,"s":[359.408]},{"i":{"x":[0.833],"y":[0.944]},"o":{"x":[0.167],"y":[0.277]},"t":96,"s":[359.317]},{"i":{"x":[0.833],"y":[0.496]},"o":{"x":[0.167],"y":[-0.172]},"t":97,"s":[359.278]},{"i":{"x":[0.833],"y":[0.767]},"o":{"x":[0.167],"y":[0.1]},"t":98,"s":[359.291]},{"i":{"x":[0.833],"y":[0.797]},"o":{"x":[0.167],"y":[0.13]},"t":99,"s":[359.355]},{"i":{"x":[0.833],"y":[0.809]},"o":{"x":[0.167],"y":[0.141]},"t":100,"s":[359.47]},{"i":{"x":[0.833],"y":[0.815]},"o":{"x":[0.167],"y":[0.148]},"t":101,"s":[359.636]},{"i":{"x":[0.833],"y":[0.819]},"o":{"x":[0.167],"y":[0.152]},"t":102,"s":[359.85]},{"i":{"x":[0.833],"y":[0.822]},"o":{"x":[0.167],"y":[0.154]},"t":103,"s":[360.112]},{"i":{"x":[0.833],"y":[0.824]},"o":{"x":[0.167],"y":[0.156]},"t":104,"s":[360.419]},{"i":{"x":[0.833],"y":[0.825]},"o":{"x":[0.167],"y":[0.158]},"t":105,"s":[360.77]},{"i":{"x":[0.833],"y":[0.827]},"o":{"x":[0.167],"y":[0.159]},"t":106,"s":[361.161]},{"i":{"x":[0.833],"y":[0.828]},"o":{"x":[0.167],"y":[0.16]},"t":107,"s":[361.59]},{"i":{"x":[0.833],"y":[0.829]},"o":{"x":[0.167],"y":[0.161]},"t":108,"s":[362.054]},{"i":{"x":[0.833],"y":[0.83]},"o":{"x":[0.167],"y":[0.162]},"t":109,"s":[362.549]},{"i":{"x":[0.833],"y":[0.831]},"o":{"x":[0.167],"y":[0.163]},"t":110,"s":[363.07]},{"i":{"x":[0.833],"y":[0.832]},"o":{"x":[0.167],"y":[0.164]},"t":111,"s":[363.614]},{"i":{"x":[0.833],"y":[0.832]},"o":{"x":[0.167],"y":[0.165]},"t":112,"s":[364.175]},{"i":{"x":[0.833],"y":[0.833]},"o":{"x":[0.167],"y":[0.166]},"t":113,"s":[364.748]},{"i":{"x":[0.833],"y":[0.834]},"o":{"x":[0.167],"y":[0.167]},"t":114,"s":[365.328]},{"i":{"x":[0.833],"y":[0.835]},"o":{"x":[0.167],"y":[0.168]},"t":115,"s":[365.908]},{"i":{"x":[0.833],"y":[0.836]},"o":{"x":[0.167],"y":[0.169]},"t":116,"s":[366.482]},{"i":{"x":[0.833],"y":[0.838]},"o":{"x":[0.167],"y":[0.17]},"t":117,"s":[367.043]},{"i":{"x":[0.833],"y":[0.839]},"o":{"x":[0.167],"y":[0.171]},"t":118,"s":[367.584]},{"i":{"x":[0.833],"y":[0.837]},"o":{"x":[0.167],"y":[0.173]},"t":119,"s":[368.097]},{"i":{"x":[0.833],"y":[0.835]},"o":{"x":[0.167],"y":[0.17]},"t":120,"s":[368.574]},{"i":{"x":[0.833],"y":[0.836]},"o":{"x":[0.167],"y":[0.169]},"t":121,"s":[369.032]},{"i":{"x":[0.833],"y":[0.837]},"o":{"x":[0.167],"y":[0.169]},"t":122,"s":[369.478]},{"i":{"x":[0.833],"y":[0.837]},"o":{"x":[0.167],"y":[0.17]},"t":123,"s":[369.91]},{"i":{"x":[0.833],"y":[0.838]},"o":{"x":[0.167],"y":[0.171]},"t":124,"s":[370.325]},{"i":{"x":[0.833],"y":[0.839]},"o":{"x":[0.167],"y":[0.172]},"t":125,"s":[370.72]},{"i":{"x":[0.833],"y":[0.84]},"o":{"x":[0.167],"y":[0.173]},"t":126,"s":[371.094]},{"i":{"x":[0.833],"y":[0.841]},"o":{"x":[0.167],"y":[0.174]},"t":127,"s":[371.442]},{"i":{"x":[0.833],"y":[0.842]},"o":{"x":[0.167],"y":[0.175]},"t":128,"s":[371.764]},{"i":{"x":[0.833],"y":[0.844]},"o":{"x":[0.167],"y":[0.176]},"t":129,"s":[372.057]},{"i":{"x":[0.833],"y":[0.846]},"o":{"x":[0.167],"y":[0.178]},"t":130,"s":[372.32]},{"i":{"x":[0.833],"y":[0.848]},"o":{"x":[0.167],"y":[0.181]},"t":131,"s":[372.549]},{"i":{"x":[0.833],"y":[0.852]},"o":{"x":[0.167],"y":[0.185]},"t":132,"s":[372.745]},{"i":{"x":[0.833],"y":[0.859]},"o":{"x":[0.167],"y":[0.191]},"t":133,"s":[372.905]},{"i":{"x":[0.833],"y":[0.871]},"o":{"x":[0.167],"y":[0.203]},"t":134,"s":[373.029]},{"i":{"x":[0.833],"y":[0.902]},"o":{"x":[0.167],"y":[0.234]},"t":135,"s":[373.115]},{"i":{"x":[0.833],"y":[1.221]},"o":{"x":[0.167],"y":[0.551]},"t":136,"s":[373.163]},{"i":{"x":[0.833],"y":[0.727]},"o":{"x":[0.167],"y":[0.061]},"t":137,"s":[373.171]},{"i":{"x":[0.833],"y":[0.787]},"o":{"x":[0.167],"y":[0.12]},"t":138,"s":[373.14]},{"i":{"x":[0.833],"y":[0.804]},"o":{"x":[0.167],"y":[0.137]},"t":139,"s":[373.07]},{"i":{"x":[0.833],"y":[0.812]},"o":{"x":[0.167],"y":[0.145]},"t":140,"s":[372.96]},{"i":{"x":[0.833],"y":[0.817]},"o":{"x":[0.167],"y":[0.15]},"t":141,"s":[372.81]},{"i":{"x":[0.833],"y":[0.82]},"o":{"x":[0.167],"y":[0.153]},"t":142,"s":[372.623]},{"i":{"x":[0.833],"y":[0.822]},"o":{"x":[0.167],"y":[0.155]},"t":143,"s":[372.397]},{"i":{"x":[0.833],"y":[0.824]},"o":{"x":[0.167],"y":[0.157]},"t":144,"s":[372.135]},{"i":{"x":[0.833],"y":[0.825]},"o":{"x":[0.167],"y":[0.158]},"t":145,"s":[371.838]},{"i":{"x":[0.833],"y":[0.827]},"o":{"x":[0.167],"y":[0.159]},"t":146,"s":[371.507]},{"i":{"x":[0.833],"y":[0.828]},"o":{"x":[0.167],"y":[0.16]},"t":147,"s":[371.143]},{"i":{"x":[0.833],"y":[0.828]},"o":{"x":[0.167],"y":[0.161]},"t":148,"s":[370.751]},{"i":{"x":[0.833],"y":[0.829]},"o":{"x":[0.167],"y":[0.162]},"t":149,"s":[370.331]},{"i":{"x":[0.833],"y":[0.83]},"o":{"x":[0.167],"y":[0.163]},"t":150,"s":[369.886]},{"i":{"x":[0.833],"y":[0.831]},"o":{"x":[0.167],"y":[0.164]},"t":151,"s":[369.421]},{"i":{"x":[0.833],"y":[0.832]},"o":{"x":[0.167],"y":[0.164]},"t":152,"s":[368.937]},{"i":{"x":[0.833],"y":[0.832]},"o":{"x":[0.167],"y":[0.165]},"t":153,"s":[368.439]},{"i":{"x":[0.833],"y":[0.833]},"o":{"x":[0.167],"y":[0.166]},"t":154,"s":[367.93]},{"i":{"x":[0.833],"y":[0.834]},"o":{"x":[0.167],"y":[0.166]},"t":155,"s":[367.416]},{"i":{"x":[0.833],"y":[0.835]},"o":{"x":[0.167],"y":[0.167]},"t":156,"s":[366.901]},{"i":{"x":[0.833],"y":[0.836]},"o":{"x":[0.167],"y":[0.168]},"t":157,"s":[366.389]},{"i":{"x":[0.833],"y":[0.837]},"o":{"x":[0.167],"y":[0.169]},"t":158,"s":[365.887]},{"i":{"x":[0.833],"y":[0.838]},"o":{"x":[0.167],"y":[0.17]},"t":159,"s":[365.4]},{"i":{"x":[0.833],"y":[0.84]},"o":{"x":[0.167],"y":[0.172]},"t":160,"s":[364.933]},{"i":{"x":[0.833],"y":[0.842]},"o":{"x":[0.167],"y":[0.174]},"t":161,"s":[364.495]},{"i":{"x":[0.833],"y":[0.845]},"o":{"x":[0.167],"y":[0.176]},"t":162,"s":[364.09]},{"i":{"x":[0.833],"y":[0.849]},"o":{"x":[0.167],"y":[0.18]},"t":163,"s":[363.728]},{"i":{"x":[0.833],"y":[0.855]},"o":{"x":[0.167],"y":[0.185]},"t":164,"s":[363.415]},{"i":{"x":[0.833],"y":[0.866]},"o":{"x":[0.167],"y":[0.196]},"t":165,"s":[363.159]},{"i":{"x":[0.833],"y":[0.894]},"o":{"x":[0.167],"y":[0.221]},"t":166,"s":[362.97]},{"i":{"x":[0.833],"y":[0.939]},"o":{"x":[0.167],"y":[0.383]},"t":167,"s":[362.855]},{"i":{"x":[0.833],"y":[0.679]},"o":{"x":[0.167],"y":[-0.225]},"t":168,"s":[362.823]},{"i":{"x":[0.833],"y":[0.776]},"o":{"x":[0.167],"y":[0.113]},"t":169,"s":[362.832]},{"i":{"x":[0.833],"y":[0.798]},"o":{"x":[0.167],"y":[0.133]},"t":170,"s":[362.856]},{"i":{"x":[0.833],"y":[0.807]},"o":{"x":[0.167],"y":[0.142]},"t":171,"s":[362.898]},{"i":{"x":[0.833],"y":[0.813]},"o":{"x":[0.167],"y":[0.147]},"t":172,"s":[362.957]},{"i":{"x":[0.833],"y":[0.816]},"o":{"x":[0.167],"y":[0.15]},"t":173,"s":[363.036]},{"i":{"x":[0.833],"y":[0.819]},"o":{"x":[0.167],"y":[0.152]},"t":174,"s":[363.133]},{"i":{"x":[0.833],"y":[0.821]},"o":{"x":[0.167],"y":[0.154]},"t":175,"s":[363.251]},{"i":{"x":[0.833],"y":[0.822]},"o":{"x":[0.167],"y":[0.156]},"t":176,"s":[363.39]},{"i":{"x":[0.833],"y":[0.823]},"o":{"x":[0.167],"y":[0.157]},"t":177,"s":[363.55]},{"i":{"x":[0.833],"y":[0.824]},"o":{"x":[0.167],"y":[0.158]},"t":178,"s":[363.732]},{"i":{"x":[0.833],"y":[0.825]},"o":{"x":[0.167],"y":[0.158]},"t":179,"s":[363.936]},{"i":{"x":[0.833],"y":[0.826]},"o":{"x":[0.167],"y":[0.159]},"t":180,"s":[364.163]},{"i":{"x":[0.833],"y":[0.826]},"o":{"x":[0.167],"y":[0.16]},"t":181,"s":[364.413]},{"i":{"x":[0.833],"y":[0.827]},"o":{"x":[0.167],"y":[0.16]},"t":182,"s":[364.685]},{"i":{"x":[0.833],"y":[0.827]},"o":{"x":[0.167],"y":[0.161]},"t":183,"s":[364.98]},{"i":{"x":[0.833],"y":[0.828]},"o":{"x":[0.167],"y":[0.161]},"t":184,"s":[365.298]},{"i":{"x":[0.833],"y":[0.828]},"o":{"x":[0.167],"y":[0.162]},"t":185,"s":[365.638]},{"i":{"x":[0.833],"y":[0.829]},"o":{"x":[0.167],"y":[0.162]},"t":186,"s":[366.001]},{"i":{"x":[0.833],"y":[0.829]},"o":{"x":[0.167],"y":[0.162]},"t":187,"s":[366.386]},{"i":{"x":[0.833],"y":[0.829]},"o":{"x":[0.167],"y":[0.163]},"t":188,"s":[366.793]},{"i":{"x":[0.833],"y":[0.83]},"o":{"x":[0.167],"y":[0.163]},"t":189,"s":[367.22]},{"i":{"x":[0.833],"y":[0.83]},"o":{"x":[0.167],"y":[0.163]},"t":190,"s":[367.668]},{"i":{"x":[0.833],"y":[0.844]},"o":{"x":[0.167],"y":[0.163]},"t":191,"s":[368.136]},{"i":{"x":[0.833],"y":[0.833]},"o":{"x":[0.167],"y":[0.179]},"t":192,"s":[368.622]},{"i":{"x":[0.833],"y":[0.833]},"o":{"x":[0.167],"y":[0.167]},"t":193,"s":[369.046]},{"i":{"x":[0.833],"y":[0.834]},"o":{"x":[0.167],"y":[0.167]},"t":194,"s":[369.471]},{"i":{"x":[0.833],"y":[0.834]},"o":{"x":[0.167],"y":[0.167]},"t":195,"s":[369.896]},{"i":{"x":[0.833],"y":[0.834]},"o":{"x":[0.167],"y":[0.167]},"t":196,"s":[370.319]},{"i":{"x":[0.833],"y":[0.834]},"o":{"x":[0.167],"y":[0.167]},"t":197,"s":[370.741]},{"i":{"x":[0.833],"y":[0.834]},"o":{"x":[0.167],"y":[0.167]},"t":198,"s":[371.16]},{"i":{"x":[0.833],"y":[0.834]},"o":{"x":[0.167],"y":[0.168]},"t":199,"s":[371.574]},{"i":{"x":[0.833],"y":[0.835]},"o":{"x":[0.167],"y":[0.168]},"t":200,"s":[371.985]},{"i":{"x":[0.833],"y":[0.835]},"o":{"x":[0.167],"y":[0.168]},"t":201,"s":[372.389]},{"i":{"x":[0.833],"y":[0.835]},"o":{"x":[0.167],"y":[0.168]},"t":202,"s":[372.787]},{"i":{"x":[0.833],"y":[0.835]},"o":{"x":[0.167],"y":[0.169]},"t":203,"s":[373.178]},{"i":{"x":[0.833],"y":[0.836]},"o":{"x":[0.167],"y":[0.169]},"t":204,"s":[373.56]},{"i":{"x":[0.833],"y":[0.836]},"o":{"x":[0.167],"y":[0.169]},"t":205,"s":[373.933]},{"i":{"x":[0.833],"y":[0.836]},"o":{"x":[0.167],"y":[0.169]},"t":206,"s":[374.295]},{"i":{"x":[0.833],"y":[0.837]},"o":{"x":[0.167],"y":[0.17]},"t":207,"s":[374.645]},{"i":{"x":[0.833],"y":[0.837]},"o":{"x":[0.167],"y":[0.17]},"t":208,"s":[374.983]},{"i":{"x":[0.833],"y":[0.838]},"o":{"x":[0.167],"y":[0.171]},"t":209,"s":[375.307]},{"i":{"x":[0.833],"y":[0.838]},"o":{"x":[0.167],"y":[0.171]},"t":210,"s":[375.615]},{"i":{"x":[0.833],"y":[0.839]},"o":{"x":[0.167],"y":[0.172]},"t":211,"s":[375.906]},{"i":{"x":[0.833],"y":[0.84]},"o":{"x":[0.167],"y":[0.173]},"t":212,"s":[376.18]},{"i":{"x":[0.833],"y":[0.841]},"o":{"x":[0.167],"y":[0.174]},"t":213,"s":[376.434]},{"i":{"x":[0.833],"y":[0.842]},"o":{"x":[0.167],"y":[0.176]},"t":214,"s":[376.667]},{"i":{"x":[0.833],"y":[0.821]},"o":{"x":[0.167],"y":[0.177]},"t":215,"s":[376.877]},{"i":{"x":[0.833],"y":[0.815]},"o":{"x":[0.167],"y":[0.156]},"t":216,"s":[377.064]},{"i":{"x":[0.833],"y":[0.821]},"o":{"x":[0.167],"y":[0.151]},"t":217,"s":[377.279]},{"i":{"x":[0.833],"y":[0.824]},"o":{"x":[0.167],"y":[0.156]},"t":218,"s":[377.541]},{"i":{"x":[0.833],"y":[0.827]},"o":{"x":[0.167],"y":[0.159]},"t":219,"s":[377.843]},{"i":{"x":[0.833],"y":[0.829]},"o":{"x":[0.167],"y":[0.161]},"t":220,"s":[378.179]},{"i":{"x":[0.833],"y":[0.831]},"o":{"x":[0.167],"y":[0.163]},"t":221,"s":[378.54]},{"i":{"x":[0.833],"y":[0.832]},"o":{"x":[0.167],"y":[0.164]},"t":222,"s":[378.919]},{"i":{"x":[0.833],"y":[0.833]},"o":{"x":[0.167],"y":[0.165]},"t":223,"s":[379.311]},{"i":{"x":[0.833],"y":[0.835]},"o":{"x":[0.167],"y":[0.167]},"t":224,"s":[379.708]},{"i":{"x":[0.833],"y":[0.836]},"o":{"x":[0.167],"y":[0.168]},"t":225,"s":[380.106]},{"i":{"x":[0.833],"y":[0.837]},"o":{"x":[0.167],"y":[0.169]},"t":226,"s":[380.497]},{"i":{"x":[0.833],"y":[0.838]},"o":{"x":[0.167],"y":[0.17]},"t":227,"s":[380.878]},{"i":{"x":[0.833],"y":[0.839]},"o":{"x":[0.167],"y":[0.172]},"t":228,"s":[381.243]},{"i":{"x":[0.833],"y":[0.841]},"o":{"x":[0.167],"y":[0.173]},"t":229,"s":[381.587]},{"i":{"x":[0.833],"y":[0.843]},"o":{"x":[0.167],"y":[0.175]},"t":230,"s":[381.906]},{"i":{"x":[0.833],"y":[0.845]},"o":{"x":[0.167],"y":[0.177]},"t":231,"s":[382.196]},{"i":{"x":[0.833],"y":[0.848]},"o":{"x":[0.167],"y":[0.18]},"t":232,"s":[382.453]},{"i":{"x":[0.833],"y":[0.852]},"o":{"x":[0.167],"y":[0.184]},"t":233,"s":[382.675]},{"i":{"x":[0.833],"y":[0.859]},"o":{"x":[0.167],"y":[0.191]},"t":234,"s":[382.858]},{"i":{"x":[0.833],"y":[0.872]},"o":{"x":[0.167],"y":[0.204]},"t":235,"s":[382.999]},{"i":{"x":[0.833],"y":[0.909]},"o":{"x":[0.167],"y":[0.24]},"t":236,"s":[383.096]},{"i":{"x":[0.833],"y":[1.688]},"o":{"x":[0.167],"y":[1]},"t":237,"s":[383.148]},{"i":{"x":[0.833],"y":[0.833]},"o":{"x":[0.167],"y":[0.074]},"t":238,"s":[383.153]},{"t":239,"s":[383.109]}],"ix":4}},"a":{"a":0,"k":[0,0,0],"ix":1},"s":{"a":0,"k":[100,100,100],"ix":6}},"ao":0,"shapes":[{"ty":"gr","it":[{"ind":0,"ty":"sh","ix":1,"ks":{"a":0,"k":{"i":[[-57.052,-47.102],[-13.863,-5.752],[-19.855,9.493],[44.92,12.113]],"o":[[11.759,9.708],[18.772,7.788],[68.522,-32.762],[-57.419,-15.483]],"v":[[-55.098,43.417],[-15.446,64.727],[44.24,70.756],[13.209,-73.287]],"c":true},"ix":2},"nm":"Path 1","mn":"ADBE Vector Shape - Group","hd":false},{"ty":"fl","c":{"a":0,"k":[0.956862747669,0.952941179276,0.941176474094,1],"ix":4},"o":{"a":0,"k":100,"ix":5},"r":1,"bm":0,"nm":"Fill 1","mn":"ADBE Vector Graphic - Fill","hd":false},{"ty":"tr","p":{"a":0,"k":[0,0],"ix":2},"a":{"a":0,"k":[0,0],"ix":1},"s":{"a":0,"k":[100,100],"ix":3},"r":{"a":0,"k":0,"ix":6},"o":{"a":0,"k":100,"ix":7},"sk":{"a":0,"k":0,"ix":4},"sa":{"a":0,"k":0,"ix":5},"nm":"Transform"}],"nm":"Group 1","np":2,"cix":2,"bm":0,"ix":1,"mn":"ADBE Vector Group","hd":false}],"ip":0,"op":240,"st":0,"bm":0},{"ddd":0,"ind":12,"ty":4,"nm":"Circle 1","sr":1,"ks":{"o":{"a":0,"k":100,"ix":11},"r":{"a":0,"k":0,"ix":10},"p":{"s":true,"x":{"a":0,"k":286.288,"ix":3},"y":{"a":1,"k":[{"i":{"x":[0.833],"y":[0.817]},"o":{"x":[0.167],"y":[0.167]},"t":0,"s":[337.544]},{"i":{"x":[0.833],"y":[0.823]},"o":{"x":[0.167],"y":[0.153]},"t":1,"s":[337.946]},{"i":{"x":[0.833],"y":[0.826]},"o":{"x":[0.167],"y":[0.157]},"t":2,"s":[338.425]},{"i":{"x":[0.833],"y":[0.829]},"o":{"x":[0.167],"y":[0.16]},"t":3,"s":[338.965]},{"i":{"x":[0.833],"y":[0.831]},"o":{"x":[0.167],"y":[0.162]},"t":4,"s":[339.552]},{"i":{"x":[0.833],"y":[0.832]},"o":{"x":[0.167],"y":[0.164]},"t":5,"s":[340.173]},{"i":{"x":[0.833],"y":[0.834]},"o":{"x":[0.167],"y":[0.166]},"t":6,"s":[340.814]},{"i":{"x":[0.833],"y":[0.835]},"o":{"x":[0.167],"y":[0.167]},"t":7,"s":[341.464]},{"i":{"x":[0.833],"y":[0.837]},"o":{"x":[0.167],"y":[0.169]},"t":8,"s":[342.111]},{"i":{"x":[0.833],"y":[0.838]},"o":{"x":[0.167],"y":[0.17]},"t":9,"s":[342.743]},{"i":{"x":[0.833],"y":[0.84]},"o":{"x":[0.167],"y":[0.172]},"t":10,"s":[343.349]},{"i":{"x":[0.833],"y":[0.842]},"o":{"x":[0.167],"y":[0.174]},"t":11,"s":[343.921]},{"i":{"x":[0.833],"y":[0.844]},"o":{"x":[0.167],"y":[0.176]},"t":12,"s":[344.449]},{"i":{"x":[0.833],"y":[0.847]},"o":{"x":[0.167],"y":[0.179]},"t":13,"s":[344.924]},{"i":{"x":[0.833],"y":[0.851]},"o":{"x":[0.167],"y":[0.183]},"t":14,"s":[345.339]},{"i":{"x":[0.833],"y":[0.858]},"o":{"x":[0.167],"y":[0.189]},"t":15,"s":[345.687]},{"i":{"x":[0.833],"y":[0.87]},"o":{"x":[0.167],"y":[0.201]},"t":16,"s":[345.961]},{"i":{"x":[0.833],"y":[0.901]},"o":{"x":[0.167],"y":[0.231]},"t":17,"s":[346.155]},{"i":{"x":[0.833],"y":[1.202]},"o":{"x":[0.167],"y":[0.521]},"t":18,"s":[346.265]},{"i":{"x":[0.833],"y":[0.722]},"o":{"x":[0.167],"y":[0.059]},"t":19,"s":[346.286]},{"i":{"x":[0.833],"y":[0.785]},"o":{"x":[0.167],"y":[0.119]},"t":20,"s":[346.214]},{"i":{"x":[0.833],"y":[0.802]},"o":{"x":[0.167],"y":[0.136]},"t":21,"s":[346.047]},{"i":{"x":[0.833],"y":[0.81]},"o":{"x":[0.167],"y":[0.144]},"t":22,"s":[345.783]},{"i":{"x":[0.833],"y":[0.815]},"o":{"x":[0.167],"y":[0.149]},"t":23,"s":[345.419]},{"i":{"x":[0.833],"y":[0.819]},"o":{"x":[0.167],"y":[0.152]},"t":24,"s":[344.956]},{"i":{"x":[0.833],"y":[0.821]},"o":{"x":[0.167],"y":[0.154]},"t":25,"s":[344.393]},{"i":{"x":[0.833],"y":[0.823]},"o":{"x":[0.167],"y":[0.156]},"t":26,"s":[343.732]},{"i":{"x":[0.833],"y":[0.824]},"o":{"x":[0.167],"y":[0.157]},"t":27,"s":[342.973]},{"i":{"x":[0.833],"y":[0.826]},"o":{"x":[0.167],"y":[0.159]},"t":28,"s":[342.119]},{"i":{"x":[0.833],"y":[0.827]},"o":{"x":[0.167],"y":[0.16]},"t":29,"s":[341.174]},{"i":{"x":[0.833],"y":[0.828]},"o":{"x":[0.167],"y":[0.16]},"t":30,"s":[340.14]},{"i":{"x":[0.833],"y":[0.828]},"o":{"x":[0.167],"y":[0.161]},"t":31,"s":[339.024]},{"i":{"x":[0.833],"y":[0.829]},"o":{"x":[0.167],"y":[0.162]},"t":32,"s":[337.829]},{"i":{"x":[0.833],"y":[0.83]},"o":{"x":[0.167],"y":[0.163]},"t":33,"s":[336.563]},{"i":{"x":[0.833],"y":[0.83]},"o":{"x":[0.167],"y":[0.163]},"t":34,"s":[335.232]},{"i":{"x":[0.833],"y":[0.831]},"o":{"x":[0.167],"y":[0.164]},"t":35,"s":[333.844]},{"i":{"x":[0.833],"y":[0.832]},"o":{"x":[0.167],"y":[0.164]},"t":36,"s":[332.408]},{"i":{"x":[0.833],"y":[0.832]},"o":{"x":[0.167],"y":[0.165]},"t":37,"s":[330.934]},{"i":{"x":[0.833],"y":[0.833]},"o":{"x":[0.167],"y":[0.166]},"t":38,"s":[329.431]},{"i":{"x":[0.833],"y":[0.834]},"o":{"x":[0.167],"y":[0.166]},"t":39,"s":[327.911]},{"i":{"x":[0.833],"y":[0.834]},"o":{"x":[0.167],"y":[0.167]},"t":40,"s":[326.386]},{"i":{"x":[0.833],"y":[0.835]},"o":{"x":[0.167],"y":[0.168]},"t":41,"s":[324.868]},{"i":{"x":[0.833],"y":[0.836]},"o":{"x":[0.167],"y":[0.169]},"t":42,"s":[323.372]},{"i":{"x":[0.833],"y":[0.837]},"o":{"x":[0.167],"y":[0.17]},"t":43,"s":[321.911]},{"i":{"x":[0.833],"y":[0.839]},"o":{"x":[0.167],"y":[0.171]},"t":44,"s":[320.502]},{"i":{"x":[0.833],"y":[0.84]},"o":{"x":[0.167],"y":[0.172]},"t":45,"s":[319.16]},{"i":{"x":[0.833],"y":[0.837]},"o":{"x":[0.167],"y":[0.174]},"t":46,"s":[317.902]},{"i":{"x":[0.833],"y":[0.826]},"o":{"x":[0.167],"y":[0.171]},"t":47,"s":[316.747]},{"i":{"x":[0.833],"y":[0.828]},"o":{"x":[0.167],"y":[0.16]},"t":48,"s":[315.644]},{"i":{"x":[0.833],"y":[0.829]},"o":{"x":[0.167],"y":[0.161]},"t":49,"s":[314.45]},{"i":{"x":[0.833],"y":[0.83]},"o":{"x":[0.167],"y":[0.162]},"t":50,"s":[313.173]},{"i":{"x":[0.833],"y":[0.831]},"o":{"x":[0.167],"y":[0.163]},"t":51,"s":[311.827]},{"i":{"x":[0.833],"y":[0.832]},"o":{"x":[0.167],"y":[0.164]},"t":52,"s":[310.425]},{"i":{"x":[0.833],"y":[0.832]},"o":{"x":[0.167],"y":[0.165]},"t":53,"s":[308.98]},{"i":{"x":[0.833],"y":[0.833]},"o":{"x":[0.167],"y":[0.166]},"t":54,"s":[307.505]},{"i":{"x":[0.833],"y":[0.834]},"o":{"x":[0.167],"y":[0.166]},"t":55,"s":[306.012]},{"i":{"x":[0.833],"y":[0.834]},"o":{"x":[0.167],"y":[0.167]},"t":56,"s":[304.512]},{"i":{"x":[0.833],"y":[0.835]},"o":{"x":[0.167],"y":[0.167]},"t":57,"s":[303.016]},{"i":{"x":[0.833],"y":[0.835]},"o":{"x":[0.167],"y":[0.168]},"t":58,"s":[301.534]},{"i":{"x":[0.833],"y":[0.836]},"o":{"x":[0.167],"y":[0.169]},"t":59,"s":[300.077]},{"i":{"x":[0.833],"y":[0.836]},"o":{"x":[0.167],"y":[0.169]},"t":60,"s":[298.654]},{"i":{"x":[0.833],"y":[0.837]},"o":{"x":[0.167],"y":[0.17]},"t":61,"s":[297.274]},{"i":{"x":[0.833],"y":[0.838]},"o":{"x":[0.167],"y":[0.17]},"t":62,"s":[295.944]},{"i":{"x":[0.833],"y":[0.838]},"o":{"x":[0.167],"y":[0.171]},"t":63,"s":[294.672]},{"i":{"x":[0.833],"y":[0.839]},"o":{"x":[0.167],"y":[0.172]},"t":64,"s":[293.466]},{"i":{"x":[0.833],"y":[0.84]},"o":{"x":[0.167],"y":[0.173]},"t":65,"s":[292.332]},{"i":{"x":[0.833],"y":[0.841]},"o":{"x":[0.167],"y":[0.174]},"t":66,"s":[291.275]},{"i":{"x":[0.833],"y":[0.842]},"o":{"x":[0.167],"y":[0.175]},"t":67,"s":[290.301]},{"i":{"x":[0.833],"y":[0.843]},"o":{"x":[0.167],"y":[0.176]},"t":68,"s":[289.415]},{"i":{"x":[0.833],"y":[0.845]},"o":{"x":[0.167],"y":[0.178]},"t":69,"s":[288.621]},{"i":{"x":[0.833],"y":[0.847]},"o":{"x":[0.167],"y":[0.18]},"t":70,"s":[287.922]},{"i":{"x":[0.833],"y":[0.85]},"o":{"x":[0.167],"y":[0.183]},"t":71,"s":[287.321]},{"i":{"x":[0.833],"y":[0.855]},"o":{"x":[0.167],"y":[0.188]},"t":72,"s":[286.819]},{"i":{"x":[0.833],"y":[0.862]},"o":{"x":[0.167],"y":[0.195]},"t":73,"s":[286.42]},{"i":{"x":[0.833],"y":[0.877]},"o":{"x":[0.167],"y":[0.211]},"t":74,"s":[286.123]},{"i":{"x":[0.833],"y":[0.925]},"o":{"x":[0.167],"y":[0.26]},"t":75,"s":[285.929]},{"i":{"x":[0.833],"y":[-0.045]},"o":{"x":[0.167],"y":[-0.728]},"t":76,"s":[285.837]},{"i":{"x":[0.833],"y":[0.759]},"o":{"x":[0.167],"y":[0.091]},"t":77,"s":[285.847]},{"i":{"x":[0.833],"y":[0.795]},"o":{"x":[0.167],"y":[0.127]},"t":78,"s":[285.955]},{"i":{"x":[0.833],"y":[0.808]},"o":{"x":[0.167],"y":[0.141]},"t":79,"s":[286.161]},{"i":{"x":[0.833],"y":[0.815]},"o":{"x":[0.167],"y":[0.147]},"t":80,"s":[286.461]},{"i":{"x":[0.833],"y":[0.819]},"o":{"x":[0.167],"y":[0.152]},"t":81,"s":[286.851]},{"i":{"x":[0.833],"y":[0.822]},"o":{"x":[0.167],"y":[0.155]},"t":82,"s":[287.326]},{"i":{"x":[0.833],"y":[0.824]},"o":{"x":[0.167],"y":[0.157]},"t":83,"s":[287.881]},{"i":{"x":[0.833],"y":[0.826]},"o":{"x":[0.167],"y":[0.159]},"t":84,"s":[288.511]},{"i":{"x":[0.833],"y":[0.828]},"o":{"x":[0.167],"y":[0.16]},"t":85,"s":[289.207]},{"i":{"x":[0.833],"y":[0.829]},"o":{"x":[0.167],"y":[0.161]},"t":86,"s":[289.964]},{"i":{"x":[0.833],"y":[0.83]},"o":{"x":[0.167],"y":[0.162]},"t":87,"s":[290.773]},{"i":{"x":[0.833],"y":[0.831]},"o":{"x":[0.167],"y":[0.164]},"t":88,"s":[291.625]},{"i":{"x":[0.833],"y":[0.832]},"o":{"x":[0.167],"y":[0.165]},"t":89,"s":[292.509]},{"i":{"x":[0.833],"y":[0.833]},"o":{"x":[0.167],"y":[0.166]},"t":90,"s":[293.417]},{"i":{"x":[0.833],"y":[0.835]},"o":{"x":[0.167],"y":[0.167]},"t":91,"s":[294.336]},{"i":{"x":[0.833],"y":[0.836]},"o":{"x":[0.167],"y":[0.168]},"t":92,"s":[295.255]},{"i":{"x":[0.833],"y":[0.837]},"o":{"x":[0.167],"y":[0.169]},"t":93,"s":[296.16]},{"i":{"x":[0.833],"y":[0.836]},"o":{"x":[0.167],"y":[0.171]},"t":94,"s":[297.038]},{"i":{"x":[0.833],"y":[0.831]},"o":{"x":[0.167],"y":[0.17]},"t":95,"s":[297.876]},{"i":{"x":[0.833],"y":[0.831]},"o":{"x":[0.167],"y":[0.164]},"t":96,"s":[298.685]},{"i":{"x":[0.833],"y":[0.832]},"o":{"x":[0.167],"y":[0.164]},"t":97,"s":[299.522]},{"i":{"x":[0.833],"y":[0.832]},"o":{"x":[0.167],"y":[0.165]},"t":98,"s":[300.382]},{"i":{"x":[0.833],"y":[0.833]},"o":{"x":[0.167],"y":[0.166]},"t":99,"s":[301.26]},{"i":{"x":[0.833],"y":[0.833]},"o":{"x":[0.167],"y":[0.166]},"t":100,"s":[302.15]},{"i":{"x":[0.833],"y":[0.834]},"o":{"x":[0.167],"y":[0.167]},"t":101,"s":[303.047]},{"i":{"x":[0.833],"y":[0.834]},"o":{"x":[0.167],"y":[0.167]},"t":102,"s":[303.945]},{"i":{"x":[0.833],"y":[0.835]},"o":{"x":[0.167],"y":[0.168]},"t":103,"s":[304.839]},{"i":{"x":[0.833],"y":[0.835]},"o":{"x":[0.167],"y":[0.168]},"t":104,"s":[305.724]},{"i":{"x":[0.833],"y":[0.836]},"o":{"x":[0.167],"y":[0.168]},"t":105,"s":[306.595]},{"i":{"x":[0.833],"y":[0.836]},"o":{"x":[0.167],"y":[0.169]},"t":106,"s":[307.447]},{"i":{"x":[0.833],"y":[0.837]},"o":{"x":[0.167],"y":[0.169]},"t":107,"s":[308.276]},{"i":{"x":[0.833],"y":[0.837]},"o":{"x":[0.167],"y":[0.17]},"t":108,"s":[309.079]},{"i":{"x":[0.833],"y":[0.838]},"o":{"x":[0.167],"y":[0.171]},"t":109,"s":[309.851]},{"i":{"x":[0.833],"y":[0.838]},"o":{"x":[0.167],"y":[0.171]},"t":110,"s":[310.588]},{"i":{"x":[0.833],"y":[0.839]},"o":{"x":[0.167],"y":[0.172]},"t":111,"s":[311.288]},{"i":{"x":[0.833],"y":[0.839]},"o":{"x":[0.167],"y":[0.172]},"t":112,"s":[311.948]},{"i":{"x":[0.833],"y":[0.84]},"o":{"x":[0.167],"y":[0.173]},"t":113,"s":[312.564]},{"i":{"x":[0.833],"y":[0.841]},"o":{"x":[0.167],"y":[0.174]},"t":114,"s":[313.135]},{"i":{"x":[0.833],"y":[0.842]},"o":{"x":[0.167],"y":[0.175]},"t":115,"s":[313.659]},{"i":{"x":[0.833],"y":[0.843]},"o":{"x":[0.167],"y":[0.177]},"t":116,"s":[314.133]},{"i":{"x":[0.833],"y":[0.845]},"o":{"x":[0.167],"y":[0.178]},"t":117,"s":[314.557]},{"i":{"x":[0.833],"y":[0.847]},"o":{"x":[0.167],"y":[0.18]},"t":118,"s":[314.929]},{"i":{"x":[0.833],"y":[0.849]},"o":{"x":[0.167],"y":[0.183]},"t":119,"s":[315.25]},{"i":{"x":[0.833],"y":[0.853]},"o":{"x":[0.167],"y":[0.187]},"t":120,"s":[315.518]},{"i":{"x":[0.833],"y":[0.859]},"o":{"x":[0.167],"y":[0.192]},"t":121,"s":[315.735]},{"i":{"x":[0.833],"y":[0.869]},"o":{"x":[0.167],"y":[0.203]},"t":122,"s":[315.9]},{"i":{"x":[0.833],"y":[0.892]},"o":{"x":[0.167],"y":[0.228]},"t":123,"s":[316.016]},{"i":{"x":[0.833],"y":[1.02]},"o":{"x":[0.167],"y":[0.363]},"t":124,"s":[316.082]},{"i":{"x":[0.833],"y":[0.692]},"o":{"x":[0.167],"y":[0.016]},"t":125,"s":[316.102]},{"i":{"x":[0.833],"y":[0.785]},"o":{"x":[0.167],"y":[0.114]},"t":126,"s":[316.077]},{"i":{"x":[0.833],"y":[0.806]},"o":{"x":[0.167],"y":[0.136]},"t":127,"s":[316.011]},{"i":{"x":[0.833],"y":[0.815]},"o":{"x":[0.167],"y":[0.146]},"t":128,"s":[315.907]},{"i":{"x":[0.833],"y":[0.821]},"o":{"x":[0.167],"y":[0.152]},"t":129,"s":[315.769]},{"i":{"x":[0.833],"y":[0.825]},"o":{"x":[0.167],"y":[0.156]},"t":130,"s":[315.601]},{"i":{"x":[0.833],"y":[0.828]},"o":{"x":[0.167],"y":[0.159]},"t":131,"s":[315.408]},{"i":{"x":[0.833],"y":[0.831]},"o":{"x":[0.167],"y":[0.162]},"t":132,"s":[315.196]},{"i":{"x":[0.833],"y":[0.833]},"o":{"x":[0.167],"y":[0.164]},"t":133,"s":[314.969]},{"i":{"x":[0.833],"y":[0.836]},"o":{"x":[0.167],"y":[0.167]},"t":134,"s":[314.736]},{"i":{"x":[0.833],"y":[0.839]},"o":{"x":[0.167],"y":[0.169]},"t":135,"s":[314.502]},{"i":{"x":[0.833],"y":[0.843]},"o":{"x":[0.167],"y":[0.173]},"t":136,"s":[314.276]},{"i":{"x":[0.833],"y":[0.849]},"o":{"x":[0.167],"y":[0.178]},"t":137,"s":[314.066]},{"i":{"x":[0.833],"y":[0.857]},"o":{"x":[0.167],"y":[0.185]},"t":138,"s":[313.88]},{"i":{"x":[0.833],"y":[0.876]},"o":{"x":[0.167],"y":[0.201]},"t":139,"s":[313.728]},{"i":{"x":[0.833],"y":[0.937]},"o":{"x":[0.167],"y":[0.252]},"t":140,"s":[313.621]},{"i":{"x":[0.833],"y":[0.328]},"o":{"x":[0.167],"y":[-0.261]},"t":141,"s":[313.568]},{"i":{"x":[0.833],"y":[0.78]},"o":{"x":[0.167],"y":[0.095]},"t":142,"s":[313.58]},{"i":{"x":[0.833],"y":[0.839]},"o":{"x":[0.167],"y":[0.134]},"t":143,"s":[313.671]},{"i":{"x":[0.833],"y":[0.84]},"o":{"x":[0.167],"y":[0.173]},"t":144,"s":[313.82]},{"i":{"x":[0.833],"y":[0.838]},"o":{"x":[0.167],"y":[0.174]},"t":145,"s":[313.958]},{"i":{"x":[0.833],"y":[0.836]},"o":{"x":[0.167],"y":[0.172]},"t":146,"s":[314.085]},{"i":{"x":[0.833],"y":[0.834]},"o":{"x":[0.167],"y":[0.17]},"t":147,"s":[314.205]},{"i":{"x":[0.833],"y":[0.832]},"o":{"x":[0.167],"y":[0.168]},"t":148,"s":[314.32]},{"i":{"x":[0.833],"y":[0.83]},"o":{"x":[0.167],"y":[0.166]},"t":149,"s":[314.434]},{"i":{"x":[0.833],"y":[0.829]},"o":{"x":[0.167],"y":[0.164]},"t":150,"s":[314.55]},{"i":{"x":[0.833],"y":[0.827]},"o":{"x":[0.167],"y":[0.162]},"t":151,"s":[314.669]},{"i":{"x":[0.833],"y":[0.826]},"o":{"x":[0.167],"y":[0.161]},"t":152,"s":[314.796]},{"i":{"x":[0.833],"y":[0.825]},"o":{"x":[0.167],"y":[0.16]},"t":153,"s":[314.933]},{"i":{"x":[0.833],"y":[0.825]},"o":{"x":[0.167],"y":[0.159]},"t":154,"s":[315.081]},{"i":{"x":[0.833],"y":[0.825]},"o":{"x":[0.167],"y":[0.159]},"t":155,"s":[315.243]},{"i":{"x":[0.833],"y":[0.825]},"o":{"x":[0.167],"y":[0.159]},"t":156,"s":[315.422]},{"i":{"x":[0.833],"y":[0.825]},"o":{"x":[0.167],"y":[0.159]},"t":157,"s":[315.62]},{"i":{"x":[0.833],"y":[0.825]},"o":{"x":[0.167],"y":[0.159]},"t":158,"s":[315.838]},{"i":{"x":[0.833],"y":[0.825]},"o":{"x":[0.167],"y":[0.159]},"t":159,"s":[316.078]},{"i":{"x":[0.833],"y":[0.826]},"o":{"x":[0.167],"y":[0.159]},"t":160,"s":[316.342]},{"i":{"x":[0.833],"y":[0.826]},"o":{"x":[0.167],"y":[0.16]},"t":161,"s":[316.631]},{"i":{"x":[0.833],"y":[0.826]},"o":{"x":[0.167],"y":[0.16]},"t":162,"s":[316.947]},{"i":{"x":[0.833],"y":[0.827]},"o":{"x":[0.167],"y":[0.16]},"t":163,"s":[317.291]},{"i":{"x":[0.833],"y":[0.827]},"o":{"x":[0.167],"y":[0.161]},"t":164,"s":[317.664]},{"i":{"x":[0.833],"y":[0.827]},"o":{"x":[0.167],"y":[0.161]},"t":165,"s":[318.066]},{"i":{"x":[0.833],"y":[0.828]},"o":{"x":[0.167],"y":[0.161]},"t":166,"s":[318.499]},{"i":{"x":[0.833],"y":[0.828]},"o":{"x":[0.167],"y":[0.161]},"t":167,"s":[318.962]},{"i":{"x":[0.833],"y":[0.828]},"o":{"x":[0.167],"y":[0.162]},"t":168,"s":[319.456]},{"i":{"x":[0.833],"y":[0.829]},"o":{"x":[0.167],"y":[0.162]},"t":169,"s":[319.981]},{"i":{"x":[0.833],"y":[0.829]},"o":{"x":[0.167],"y":[0.162]},"t":170,"s":[320.537]},{"i":{"x":[0.833],"y":[0.829]},"o":{"x":[0.167],"y":[0.163]},"t":171,"s":[321.124]},{"i":{"x":[0.833],"y":[0.83]},"o":{"x":[0.167],"y":[0.163]},"t":172,"s":[321.741]},{"i":{"x":[0.833],"y":[0.83]},"o":{"x":[0.167],"y":[0.163]},"t":173,"s":[322.387]},{"i":{"x":[0.833],"y":[0.83]},"o":{"x":[0.167],"y":[0.163]},"t":174,"s":[323.062]},{"i":{"x":[0.833],"y":[0.831]},"o":{"x":[0.167],"y":[0.164]},"t":175,"s":[323.764]},{"i":{"x":[0.833],"y":[0.831]},"o":{"x":[0.167],"y":[0.164]},"t":176,"s":[324.491]},{"i":{"x":[0.833],"y":[0.831]},"o":{"x":[0.167],"y":[0.164]},"t":177,"s":[325.243]},{"i":{"x":[0.833],"y":[0.831]},"o":{"x":[0.167],"y":[0.165]},"t":178,"s":[326.017]},{"i":{"x":[0.833],"y":[0.832]},"o":{"x":[0.167],"y":[0.165]},"t":179,"s":[326.811]},{"i":{"x":[0.833],"y":[0.832]},"o":{"x":[0.167],"y":[0.165]},"t":180,"s":[327.622]},{"i":{"x":[0.833],"y":[0.832]},"o":{"x":[0.167],"y":[0.165]},"t":181,"s":[328.449]},{"i":{"x":[0.833],"y":[0.833]},"o":{"x":[0.167],"y":[0.166]},"t":182,"s":[329.287]},{"i":{"x":[0.833],"y":[0.833]},"o":{"x":[0.167],"y":[0.166]},"t":183,"s":[330.135]},{"i":{"x":[0.833],"y":[0.834]},"o":{"x":[0.167],"y":[0.166]},"t":184,"s":[330.988]},{"i":{"x":[0.833],"y":[0.834]},"o":{"x":[0.167],"y":[0.167]},"t":185,"s":[331.843]},{"i":{"x":[0.833],"y":[0.834]},"o":{"x":[0.167],"y":[0.167]},"t":186,"s":[332.696]},{"i":{"x":[0.833],"y":[0.835]},"o":{"x":[0.167],"y":[0.168]},"t":187,"s":[333.542]},{"i":{"x":[0.833],"y":[0.835]},"o":{"x":[0.167],"y":[0.168]},"t":188,"s":[334.377]},{"i":{"x":[0.833],"y":[0.836]},"o":{"x":[0.167],"y":[0.169]},"t":189,"s":[335.197]},{"i":{"x":[0.833],"y":[0.833]},"o":{"x":[0.167],"y":[0.17]},"t":190,"s":[335.995]},{"i":{"x":[0.833],"y":[0.874]},"o":{"x":[0.167],"y":[0.166]},"t":191,"s":[336.767]},{"i":{"x":[0.833],"y":[0.817]},"o":{"x":[0.167],"y":[0.245]},"t":192,"s":[337.544]},{"i":{"x":[0.833],"y":[0.823]},"o":{"x":[0.167],"y":[0.153]},"t":193,"s":[337.946]},{"i":{"x":[0.833],"y":[0.826]},"o":{"x":[0.167],"y":[0.157]},"t":194,"s":[338.425]},{"i":{"x":[0.833],"y":[0.829]},"o":{"x":[0.167],"y":[0.16]},"t":195,"s":[338.965]},{"i":{"x":[0.833],"y":[0.831]},"o":{"x":[0.167],"y":[0.162]},"t":196,"s":[339.552]},{"i":{"x":[0.833],"y":[0.832]},"o":{"x":[0.167],"y":[0.164]},"t":197,"s":[340.173]},{"i":{"x":[0.833],"y":[0.834]},"o":{"x":[0.167],"y":[0.166]},"t":198,"s":[340.814]},{"i":{"x":[0.833],"y":[0.835]},"o":{"x":[0.167],"y":[0.167]},"t":199,"s":[341.464]},{"i":{"x":[0.833],"y":[0.837]},"o":{"x":[0.167],"y":[0.169]},"t":200,"s":[342.111]},{"i":{"x":[0.833],"y":[0.838]},"o":{"x":[0.167],"y":[0.17]},"t":201,"s":[342.743]},{"i":{"x":[0.833],"y":[0.84]},"o":{"x":[0.167],"y":[0.172]},"t":202,"s":[343.349]},{"i":{"x":[0.833],"y":[0.842]},"o":{"x":[0.167],"y":[0.174]},"t":203,"s":[343.921]},{"i":{"x":[0.833],"y":[0.844]},"o":{"x":[0.167],"y":[0.176]},"t":204,"s":[344.449]},{"i":{"x":[0.833],"y":[0.847]},"o":{"x":[0.167],"y":[0.179]},"t":205,"s":[344.924]},{"i":{"x":[0.833],"y":[0.851]},"o":{"x":[0.167],"y":[0.183]},"t":206,"s":[345.339]},{"i":{"x":[0.833],"y":[0.858]},"o":{"x":[0.167],"y":[0.189]},"t":207,"s":[345.687]},{"i":{"x":[0.833],"y":[0.87]},"o":{"x":[0.167],"y":[0.201]},"t":208,"s":[345.961]},{"i":{"x":[0.833],"y":[0.901]},"o":{"x":[0.167],"y":[0.231]},"t":209,"s":[346.155]},{"i":{"x":[0.833],"y":[1.202]},"o":{"x":[0.167],"y":[0.521]},"t":210,"s":[346.265]},{"i":{"x":[0.833],"y":[0.722]},"o":{"x":[0.167],"y":[0.059]},"t":211,"s":[346.286]},{"i":{"x":[0.833],"y":[0.785]},"o":{"x":[0.167],"y":[0.119]},"t":212,"s":[346.214]},{"i":{"x":[0.833],"y":[0.802]},"o":{"x":[0.167],"y":[0.136]},"t":213,"s":[346.047]},{"i":{"x":[0.833],"y":[0.81]},"o":{"x":[0.167],"y":[0.144]},"t":214,"s":[345.783]},{"i":{"x":[0.833],"y":[0.815]},"o":{"x":[0.167],"y":[0.149]},"t":215,"s":[345.419]},{"i":{"x":[0.833],"y":[0.819]},"o":{"x":[0.167],"y":[0.152]},"t":216,"s":[344.956]},{"i":{"x":[0.833],"y":[0.821]},"o":{"x":[0.167],"y":[0.154]},"t":217,"s":[344.393]},{"i":{"x":[0.833],"y":[0.823]},"o":{"x":[0.167],"y":[0.156]},"t":218,"s":[343.732]},{"i":{"x":[0.833],"y":[0.824]},"o":{"x":[0.167],"y":[0.157]},"t":219,"s":[342.973]},{"i":{"x":[0.833],"y":[0.826]},"o":{"x":[0.167],"y":[0.159]},"t":220,"s":[342.119]},{"i":{"x":[0.833],"y":[0.827]},"o":{"x":[0.167],"y":[0.16]},"t":221,"s":[341.174]},{"i":{"x":[0.833],"y":[0.828]},"o":{"x":[0.167],"y":[0.16]},"t":222,"s":[340.14]},{"i":{"x":[0.833],"y":[0.828]},"o":{"x":[0.167],"y":[0.161]},"t":223,"s":[339.024]},{"i":{"x":[0.833],"y":[0.829]},"o":{"x":[0.167],"y":[0.162]},"t":224,"s":[337.829]},{"i":{"x":[0.833],"y":[0.83]},"o":{"x":[0.167],"y":[0.163]},"t":225,"s":[336.563]},{"i":{"x":[0.833],"y":[0.83]},"o":{"x":[0.167],"y":[0.163]},"t":226,"s":[335.232]},{"i":{"x":[0.833],"y":[0.831]},"o":{"x":[0.167],"y":[0.164]},"t":227,"s":[333.844]},{"i":{"x":[0.833],"y":[0.832]},"o":{"x":[0.167],"y":[0.164]},"t":228,"s":[332.408]},{"i":{"x":[0.833],"y":[0.832]},"o":{"x":[0.167],"y":[0.165]},"t":229,"s":[330.934]},{"i":{"x":[0.833],"y":[0.833]},"o":{"x":[0.167],"y":[0.166]},"t":230,"s":[329.431]},{"i":{"x":[0.833],"y":[0.834]},"o":{"x":[0.167],"y":[0.166]},"t":231,"s":[327.911]},{"i":{"x":[0.833],"y":[0.834]},"o":{"x":[0.167],"y":[0.167]},"t":232,"s":[326.386]},{"i":{"x":[0.833],"y":[0.835]},"o":{"x":[0.167],"y":[0.168]},"t":233,"s":[324.868]},{"i":{"x":[0.833],"y":[0.836]},"o":{"x":[0.167],"y":[0.169]},"t":234,"s":[323.372]},{"i":{"x":[0.833],"y":[0.837]},"o":{"x":[0.167],"y":[0.17]},"t":235,"s":[321.911]},{"i":{"x":[0.833],"y":[0.839]},"o":{"x":[0.167],"y":[0.171]},"t":236,"s":[320.502]},{"i":{"x":[0.833],"y":[0.84]},"o":{"x":[0.167],"y":[0.172]},"t":237,"s":[319.16]},{"i":{"x":[0.833],"y":[0.833]},"o":{"x":[0.167],"y":[0.174]},"t":238,"s":[317.902]},{"t":239,"s":[316.747]}],"ix":4}},"a":{"a":0,"k":[0,0,0],"ix":1},"s":{"a":0,"k":[100,100,100],"ix":6}},"ao":0,"shapes":[{"ty":"gr","it":[{"ind":0,"ty":"sh","ix":1,"ks":{"a":0,"k":{"i":[[25.243,129.251],[13.733,24.784],[43.334,14.869],[-53.207,-72.715]],"o":[[-5.203,-26.639],[-18.595,-33.559],[-149.549,-51.313],[68.011,92.947]],"v":[[140.105,31.122],[107.31,-45.417],[23.18,-130.325],[-121.149,77.74]],"c":true},"ix":2},"nm":"Path 1","mn":"ADBE Vector Shape - Group","hd":false},{"ty":"fl","c":{"a":0,"k":[0.803921580315,0.86274510622,0.815686285496,1],"ix":4},"o":{"a":0,"k":100,"ix":5},"r":1,"bm":0,"nm":"Fill 1","mn":"ADBE Vector Graphic - Fill","hd":false},{"ty":"tr","p":{"a":0,"k":[0,0],"ix":2},"a":{"a":0,"k":[0,0],"ix":1},"s":{"a":0,"k":[100,100],"ix":3},"r":{"a":0,"k":0,"ix":6},"o":{"a":0,"k":100,"ix":7},"sk":{"a":0,"k":0,"ix":4},"sa":{"a":0,"k":0,"ix":5},"nm":"Transform"}],"nm":"Group 1","np":2,"cix":2,"bm":0,"ix":1,"mn":"ADBE Vector Group","hd":false}],"ip":0,"op":240,"st":0,"bm":0}],"markers":[]}