{"v":"5.7.13","fr":29.9700012207031,"ip":0,"op":60.0000024438501,"w":1080,"h":1080,"nm":"monkey yoga","ddd":0,"assets":[],"layers":[{"ddd":0,"ind":1,"ty":4,"nm":"eyebro Outlines","parent":8,"sr":1,"ks":{"o":{"a":0,"k":100,"ix":11},"r":{"a":0,"k":0,"ix":10},"p":{"a":1,"k":[{"i":{"x":0.667,"y":1},"o":{"x":0.333,"y":0},"t":0,"s":[94.42,29.101,0],"to":[0,-2.5,0],"ti":[0,0,0]},{"i":{"x":0.667,"y":1},"o":{"x":0.333,"y":0},"t":30,"s":[94.42,14.101,0],"to":[0,0,0],"ti":[0,-2.5,0]},{"t":60.0000024438501,"s":[94.42,29.101,0]}],"ix":2,"l":2},"a":{"a":0,"k":[29.504,4.309,0],"ix":1,"l":2},"s":{"a":0,"k":[100,100,100],"ix":6,"l":2}},"ao":0,"shapes":[{"ty":"gr","it":[{"ind":0,"ty":"sh","ix":1,"ks":{"a":0,"k":{"i":[[1.052,0.932],[0.357,0.256],[-0.33,-0.108],[0,0],[0.251,0.407],[0.65,0.489],[1.778,-0.136],[1.286,-0.92],[0.347,-0.35],[0,0],[-0.465,0.081],[-0.623,0.058],[-0.601,-0.104],[-1.189,-0.281],[-1.35,-0.193],[0,0]],"o":[[-0.288,-0.259],[0.48,0.07],[0.438,0.165],[0,0],[-0.26,-0.392],[-1.282,-1.019],[-1.572,0.107],[-0.648,0.466],[-0.341,0.363],[0,0],[0.414,-0.064],[0.424,0.012],[1.276,0.222],[1.185,0.268],[1.367,0.183],[0,0]],"v":[[5.518,1.09],[4.542,0.31],[5.782,0.591],[6.487,0.855],[6.117,0.216],[4.763,-1.195],[-0.413,-2.701],[-5.138,-0.831],[-6.651,0.449],[-7.18,1.033],[-6.432,0.903],[-4.836,0.713],[-3.253,0.879],[0.62,1.913],[4.763,2.513],[7.18,2.837]],"c":true},"ix":2},"nm":"Path 1","mn":"ADBE Vector Shape - Group","hd":false},{"ty":"mm","mm":4,"nm":"Merge Paths 1","mn":"ADBE Vector Filter - Merge","hd":false},{"ty":"fl","c":{"a":0,"k":[0,0,0,1],"ix":4},"o":{"a":0,"k":100,"ix":5},"r":1,"bm":0,"nm":"Fill 1","mn":"ADBE Vector Graphic - Fill","hd":false},{"ty":"tr","p":{"a":0,"k":[51.579,5.53],"ix":2},"a":{"a":0,"k":[0,0],"ix":1},"s":{"a":0,"k":[100,100],"ix":3},"r":{"a":0,"k":0,"ix":6},"o":{"a":0,"k":100,"ix":7},"sk":{"a":0,"k":0,"ix":4},"sa":{"a":0,"k":0,"ix":5},"nm":"Transform"}],"nm":"Group 1","np":3,"cix":2,"bm":0,"ix":1,"mn":"ADBE Vector Group","hd":false},{"ty":"gr","it":[{"ind":0,"ty":"sh","ix":1,"ks":{"a":0,"k":{"i":[[0.63,0.461],[1.188,0.229],[-0.641,0.232],[-0.571,0.156],[0,0],[0.563,0.155],[0.968,0.069],[2.006,-0.865],[1.369,-1.397],[0.393,-0.473],[0,0],[-1.762,0.688],[-0.174,0.067],[-0.37,0.06],[-0.688,0.046],[-1.25,0.074],[-1.334,-0.072],[-0.433,-0.111],[0,0],[0.261,0.382]],"o":[[-0.823,-0.629],[0.676,-0.308],[0.855,-0.323],[0.577,-0.152],[0,0],[-0.562,-0.147],[-1.936,-0.182],[-1.767,0.756],[-0.692,0.697],[-0.383,0.48],[0,0],[0.167,-0.066],[0.078,-0.012],[0.449,-0.063],[1.389,-0.095],[1.252,-0.08],[0.657,0.04],[0.435,0.13],[0,0],[-0.268,-0.367]],"v":[[6.583,0.221],[3.413,-1.121],[5.404,-1.952],[7.612,-2.675],[8.537,-2.918],[7.654,-3.176],[5.31,-3.561],[-1.181,-2.538],[-6.272,1.155],[-7.922,2.973],[-8.537,3.743],[-5.441,2.533],[-4.927,2.335],[-4.238,2.223],[-2.48,2.048],[1.796,1.954],[5.924,1.687],[7.614,1.937],[8.314,2.145],[7.926,1.543]],"c":true},"ix":2},"nm":"Path 1","mn":"ADBE Vector Shape - Group","hd":false},{"ty":"mm","mm":4,"nm":"Merge Paths 1","mn":"ADBE Vector Filter - Merge","hd":false},{"ty":"fl","c":{"a":0,"k":[0,0,0,1],"ix":4},"o":{"a":0,"k":100,"ix":5},"r":1,"bm":0,"nm":"Fill 1","mn":"ADBE Vector Graphic - Fill","hd":false},{"ty":"tr","p":{"a":0,"k":[8.787,3.994],"ix":2},"a":{"a":0,"k":[0,0],"ix":1},"s":{"a":0,"k":[100,100],"ix":3},"r":{"a":0,"k":0,"ix":6},"o":{"a":0,"k":100,"ix":7},"sk":{"a":0,"k":0,"ix":4},"sa":{"a":0,"k":0,"ix":5},"nm":"Transform"}],"nm":"Group 2","np":3,"cix":2,"bm":0,"ix":2,"mn":"ADBE Vector Group","hd":false}],"ip":0,"op":300.00001221925,"st":0,"bm":0},{"ddd":0,"ind":2,"ty":4,"nm":"mouth Outlines","parent":8,"sr":1,"ks":{"o":{"a":0,"k":100,"ix":11},"r":{"a":0,"k":0,"ix":10},"p":{"a":0,"k":[104.296,92.121,0],"ix":2,"l":2},"a":{"a":0,"k":[7.155,4.732,0],"ix":1,"l":2},"s":{"a":1,"k":[{"i":{"x":[0.667,0.667,0.667],"y":[1,1,1]},"o":{"x":[0.333,0.333,0.333],"y":[0,0,0]},"t":0,"s":[100,100,100]},{"i":{"x":[0.667,0.667,0.667],"y":[1,1,1]},"o":{"x":[0.333,0.333,0.333],"y":[0,0,0]},"t":30,"s":[250,250,100]},{"t":60.0000024438501,"s":[100,100,100]}],"ix":6,"l":2}},"ao":0,"shapes":[{"ty":"gr","it":[{"ind":0,"ty":"sh","ix":1,"ks":{"a":0,"k":{"i":[[0,0],[-4.97,0.389],[4.293,0.245]],"o":[[-1.084,1.248],[2.599,-0.204],[0,0]],"v":[[-0.361,-3.442],[-1.935,4.093],[2.611,-4.482]],"c":true},"ix":2},"nm":"Path 1","mn":"ADBE Vector Shape - Group","hd":false},{"ty":"mm","mm":4,"nm":"Merge Paths 1","mn":"ADBE Vector Filter - Merge","hd":false},{"ty":"fl","c":{"a":0,"k":[0.6509803921568628,0.1568627450980392,0.00392156862745098,1],"ix":4},"o":{"a":0,"k":100,"ix":5},"r":1,"bm":0,"nm":"Fill 1","mn":"ADBE Vector Graphic - Fill","hd":false},{"ty":"tr","p":{"a":0,"k":[7.154,4.732],"ix":2},"a":{"a":0,"k":[0,0],"ix":1},"s":{"a":0,"k":[100,100],"ix":3},"r":{"a":0,"k":0,"ix":6},"o":{"a":0,"k":100,"ix":7},"sk":{"a":0,"k":0,"ix":4},"sa":{"a":0,"k":0,"ix":5},"nm":"Transform"}],"nm":"Group 1","np":3,"cix":2,"bm":0,"ix":1,"mn":"ADBE Vector Group","hd":false}],"ip":0,"op":300.00001221925,"st":0,"bm":0},{"ddd":0,"ind":3,"ty":4,"nm":"nose Outlines","parent":8,"sr":1,"ks":{"o":{"a":0,"k":100,"ix":11},"r":{"a":0,"k":0,"ix":10},"p":{"a":1,"k":[{"i":{"x":0.667,"y":1},"o":{"x":0.333,"y":0},"t":0,"s":[99.914,62.626,0],"to":[0,-0.5,0],"ti":[0,0,0]},{"i":{"x":0.667,"y":1},"o":{"x":0.333,"y":0},"t":30,"s":[99.914,59.626,0],"to":[0,0,0],"ti":[0,-0.5,0]},{"t":60.0000024438501,"s":[99.914,62.626,0]}],"ix":2,"l":2},"a":{"a":0,"k":[14.538,8.831,0],"ix":1,"l":2},"s":{"a":0,"k":[100,100,100],"ix":6,"l":2}},"ao":0,"shapes":[{"ty":"gr","it":[{"ind":0,"ty":"sh","ix":1,"ks":{"a":0,"k":{"i":[[7.284,-1.452],[0,0],[-2.952,-3.838],[-3.531,0.43]],"o":[[-2.871,0.572],[0,0],[0,0],[0,0]],"v":[[-3.292,-5.315],[-10.031,2.396],[2.856,5.477],[10.03,2.085]],"c":true},"ix":2},"nm":"Path 1","mn":"ADBE Vector Shape - Group","hd":false},{"ty":"mm","mm":4,"nm":"Merge Paths 1","mn":"ADBE Vector Filter - Merge","hd":false},{"ty":"fl","c":{"a":0,"k":[0.996211152918,0.922272506415,0.891941145355,1],"ix":4},"o":{"a":0,"k":100,"ix":5},"r":1,"bm":0,"nm":"Fill 1","mn":"ADBE Vector Graphic - Fill","hd":false},{"ty":"tr","p":{"a":0,"k":[12.277,5.476],"ix":2},"a":{"a":0,"k":[0,0],"ix":1},"s":{"a":0,"k":[100,100],"ix":3},"r":{"a":0,"k":0,"ix":6},"o":{"a":0,"k":100,"ix":7},"sk":{"a":0,"k":0,"ix":4},"sa":{"a":0,"k":0,"ix":5},"nm":"Transform"}],"nm":"Group 1","np":3,"cix":2,"bm":0,"ix":1,"mn":"ADBE Vector Group","hd":false},{"ty":"gr","it":[{"ind":0,"ty":"sh","ix":1,"ks":{"a":0,"k":{"i":[[6.304,2.648],[-4.238,-1.229]],"o":[[0,0],[4.239,1.229]],"v":[[-5.662,2.192],[1.423,-3.611]],"c":true},"ix":2},"nm":"Path 1","mn":"ADBE Vector Shape - Group","hd":false},{"ty":"mm","mm":4,"nm":"Merge Paths 1","mn":"ADBE Vector Filter - Merge","hd":false},{"ty":"fl","c":{"a":0,"k":[0,0,0,1],"ix":4},"o":{"a":0,"k":100,"ix":5},"r":1,"bm":0,"nm":"Fill 1","mn":"ADBE Vector Graphic - Fill","hd":false},{"ty":"tr","p":{"a":0,"k":[23.164,12.572],"ix":2},"a":{"a":0,"k":[0,0],"ix":1},"s":{"a":0,"k":[100,100],"ix":3},"r":{"a":0,"k":0,"ix":6},"o":{"a":0,"k":100,"ix":7},"sk":{"a":0,"k":0,"ix":4},"sa":{"a":0,"k":0,"ix":5},"nm":"Transform"}],"nm":"Group 2","np":3,"cix":2,"bm":0,"ix":2,"mn":"ADBE Vector Group","hd":false},{"ty":"gr","it":[{"ind":0,"ty":"sh","ix":1,"ks":{"a":0,"k":{"i":[[-2.661,-6.038],[1.381,4.078]],"o":[[0,0],[-1.381,-4.077]],"v":[[7.044,3.891],[-5.663,0]],"c":true},"ix":2},"nm":"Path 1","mn":"ADBE Vector Shape - Group","hd":false},{"ty":"mm","mm":4,"nm":"Merge Paths 1","mn":"ADBE Vector Filter - Merge","hd":false},{"ty":"fl","c":{"a":0,"k":[0,0,0,1],"ix":4},"o":{"a":0,"k":100,"ix":5},"r":1,"bm":0,"nm":"Fill 1","mn":"ADBE Vector Graphic - Fill","hd":false},{"ty":"tr","p":{"a":0,"k":[7.294,11.837],"ix":2},"a":{"a":0,"k":[0,0],"ix":1},"s":{"a":0,"k":[100,100],"ix":3},"r":{"a":0,"k":0,"ix":6},"o":{"a":0,"k":100,"ix":7},"sk":{"a":0,"k":0,"ix":4},"sa":{"a":0,"k":0,"ix":5},"nm":"Transform"}],"nm":"Group 3","np":3,"cix":2,"bm":0,"ix":3,"mn":"ADBE Vector Group","hd":false}],"ip":0,"op":300.00001221925,"st":0,"bm":0},{"ddd":0,"ind":4,"ty":4,"nm":"right foot Outlines","parent":5,"sr":1,"ks":{"o":{"a":0,"k":100,"ix":11},"r":{"a":0,"k":-0.69,"ix":10},"p":{"a":0,"k":[136.962,38.881,0],"ix":2,"l":2},"a":{"a":0,"k":[3.657,3.225,0],"ix":1,"l":2},"s":{"a":0,"k":[100,100,100],"ix":6,"l":2}},"ao":0,"shapes":[{"ty":"gr","it":[{"ind":0,"ty":"sh","ix":1,"ks":{"a":0,"k":{"i":[[-0.349,-2.128],[-0.825,-0.252],[-1.599,-0.056],[-0.97,1.487],[1.786,1.168],[0.653,-0.546],[0.211,-0.712],[-0.12,0.087],[0.834,-0.029]],"o":[[0.163,0.994],[1.523,0.466],[1.734,0.061],[1.115,-1.709],[-0.776,-0.506],[-0.578,0.485],[-0.014,0.052],[-0.55,0.399],[-1.179,0.042]],"v":[[-6.376,1.134],[-3.567,2.968],[1.112,3.878],[5.61,1.78],[4.804,-3.433],[2.445,-3.129],[1.353,-1.295],[1.252,-1.064],[-1.301,-0.609]],"c":true},"ix":2},"nm":"Path 1","mn":"ADBE Vector Shape - Group","hd":false},{"ty":"mm","mm":4,"nm":"Merge Paths 1","mn":"ADBE Vector Filter - Merge","hd":false},{"ty":"fl","c":{"a":0,"k":[1,0.643597830978,0.595256850299,1],"ix":4},"o":{"a":0,"k":100,"ix":5},"r":1,"bm":0,"nm":"Fill 1","mn":"ADBE Vector Graphic - Fill","hd":false},{"ty":"tr","p":{"a":0,"k":[45.089,12.08],"ix":2},"a":{"a":0,"k":[0,0],"ix":1},"s":{"a":0,"k":[100,100],"ix":3},"r":{"a":0,"k":0,"ix":6},"o":{"a":0,"k":100,"ix":7},"sk":{"a":0,"k":0,"ix":4},"sa":{"a":0,"k":0,"ix":5},"nm":"Transform"}],"nm":"Group 1","np":3,"cix":2,"bm":0,"ix":1,"mn":"ADBE Vector Group","hd":false},{"ty":"gr","it":[{"ind":0,"ty":"sh","ix":1,"ks":{"a":0,"k":{"i":[[-0.09,-0.679],[-3.359,2.559],[1.393,0.394],[1.681,0.498],[1.732,0.682]],"o":[[0.54,4.088],[1.01,-0.769],[-1.658,-0.47],[-1.824,-0.539],[-0.621,-0.245]],"v":[[-6.378,-3.136],[5.441,1.892],[5.075,-0.912],[-0.013,-1.699],[-4.973,-4.206]],"c":true},"ix":2},"nm":"Path 1","mn":"ADBE Vector Shape - Group","hd":false},{"ty":"mm","mm":4,"nm":"Merge Paths 1","mn":"ADBE Vector Filter - Merge","hd":false},{"ty":"fl","c":{"a":0,"k":[1,0.643597830978,0.595256850299,1],"ix":4},"o":{"a":0,"k":100,"ix":5},"r":1,"bm":0,"nm":"Fill 1","mn":"ADBE Vector Graphic - Fill","hd":false},{"ty":"tr","p":{"a":0,"k":[45.134,17.696],"ix":2},"a":{"a":0,"k":[0,0],"ix":1},"s":{"a":0,"k":[100,100],"ix":3},"r":{"a":0,"k":0,"ix":6},"o":{"a":0,"k":100,"ix":7},"sk":{"a":0,"k":0,"ix":4},"sa":{"a":0,"k":0,"ix":5},"nm":"Transform"}],"nm":"Group 2","np":3,"cix":2,"bm":0,"ix":2,"mn":"ADBE Vector Group","hd":false},{"ty":"gr","it":[{"ind":0,"ty":"sh","ix":1,"ks":{"a":0,"k":{"i":[[-0.133,-0.586],[-3.78,5.222],[1.839,0],[0.284,-0.041],[-0.632,0.217],[0.238,0.056],[1.453,1.483]],"o":[[0.901,3.972],[1.131,-1.563],[-0.285,0.037],[-0.21,0.03],[0.288,-0.099],[-2.009,-0.485],[-0.448,-0.457]],"v":[[-6.223,-5.307],[5.225,1.142],[3.221,-2.692],[2.367,-2.576],[1.708,-2.326],[0.816,-2.501],[-5.192,-5.907]],"c":true},"ix":2},"nm":"Path 1","mn":"ADBE Vector Shape - Group","hd":false},{"ty":"mm","mm":4,"nm":"Merge Paths 1","mn":"ADBE Vector Filter - Merge","hd":false},{"ty":"fl","c":{"a":0,"k":[1,0.643597830978,0.595256850299,1],"ix":4},"o":{"a":0,"k":100,"ix":5},"r":1,"bm":0,"nm":"Fill 1","mn":"ADBE Vector Graphic - Fill","hd":false},{"ty":"tr","p":{"a":0,"k":[43.453,22.087],"ix":2},"a":{"a":0,"k":[0,0],"ix":1},"s":{"a":0,"k":[100,100],"ix":3},"r":{"a":0,"k":0,"ix":6},"o":{"a":0,"k":100,"ix":7},"sk":{"a":0,"k":0,"ix":4},"sa":{"a":0,"k":0,"ix":5},"nm":"Transform"}],"nm":"Group 3","np":3,"cix":2,"bm":0,"ix":3,"mn":"ADBE Vector Group","hd":false},{"ty":"gr","it":[{"ind":0,"ty":"sh","ix":1,"ks":{"a":0,"k":{"i":[[0.38,-0.912],[-0.884,-1.995],[-2.442,0.987],[1.024,1.009],[1.004,1.34],[-0.158,1.665]],"o":[[-0.861,2.067],[0.883,1.991],[1.175,-0.475],[-1.121,-1.104],[-0.976,-1.302],[0.113,-1.186]],"v":[[-3.624,-5.199],[-3.269,1.281],[2.687,5.141],[3.462,2.211],[-0.147,-0.543],[-1.727,-4.942]],"c":true},"ix":2},"nm":"Path 1","mn":"ADBE Vector Shape - Group","hd":false},{"ty":"mm","mm":4,"nm":"Merge Paths 1","mn":"ADBE Vector Filter - Merge","hd":false},{"ty":"fl","c":{"a":0,"k":[1,0.643597830978,0.595256850299,1],"ix":4},"o":{"a":0,"k":100,"ix":5},"r":1,"bm":0,"nm":"Fill 1","mn":"ADBE Vector Graphic - Fill","hd":false},{"ty":"tr","p":{"a":0,"k":[38.163,21.845],"ix":2},"a":{"a":0,"k":[0,0],"ix":1},"s":{"a":0,"k":[100,100],"ix":3},"r":{"a":0,"k":0,"ix":6},"o":{"a":0,"k":100,"ix":7},"sk":{"a":0,"k":0,"ix":4},"sa":{"a":0,"k":0,"ix":5},"nm":"Transform"}],"nm":"Group 4","np":3,"cix":2,"bm":0,"ix":4,"mn":"ADBE Vector Group","hd":false},{"ty":"gr","it":[{"ind":0,"ty":"sh","ix":1,"ks":{"a":0,"k":{"i":[[0,0],[-7.811,-2.068],[0,0],[14.06,0.915]],"o":[[0,0],[7.811,2.069],[0,0],[-14.061,-0.916]],"v":[[-20.534,-5.691],[12.504,8.384],[20.669,2.436],[-6.608,-9.538]],"c":true},"ix":2},"nm":"Path 1","mn":"ADBE Vector Shape - Group","hd":false},{"ty":"mm","mm":4,"nm":"Merge Paths 1","mn":"ADBE Vector Filter - Merge","hd":false},{"ty":"fl","c":{"a":0,"k":[1,0.643597830978,0.595256850299,1],"ix":4},"o":{"a":0,"k":100,"ix":5},"r":1,"bm":0,"nm":"Fill 1","mn":"ADBE Vector Graphic - Fill","hd":false},{"ty":"tr","p":{"a":0,"k":[20.919,10.704],"ix":2},"a":{"a":0,"k":[0,0],"ix":1},"s":{"a":0,"k":[100,100],"ix":3},"r":{"a":0,"k":0,"ix":6},"o":{"a":0,"k":100,"ix":7},"sk":{"a":0,"k":0,"ix":4},"sa":{"a":0,"k":0,"ix":5},"nm":"Transform"}],"nm":"Group 5","np":3,"cix":2,"bm":0,"ix":5,"mn":"ADBE Vector Group","hd":false}],"ip":0,"op":300.00001221925,"st":0,"bm":0},{"ddd":0,"ind":5,"ty":4,"nm":"right leg Outlines","parent":8,"sr":1,"ks":{"o":{"a":0,"k":100,"ix":11},"r":{"a":1,"k":[{"i":{"x":[0.667],"y":[1]},"o":{"x":[0.333],"y":[0]},"t":0,"s":[0]},{"i":{"x":[0.667],"y":[1]},"o":{"x":[0.333],"y":[0]},"t":30,"s":[-5]},{"t":60.0000024438501,"s":[0]}],"ix":10},"p":{"a":0,"k":[-15.458,242.097,0],"ix":2,"l":2},"a":{"a":0,"k":[29.177,24.145,0],"ix":1,"l":2},"s":{"a":0,"k":[100,100,100],"ix":6,"l":2}},"ao":0,"shapes":[{"ty":"gr","it":[{"ind":0,"ty":"sh","ix":1,"ks":{"a":0,"k":{"i":[[0.996,-0.389],[1.974,0.17],[1.885,-0.309],[3.346,-0.325],[-1.722,-0.659],[3.88,-2.748],[-5.196,2.376],[-3.185,4.727],[0.531,-0.207]],"o":[[-1.817,0.743],[-1.89,-0.163],[-3.273,0.535],[1.183,1.419],[-4.151,2.326],[5.673,0.078],[5.157,-2.583],[-0.532,0.208],[-0.482,0.197]],"v":[[12.975,-6.775],[8.229,-6.146],[2.489,-6.154],[-7.06,-3.667],[-2.596,-0.542],[-14.568,7.318],[2.119,4.255],[14.568,-7.396],[12.975,-6.775]],"c":true},"ix":2},"nm":"Path 1","mn":"ADBE Vector Shape - Group","hd":false},{"ty":"mm","mm":4,"nm":"Merge Paths 1","mn":"ADBE Vector Filter - Merge","hd":false},{"ty":"fl","c":{"a":0,"k":[0.9882352941176471,0.24313725490196078,0.011764705882352941,1],"ix":4},"o":{"a":0,"k":100,"ix":5},"r":1,"bm":0,"nm":"Fill 1","mn":"ADBE Vector Graphic - Fill","hd":false},{"ty":"tr","p":{"a":0,"k":[29.343,16.922],"ix":2},"a":{"a":0,"k":[0,0],"ix":1},"s":{"a":0,"k":[100,100],"ix":3},"r":{"a":0,"k":0,"ix":6},"o":{"a":0,"k":100,"ix":7},"sk":{"a":0,"k":0,"ix":4},"sa":{"a":0,"k":0,"ix":5},"nm":"Transform"}],"nm":"Group 1","np":3,"cix":2,"bm":0,"ix":1,"mn":"ADBE Vector Group","hd":false},{"ty":"gr","it":[{"ind":0,"ty":"sh","ix":1,"ks":{"a":0,"k":{"i":[[0,0],[15.697,2.448],[-4.158,-11.908],[-15.341,1.957],[0,0]],"o":[[0,0],[-15.697,-2.448],[4.157,11.909],[15.341,-1.958],[0,0]],"v":[[51.529,1.23],[-12.745,-27.947],[-67.769,18.486],[-9.018,26.072],[71.928,9.78]],"c":true},"ix":2},"nm":"Path 1","mn":"ADBE Vector Shape - Group","hd":false},{"ty":"mm","mm":4,"nm":"Merge Paths 1","mn":"ADBE Vector Filter - Merge","hd":false},{"ty":"fl","c":{"a":0,"k":[0.9882352941176471,0.24313725490196078,0.011764705882352941,1],"ix":4},"o":{"a":0,"k":100,"ix":5},"r":1,"bm":0,"nm":"Fill 1","mn":"ADBE Vector Graphic - Fill","hd":false},{"ty":"tr","p":{"a":0,"k":[72.177,30.645],"ix":2},"a":{"a":0,"k":[0,0],"ix":1},"s":{"a":0,"k":[100,100],"ix":3},"r":{"a":0,"k":0,"ix":6},"o":{"a":0,"k":100,"ix":7},"sk":{"a":0,"k":0,"ix":4},"sa":{"a":0,"k":0,"ix":5},"nm":"Transform"}],"nm":"Group 2","np":3,"cix":2,"bm":0,"ix":2,"mn":"ADBE Vector Group","hd":false}],"ip":0,"op":300.00001221925,"st":0,"bm":0},{"ddd":0,"ind":6,"ty":4,"nm":"left leg Outlines","parent":8,"sr":1,"ks":{"o":{"a":0,"k":100,"ix":11},"r":{"a":1,"k":[{"i":{"x":[0.667],"y":[1]},"o":{"x":[0.333],"y":[0]},"t":0,"s":[0]},{"i":{"x":[0.667],"y":[1]},"o":{"x":[0.333],"y":[0]},"t":30,"s":[5]},{"t":60.0000024438501,"s":[0]}],"ix":10},"p":{"a":0,"k":[216.479,241.671,0],"ix":2,"l":2},"a":{"a":0,"k":[114.358,21.126,0],"ix":1,"l":2},"s":{"a":0,"k":[100,100,100],"ix":6,"l":2}},"ao":0,"shapes":[{"ty":"gr","it":[{"ind":0,"ty":"sh","ix":1,"ks":{"a":0,"k":{"i":[[2.565,0.78],[0.115,0.034],[-0.703,0.851],[-0.151,0.232],[-0.105,0.16],[0,0],[0.312,-0.175],[0.589,-0.237],[1.909,-0.112],[4.681,0.546],[2.548,-0.179],[2.214,-0.925],[0.95,-1.076],[0.169,-0.224],[0.111,-0.162],[0,0],[-0.329,0.182],[-0.23,0.128],[-0.297,0.134],[-1.96,0.054],[-2.243,-0.389],[-0.555,-0.103],[0,0],[-2.616,-0.868],[-0.721,-0.2],[-0.742,-0.148],[-1.336,0.005],[-2.58,0.821],[0,0]],"o":[[-0.112,-0.034],[1.51,-0.885],[0.223,-0.276],[0.15,-0.229],[0.201,-0.316],[0,0],[-0.31,0.171],[-1.14,0.526],[-3.814,0.322],[-2.049,-0.233],[-2.541,0.175],[-2.23,0.929],[-0.236,0.275],[-0.159,0.231],[-0.214,0.319],[0,0],[0.162,-0.089],[0.23,-0.124],[1.204,-0.521],[1.964,-0.073],[0.553,0.098],[-0.256,0.091],[0,0],[0.653,0.215],[0.717,0.186],[1.485,0.297],[2.65,-0.033],[2.59,-0.828],[0,0]],"v":[[15.922,-0.13],[15.574,-0.232],[18.92,-3.002],[19.506,-3.737],[19.889,-4.323],[20.199,-4.812],[19.717,-4.542],[18.391,-3.864],[13.689,-2.729],[0.355,-4.261],[-6.694,-4.409],[-14.111,-2.788],[-18.952,0.558],[-19.575,1.291],[-19.983,1.883],[-20.314,2.377],[-19.806,2.095],[-19.217,1.767],[-18.405,1.404],[-13.509,0.379],[-7.096,1.005],[-5.432,1.31],[-5.833,1.454],[-1.314,3.174],[0.759,3.811],[2.959,4.319],[7.275,4.807],[15.779,3.088],[20.314,1.437]],"c":true},"ix":2},"nm":"Path 1","mn":"ADBE Vector Shape - Group","hd":false},{"ty":"mm","mm":4,"nm":"Merge Paths 1","mn":"ADBE Vector Filter - Merge","hd":false},{"ty":"fl","c":{"a":0,"k":[0.9882352941176471,0.24313725490196078,0.011764705882352941,1],"ix":4},"o":{"a":0,"k":100,"ix":5},"r":1,"bm":0,"nm":"Fill 1","mn":"ADBE Vector Graphic - Fill","hd":false},{"ty":"tr","p":{"a":0,"k":[110.981,5.677],"ix":2},"a":{"a":0,"k":[0,0],"ix":1},"s":{"a":0,"k":[100,100],"ix":3},"r":{"a":0,"k":0,"ix":6},"o":{"a":0,"k":100,"ix":7},"sk":{"a":0,"k":0,"ix":4},"sa":{"a":0,"k":0,"ix":5},"nm":"Transform"}],"nm":"Group 1","np":3,"cix":2,"bm":0,"ix":1,"mn":"ADBE Vector Group","hd":false},{"ty":"gr","it":[{"ind":0,"ty":"sh","ix":1,"ks":{"a":0,"k":{"i":[[0,0],[-23.654,5.395],[-4.657,-7.23],[10.773,-5.378],[0,0]],"o":[[9.262,-4.274],[23.652,-5.396],[4.657,7.23],[-10.775,5.379],[0,0]],"v":[[-48.611,-5.247],[10.233,-25.48],[62.951,-19.643],[44.57,25.497],[-67.608,7.379]],"c":true},"ix":2},"nm":"Path 1","mn":"ADBE Vector Shape - Group","hd":false},{"ty":"mm","mm":4,"nm":"Merge Paths 1","mn":"ADBE Vector Filter - Merge","hd":false},{"ty":"fl","c":{"a":0,"k":[0.9882352941176471,0.24313725490196078,0.011764705882352941,1],"ix":4},"o":{"a":0,"k":100,"ix":5},"r":1,"bm":0,"nm":"Fill 1","mn":"ADBE Vector Graphic - Fill","hd":false},{"ty":"tr","p":{"a":0,"k":[67.858,31.126],"ix":2},"a":{"a":0,"k":[0,0],"ix":1},"s":{"a":0,"k":[100,100],"ix":3},"r":{"a":0,"k":0,"ix":6},"o":{"a":0,"k":100,"ix":7},"sk":{"a":0,"k":0,"ix":4},"sa":{"a":0,"k":0,"ix":5},"nm":"Transform"}],"nm":"Group 2","np":3,"cix":2,"bm":0,"ix":2,"mn":"ADBE Vector Group","hd":false}],"ip":0,"op":300.00001221925,"st":0,"bm":0},{"ddd":0,"ind":7,"ty":4,"nm":"left foot Outlines","parent":6,"sr":1,"ks":{"o":{"a":0,"k":100,"ix":11},"r":{"a":0,"k":0.69,"ix":10},"p":{"a":0,"k":[-1.656,39.079,0],"ix":2,"l":2},"a":{"a":0,"k":[42.292,5.268,0],"ix":1,"l":2},"s":{"a":0,"k":[100,100,100],"ix":6,"l":2}},"ao":0,"shapes":[{"ty":"gr","it":[{"ind":0,"ty":"sh","ix":1,"ks":{"a":0,"k":{"i":[[0.251,-1.117],[3.462,-1.833],[-2.17,0.323],[-0.487,4.661]],"o":[[-0.937,4.174],[-2.256,1.194],[5.282,-0.786],[0.121,-1.161]],"v":[[4.03,-5.464],[-3.915,2.452],[-2.31,6.258],[6.05,-5.191]],"c":true},"ix":2},"nm":"Path 1","mn":"ADBE Vector Shape - Group","hd":false},{"ty":"mm","mm":4,"nm":"Merge Paths 1","mn":"ADBE Vector Filter - Merge","hd":false},{"ty":"fl","c":{"a":0,"k":[1,0.643597830978,0.595256850299,1],"ix":4},"o":{"a":0,"k":100,"ix":5},"r":1,"bm":0,"nm":"Fill 1","mn":"ADBE Vector Graphic - Fill","hd":false},{"ty":"tr","p":{"a":0,"k":[12.059,23.206],"ix":2},"a":{"a":0,"k":[0,0],"ix":1},"s":{"a":0,"k":[100,100],"ix":3},"r":{"a":0,"k":0,"ix":6},"o":{"a":0,"k":100,"ix":7},"sk":{"a":0,"k":0,"ix":4},"sa":{"a":0,"k":0,"ix":5},"nm":"Transform"}],"nm":"Group 1","np":3,"cix":2,"bm":0,"ix":1,"mn":"ADBE Vector Group","hd":false},{"ty":"gr","it":[{"ind":0,"ty":"sh","ix":1,"ks":{"a":0,"k":{"i":[[0.132,-0.684],[2.642,-0.447],[-2.53,0.617],[-0.23,3.846]],"o":[[-0.478,2.481],[-2.494,0.423],[4.5,-1.096],[0.041,-0.691]],"v":[[3.218,-4.963],[-1.977,1.187],[-0.918,5.029],[4.43,-4.799]],"c":true},"ix":2},"nm":"Path 1","mn":"ADBE Vector Shape - Group","hd":false},{"ty":"mm","mm":4,"nm":"Merge Paths 1","mn":"ADBE Vector Filter - Merge","hd":false},{"ty":"fl","c":{"a":0,"k":[1,0.643597830978,0.595256850299,1],"ix":4},"o":{"a":0,"k":100,"ix":5},"r":1,"bm":0,"nm":"Fill 1","mn":"ADBE Vector Graphic - Fill","hd":false},{"ty":"tr","p":{"a":0,"k":[18.348,22.648],"ix":2},"a":{"a":0,"k":[0,0],"ix":1},"s":{"a":0,"k":[100,100],"ix":3},"r":{"a":0,"k":0,"ix":6},"o":{"a":0,"k":100,"ix":7},"sk":{"a":0,"k":0,"ix":4},"sa":{"a":0,"k":0,"ix":5},"nm":"Transform"}],"nm":"Group 2","np":3,"cix":2,"bm":0,"ix":2,"mn":"ADBE Vector Group","hd":false},{"ty":"gr","it":[{"ind":0,"ty":"sh","ix":1,"ks":{"a":0,"k":{"i":[[1.794,-0.44],[0.909,-0.536],[1.256,-0.491],[-2.587,-0.874],[-1.162,2.27]],"o":[[-0.991,0.243],[-1.019,0.6],[-2.403,0.939],[2.723,0.921],[0.299,-0.584]],"v":[[3.462,-4.172],[0.93,-1.994],[-2.669,-1.374],[-2.669,3.691],[3.613,0.303]],"c":true},"ix":2},"nm":"Path 1","mn":"ADBE Vector Shape - Group","hd":false},{"ty":"mm","mm":4,"nm":"Merge Paths 1","mn":"ADBE Vector Filter - Merge","hd":false},{"ty":"fl","c":{"a":0,"k":[1,0.643597830978,0.595256850299,1],"ix":4},"o":{"a":0,"k":100,"ix":5},"r":1,"bm":0,"nm":"Fill 1","mn":"ADBE Vector Graphic - Fill","hd":false},{"ty":"tr","p":{"a":0,"k":[8.757,22.654],"ix":2},"a":{"a":0,"k":[0,0],"ix":1},"s":{"a":0,"k":[100,100],"ix":3},"r":{"a":0,"k":0,"ix":6},"o":{"a":0,"k":100,"ix":7},"sk":{"a":0,"k":0,"ix":4},"sa":{"a":0,"k":0,"ix":5},"nm":"Transform"}],"nm":"Group 3","np":3,"cix":2,"bm":0,"ix":3,"mn":"ADBE Vector Group","hd":false},{"ty":"gr","it":[{"ind":0,"ty":"sh","ix":1,"ks":{"a":0,"k":{"i":[[0.532,-0.427],[0.966,-0.035],[0.232,0.044],[0.27,0.319],[0.104,0.619],[0.542,0.393],[0.593,-0.383],[-1.331,-1.397],[-1.371,0.284],[-1.117,1.812]],"o":[[-0.779,0.624],[-0.437,0.016],[-0.51,-0.099],[-0.332,-0.394],[-0.121,-0.714],[-0.587,-0.428],[-1.69,1.091],[1.044,1.095],[2.184,-0.449],[0.407,-0.66]],"v":[[3.803,-1.847],[0.259,-1.223],[-0.29,-1.245],[-0.175,-1.201],[-0.034,-1.033],[-1.333,-2.704],[-3.513,-2.704],[-3.88,2.037],[-0.091,2.841],[4.804,-1.075]],"c":true},"ix":2},"nm":"Path 1","mn":"ADBE Vector Shape - Group","hd":false},{"ty":"mm","mm":4,"nm":"Merge Paths 1","mn":"ADBE Vector Filter - Merge","hd":false},{"ty":"fl","c":{"a":0,"k":[1,0.643597830978,0.595256850299,1],"ix":4},"o":{"a":0,"k":100,"ix":5},"r":1,"bm":0,"nm":"Fill 1","mn":"ADBE Vector Graphic - Fill","hd":false},{"ty":"tr","p":{"a":0,"k":[5.461,18.307],"ix":2},"a":{"a":0,"k":[0,0],"ix":1},"s":{"a":0,"k":[100,100],"ix":3},"r":{"a":0,"k":0,"ix":6},"o":{"a":0,"k":100,"ix":7},"sk":{"a":0,"k":0,"ix":4},"sa":{"a":0,"k":0,"ix":5},"nm":"Transform"}],"nm":"Group 4","np":3,"cix":2,"bm":0,"ix":4,"mn":"ADBE Vector Group","hd":false},{"ty":"gr","it":[{"ind":0,"ty":"sh","ix":1,"ks":{"a":0,"k":{"i":[[10.651,-7.693],[0,0],[4.861,3.049]],"o":[[-3.8,2.745],[0,0],[-4.86,-3.05]],"v":[[-18.187,4.88],[-5.123,10.693],[17.126,-7.642]],"c":true},"ix":2},"nm":"Path 1","mn":"ADBE Vector Shape - Group","hd":false},{"ty":"mm","mm":4,"nm":"Merge Paths 1","mn":"ADBE Vector Filter - Merge","hd":false},{"ty":"fl","c":{"a":0,"k":[1,0.643597830978,0.595256850299,1],"ix":4},"o":{"a":0,"k":100,"ix":5},"r":1,"bm":0,"nm":"Fill 1","mn":"ADBE Vector Graphic - Fill","hd":false},{"ty":"tr","p":{"a":0,"k":[26.847,10.943],"ix":2},"a":{"a":0,"k":[0,0],"ix":1},"s":{"a":0,"k":[100,100],"ix":3},"r":{"a":0,"k":0,"ix":6},"o":{"a":0,"k":100,"ix":7},"sk":{"a":0,"k":0,"ix":4},"sa":{"a":0,"k":0,"ix":5},"nm":"Transform"}],"nm":"Group 5","np":3,"cix":2,"bm":0,"ix":5,"mn":"ADBE Vector Group","hd":false}],"ip":0,"op":300.00001221925,"st":0,"bm":0},{"ddd":0,"ind":8,"ty":4,"nm":"body Outlines","sr":1,"ks":{"o":{"a":0,"k":100,"ix":11},"r":{"a":0,"k":0,"ix":10},"p":{"a":1,"k":[{"i":{"x":0.709,"y":1},"o":{"x":0.188,"y":0},"t":0,"s":[508.265,387.12,0],"to":[0,-11.05,0],"ti":[0,0,0]},{"i":{"x":0.709,"y":1},"o":{"x":0.188,"y":0},"t":30,"s":[508.265,320.82,0],"to":[0,0,0],"ti":[0,-11.05,0]},{"t":60.0000024438501,"s":[508.265,387.12,0]}],"ix":2,"l":2},"a":{"a":0,"k":[88.521,141.726,0],"ix":1,"l":2},"s":{"a":0,"k":[170,170,100],"ix":6,"l":2}},"ao":0,"shapes":[{"ty":"gr","it":[{"ind":0,"ty":"sh","ix":1,"ks":{"a":0,"k":{"i":[[1.881,-1.859],[-2.724,2.392],[0.581,0.041]],"o":[[2.021,3.632],[1.006,-0.883],[-2.644,-0.188]],"v":[[-7.099,-0.356],[6.093,-0.181],[0.139,-3.088]],"c":true},"ix":2},"nm":"Path 1","mn":"ADBE Vector Shape - Group","hd":false},{"ty":"mm","mm":4,"nm":"Merge Paths 1","mn":"ADBE Vector Filter - Merge","hd":false},{"ty":"fl","c":{"a":0,"k":[1,0.475831663842,0.502362539254,1],"ix":4},"o":{"a":0,"k":100,"ix":5},"r":1,"bm":0,"nm":"Fill 1","mn":"ADBE Vector Graphic - Fill","hd":false},{"ty":"tr","p":{"a":0,"k":[117.251,59.242],"ix":2},"a":{"a":0,"k":[0,0],"ix":1},"s":{"a":0,"k":[100,100],"ix":3},"r":{"a":0,"k":0,"ix":6},"o":{"a":0,"k":100,"ix":7},"sk":{"a":0,"k":0,"ix":4},"sa":{"a":0,"k":0,"ix":5},"nm":"Transform"}],"nm":"Group 1","np":3,"cix":2,"bm":0,"ix":1,"mn":"ADBE Vector Group","hd":false},{"ty":"gr","it":[{"ind":0,"ty":"sh","ix":1,"ks":{"a":0,"k":{"i":[[1.983,-1.628],[-2.892,-0.228],[-0.591,2.431]],"o":[[-3.622,2.974],[1.68,0.133],[1.222,-5.028]],"v":[[-6.884,-0.232],[-1.984,3.711],[9.284,1.185]],"c":true},"ix":2},"nm":"Path 1","mn":"ADBE Vector Shape - Group","hd":false},{"ty":"mm","mm":4,"nm":"Merge Paths 1","mn":"ADBE Vector Filter - Merge","hd":false},{"ty":"fl","c":{"a":0,"k":[1,0.475831663842,0.502362539254,1],"ix":4},"o":{"a":0,"k":100,"ix":5},"r":1,"bm":0,"nm":"Fill 1","mn":"ADBE Vector Graphic - Fill","hd":false},{"ty":"tr","p":{"a":0,"k":[71.408,60.003],"ix":2},"a":{"a":0,"k":[0,0],"ix":1},"s":{"a":0,"k":[100,100],"ix":3},"r":{"a":0,"k":0,"ix":6},"o":{"a":0,"k":100,"ix":7},"sk":{"a":0,"k":0,"ix":4},"sa":{"a":0,"k":0,"ix":5},"nm":"Transform"}],"nm":"Group 2","np":3,"cix":2,"bm":0,"ix":2,"mn":"ADBE Vector Group","hd":false},{"ty":"gr","it":[{"ind":0,"ty":"sh","ix":1,"ks":{"a":0,"k":{"i":[[0,0],[-1.385,1.838],[1.375,-0.439]],"o":[[-0.539,1.8],[0.871,-1.156],[0,0]],"v":[[-1.212,-0.678],[0.869,1.082],[0.008,-1.795]],"c":true},"ix":2},"nm":"Path 1","mn":"ADBE Vector Shape - Group","hd":false},{"ty":"mm","mm":4,"nm":"Merge Paths 1","mn":"ADBE Vector Filter - Merge","hd":false},{"ty":"fl","c":{"a":0,"k":[0.62085278081,0.141227752087,0.76966827991,1],"ix":4},"o":{"a":0,"k":100,"ix":5},"r":1,"bm":0,"nm":"Fill 1","mn":"ADBE Vector Graphic - Fill","hd":false},{"ty":"tr","p":{"a":0,"k":[102.535,158.715],"ix":2},"a":{"a":0,"k":[0,0],"ix":1},"s":{"a":0,"k":[100,100],"ix":3},"r":{"a":0,"k":0,"ix":6},"o":{"a":0,"k":100,"ix":7},"sk":{"a":0,"k":0,"ix":4},"sa":{"a":0,"k":0,"ix":5},"nm":"Transform"}],"nm":"Group 3","np":3,"cix":2,"bm":0,"ix":3,"mn":"ADBE Vector Group","hd":false},{"ty":"gr","it":[{"ind":0,"ty":"sh","ix":1,"ks":{"a":0,"k":{"i":[[0,0],[-2.089,1.757],[2.337,-2.055]],"o":[[-0.762,1.356],[1.354,-1.138],[0,0]],"v":[[-1.046,-1.3],[0.725,1.923],[-1.021,-1.884]],"c":true},"ix":2},"nm":"Path 1","mn":"ADBE Vector Shape - Group","hd":false},{"ty":"mm","mm":4,"nm":"Merge Paths 1","mn":"ADBE Vector Filter - Merge","hd":false},{"ty":"fl","c":{"a":0,"k":[0.62085278081,0.141227752087,0.76966827991,1],"ix":4},"o":{"a":0,"k":100,"ix":5},"r":1,"bm":0,"nm":"Fill 1","mn":"ADBE Vector Graphic - Fill","hd":false},{"ty":"tr","p":{"a":0,"k":[90.151,157.627],"ix":2},"a":{"a":0,"k":[0,0],"ix":1},"s":{"a":0,"k":[100,100],"ix":3},"r":{"a":0,"k":0,"ix":6},"o":{"a":0,"k":100,"ix":7},"sk":{"a":0,"k":0,"ix":4},"sa":{"a":0,"k":0,"ix":5},"nm":"Transform"}],"nm":"Group 4","np":3,"cix":2,"bm":0,"ix":4,"mn":"ADBE Vector Group","hd":false},{"ty":"gr","it":[{"ind":0,"ty":"sh","ix":1,"ks":{"a":0,"k":{"i":[[-2.202,2.848],[1.69,-0.035]],"o":[[1.37,-1.772],[-1.023,1.999]],"v":[[1.148,0.447],[-1.495,-3.26]],"c":true},"ix":2},"nm":"Path 1","mn":"ADBE Vector Shape - Group","hd":false},{"ty":"mm","mm":4,"nm":"Merge Paths 1","mn":"ADBE Vector Filter - Merge","hd":false},{"ty":"fl","c":{"a":0,"k":[0.6509803921568628,0.1568627450980392,0.00392156862745098,1],"ix":4},"o":{"a":0,"k":100,"ix":5},"r":1,"bm":0,"nm":"Fill 1","mn":"ADBE Vector Graphic - Fill","hd":false},{"ty":"tr","p":{"a":0,"k":[107.634,253.449],"ix":2},"a":{"a":0,"k":[0,0],"ix":1},"s":{"a":0,"k":[100,100],"ix":3},"r":{"a":0,"k":0,"ix":6},"o":{"a":0,"k":100,"ix":7},"sk":{"a":0,"k":0,"ix":4},"sa":{"a":0,"k":0,"ix":5},"nm":"Transform"}],"nm":"Group 5","np":3,"cix":2,"bm":0,"ix":5,"mn":"ADBE Vector Group","hd":false},{"ty":"gr","it":[{"ind":0,"ty":"sh","ix":1,"ks":{"a":0,"k":{"i":[[0,0],[4.699,-3.597],[0,0],[-3.567,-1.998],[-13.41,2.156],[0,0],[4.631,16.215],[2.866,1.297]],"o":[[0,0],[-4.7,3.598],[0,0],[3.566,1.998],[13.408,-2.157],[0,0],[0,0],[-2.865,-1.297]],"v":[[-5.876,-52.186],[-16.654,-57.93],[-15.141,-36.653],[-21.649,55.326],[-0.862,59.371],[25.215,51.105],[1.352,-38.989],[0.667,-55.995]],"c":true},"ix":2},"nm":"Path 1","mn":"ADBE Vector Shape - Group","hd":false},{"ty":"mm","mm":4,"nm":"Merge Paths 1","mn":"ADBE Vector Filter - Merge","hd":false},{"ty":"fl","c":{"a":0,"k":[1,0.643597830978,0.595256850299,1],"ix":4},"o":{"a":0,"k":100,"ix":5},"r":1,"bm":0,"nm":"Fill 1","mn":"ADBE Vector Graphic - Fill","hd":false},{"ty":"tr","p":{"a":0,"k":[103.855,207.734],"ix":2},"a":{"a":0,"k":[0,0],"ix":1},"s":{"a":0,"k":[100,100],"ix":3},"r":{"a":0,"k":0,"ix":6},"o":{"a":0,"k":100,"ix":7},"sk":{"a":0,"k":0,"ix":4},"sa":{"a":0,"k":0,"ix":5},"nm":"Transform"}],"nm":"Group 6","np":3,"cix":2,"bm":0,"ix":6,"mn":"ADBE Vector Group","hd":false},{"ty":"gr","it":[{"ind":0,"ty":"sh","ix":1,"ks":{"a":0,"k":{"i":[[-0.357,0.135],[-0.309,3.192],[5.257,-1.852],[-1.868,4.646],[-4.197,1.586]],"o":[[3.527,-1.31],[1.242,4.262],[-6.469,2.366],[-0.058,2.966],[0.41,-0.152]],"v":[[0.927,2.907],[5.574,-8.306],[1.998,5.94],[-5.388,-5.278],[0.927,2.907]],"c":true},"ix":2},"nm":"Path 1","mn":"ADBE Vector Shape - Group","hd":false},{"ty":"mm","mm":4,"nm":"Merge Paths 1","mn":"ADBE Vector Filter - Merge","hd":false},{"ty":"fl","c":{"a":0,"k":[0,0,0,1],"ix":4},"o":{"a":0,"k":100,"ix":5},"r":1,"bm":0,"nm":"Fill 1","mn":"ADBE Vector Graphic - Fill","hd":false},{"ty":"tr","p":{"a":0,"k":[114.689,45.976],"ix":2},"a":{"a":0,"k":[0,0],"ix":1},"s":{"a":0,"k":[100,100],"ix":3},"r":{"a":0,"k":0,"ix":6},"o":{"a":0,"k":100,"ix":7},"sk":{"a":0,"k":0,"ix":4},"sa":{"a":0,"k":0,"ix":5},"nm":"Transform"}],"nm":"Group 7","np":3,"cix":2,"bm":0,"ix":7,"mn":"ADBE Vector Group","hd":false},{"ty":"gr","it":[{"ind":0,"ty":"sh","ix":1,"ks":{"a":0,"k":{"i":[[-0.101,-0.033],[-0.506,1.995],[6.782,3.821],[-0.638,4.172],[-3.473,-1.145]],"o":[[3.248,1.526],[0.615,4.254],[-4.56,-2.54],[0.675,2.941],[0.234,0.11]],"v":[[-0.037,2.238],[5.805,-6.252],[-1.86,4.927],[-4.329,-8.748],[-0.037,2.238]],"c":true},"ix":2},"nm":"Path 1","mn":"ADBE Vector Shape - Group","hd":false},{"ty":"mm","mm":4,"nm":"Merge Paths 1","mn":"ADBE Vector Filter - Merge","hd":false},{"ty":"fl","c":{"a":0,"k":[0,0,0,1],"ix":4},"o":{"a":0,"k":100,"ix":5},"r":1,"bm":0,"nm":"Fill 1","mn":"ADBE Vector Graphic - Fill","hd":false},{"ty":"tr","p":{"a":0,"k":[74.089,46.271],"ix":2},"a":{"a":0,"k":[0,0],"ix":1},"s":{"a":0,"k":[100,100],"ix":3},"r":{"a":0,"k":0,"ix":6},"o":{"a":0,"k":100,"ix":7},"sk":{"a":0,"k":0,"ix":4},"sa":{"a":0,"k":0,"ix":5},"nm":"Transform"}],"nm":"Group 8","np":3,"cix":2,"bm":0,"ix":8,"mn":"ADBE Vector Group","hd":false},{"ty":"gr","it":[{"ind":0,"ty":"sh","ix":1,"ks":{"a":0,"k":{"i":[[-0.358,0.135],[-0.309,3.192],[5.257,-1.852],[-1.868,4.646],[-4.197,1.586]],"o":[[3.526,-1.31],[1.242,4.262],[-6.469,2.366],[-0.058,2.966],[0.409,-0.152]],"v":[[0.719,3.894],[5.366,-7.319],[1.79,6.927],[-5.596,-4.291],[0.719,3.894]],"c":true},"ix":2},"nm":"Path 1","mn":"ADBE Vector Shape - Group","hd":false},{"ty":"mm","mm":4,"nm":"Merge Paths 1","mn":"ADBE Vector Filter - Merge","hd":false},{"ty":"fl","c":{"a":0,"k":[0.62085278081,0.141227752087,0.76966827991,1],"ix":4},"o":{"a":0,"k":100,"ix":5},"r":1,"bm":0,"nm":"Fill 1","mn":"ADBE Vector Graphic - Fill","hd":false},{"ty":"tr","p":{"a":0,"k":[115.194,46.299],"ix":2},"a":{"a":0,"k":[0,0],"ix":1},"s":{"a":0,"k":[100,100],"ix":3},"r":{"a":0,"k":0,"ix":6},"o":{"a":0,"k":100,"ix":7},"sk":{"a":0,"k":0,"ix":4},"sa":{"a":0,"k":0,"ix":5},"nm":"Transform"}],"nm":"Group 9","np":3,"cix":2,"bm":0,"ix":9,"mn":"ADBE Vector Group","hd":false},{"ty":"gr","it":[{"ind":0,"ty":"sh","ix":1,"ks":{"a":0,"k":{"i":[[-0.1,-0.033],[-0.506,1.995],[6.782,3.821],[-0.638,4.172],[-3.473,-1.145]],"o":[[3.248,1.526],[0.615,4.254],[-4.56,-2.54],[0.676,2.941],[0.234,0.11]],"v":[[-0.47,3.745],[5.372,-4.745],[-2.293,6.434],[-4.762,-7.241],[-0.47,3.745]],"c":true},"ix":2},"nm":"Path 1","mn":"ADBE Vector Shape - Group","hd":false},{"ty":"mm","mm":4,"nm":"Merge Paths 1","mn":"ADBE Vector Filter - Merge","hd":false},{"ty":"fl","c":{"a":0,"k":[0.62085278081,0.141227752087,0.76966827991,1],"ix":4},"o":{"a":0,"k":100,"ix":5},"r":1,"bm":0,"nm":"Fill 1","mn":"ADBE Vector Graphic - Fill","hd":false},{"ty":"tr","p":{"a":0,"k":[74.818,46.075],"ix":2},"a":{"a":0,"k":[0,0],"ix":1},"s":{"a":0,"k":[100,100],"ix":3},"r":{"a":0,"k":0,"ix":6},"o":{"a":0,"k":100,"ix":7},"sk":{"a":0,"k":0,"ix":4},"sa":{"a":0,"k":0,"ix":5},"nm":"Transform"}],"nm":"Group 10","np":3,"cix":2,"bm":0,"ix":10,"mn":"ADBE Vector Group","hd":false},{"ty":"gr","it":[{"ind":0,"ty":"sh","ix":1,"ks":{"a":0,"k":{"i":[[-20.006,2.337],[0,0],[-6.162,-1.376],[5.099,-9.433],[0,0],[4.742,-7.986],[4.236,10.138],[0,0],[3.004,9.152]],"o":[[6.705,-0.783],[0,0],[6.16,1.375],[-5.098,9.435],[0,0],[-4.744,7.986],[-4.236,-10.138],[0,0],[-3.004,-9.151]],"v":[[-29.15,-47.541],[8.461,-37.614],[39.287,-46.441],[50.009,-17.416],[21.042,-4.352],[31.448,31.815],[-16.541,38.186],[-14.054,1.71],[-52.104,-4.913]],"c":true},"ix":2},"nm":"Path 1","mn":"ADBE Vector Shape - Group","hd":false},{"ty":"mm","mm":4,"nm":"Merge Paths 1","mn":"ADBE Vector Filter - Merge","hd":false},{"ty":"fl","c":{"a":0,"k":[1,0.643597830978,0.595256850299,1],"ix":4},"o":{"a":0,"k":100,"ix":5},"r":1,"bm":0,"nm":"Fill 1","mn":"ADBE Vector Graphic - Fill","hd":false},{"ty":"tr","p":{"a":0,"k":[91.057,70.668],"ix":2},"a":{"a":0,"k":[0,0],"ix":1},"s":{"a":0,"k":[100,100],"ix":3},"r":{"a":0,"k":0,"ix":6},"o":{"a":0,"k":100,"ix":7},"sk":{"a":0,"k":0,"ix":4},"sa":{"a":0,"k":0,"ix":5},"nm":"Transform"}],"nm":"Group 11","np":3,"cix":2,"bm":0,"ix":11,"mn":"ADBE Vector Group","hd":false},{"ty":"gr","it":[{"ind":0,"ty":"sh","ix":1,"ks":{"a":0,"k":{"i":[[9.771,-9.195],[0,0],[2.427,-1.941],[0,0],[0,0],[-33.15,1.757],[0,0],[0,0],[-6.289,3.234],[5.554,13.416],[4.94,0.803],[0,0]],"o":[[-4.954,4.662],[0,0],[-2.427,1.942],[0,0],[0,0],[33.152,-1.758],[0,0],[0,0],[0,0],[-5.554,-13.416],[-4.941,-0.803],[0,0]],"v":[[-51.473,-51.111],[-76.814,12.454],[-85.843,31.373],[-75.391,33.298],[-86.72,44.798],[6.031,58.548],[72.182,51.807],[66.903,45.428],[88.27,38.761],[55.45,-20.052],[31.023,-56.838],[14.372,-57.572]],"c":true},"ix":2},"nm":"Path 1","mn":"ADBE Vector Shape - Group","hd":false},{"ty":"mm","mm":4,"nm":"Merge Paths 1","mn":"ADBE Vector Filter - Merge","hd":false},{"ty":"fl","c":{"a":0,"k":[0.9882352941176471,0.24313725490196078,0.011764705882352941,1],"ix":4},"o":{"a":0,"k":100,"ix":5},"r":1,"bm":0,"nm":"Fill 1","mn":"ADBE Vector Graphic - Fill","hd":false},{"ty":"tr","p":{"a":0,"k":[88.52,60.556],"ix":2},"a":{"a":0,"k":[0,0],"ix":1},"s":{"a":0,"k":[100,100],"ix":3},"r":{"a":0,"k":0,"ix":6},"o":{"a":0,"k":100,"ix":7},"sk":{"a":0,"k":0,"ix":4},"sa":{"a":0,"k":0,"ix":5},"nm":"Transform"}],"nm":"Group 12","np":3,"cix":2,"bm":0,"ix":12,"mn":"ADBE Vector Group","hd":false},{"ty":"gr","it":[{"ind":0,"ty":"sh","ix":1,"ks":{"a":0,"k":{"i":[[6.469,-7.317],[-1.844,-17.935],[0,0],[-43.041,28.248],[3.506,20.057],[0,0]],"o":[[-2.161,2.443],[1.842,17.935],[0,0],[0,0],[-3.505,-20.057],[0,0]],"v":[[-28.897,-81.505],[-32.066,-9.653],[-28.38,66.022],[33.91,60.574],[12.674,-2.118],[2.227,-80.132]],"c":true},"ix":2},"nm":"Path 1","mn":"ADBE Vector Shape - Group","hd":false},{"ty":"mm","mm":4,"nm":"Merge Paths 1","mn":"ADBE Vector Filter - Merge","hd":false},{"ty":"fl","c":{"a":0,"k":[0.9882352941176471,0.24313725490196078,0.011764705882352941,1],"ix":4},"o":{"a":0,"k":100,"ix":5},"r":1,"bm":0,"nm":"Fill 1","mn":"ADBE Vector Graphic - Fill","hd":false},{"ty":"tr","p":{"a":0,"k":[101.48,194.38],"ix":2},"a":{"a":0,"k":[0,0],"ix":1},"s":{"a":0,"k":[100,100],"ix":3},"r":{"a":0,"k":0,"ix":6},"o":{"a":0,"k":100,"ix":7},"sk":{"a":0,"k":0,"ix":4},"sa":{"a":0,"k":0,"ix":5},"nm":"Transform"}],"nm":"Group 13","np":3,"cix":2,"bm":0,"ix":13,"mn":"ADBE Vector Group","hd":false}],"ip":0,"op":300.00001221925,"st":0,"bm":0},{"ddd":0,"ind":9,"ty":4,"nm":"right arm Outlines","parent":8,"sr":1,"ks":{"o":{"a":0,"k":100,"ix":11},"r":{"a":1,"k":[{"i":{"x":[0.88],"y":[1]},"o":{"x":[0.116],"y":[0]},"t":0,"s":[0]},{"i":{"x":[0.88],"y":[1]},"o":{"x":[0.12],"y":[0]},"t":30,"s":[20]},{"t":60.0000024438501,"s":[0]}],"ix":10},"p":{"a":0,"k":[70.722,113.518,0],"ix":2,"l":2},"a":{"a":0,"k":[75.299,15.16,0],"ix":1,"l":2},"s":{"a":0,"k":[100,100,100],"ix":6,"l":2}},"ao":0,"shapes":[{"ty":"gr","it":[{"ind":0,"ty":"sh","ix":1,"ks":{"a":0,"k":{"i":[[-1.412,-3.804],[-14.426,-4.734],[-7.934,13.992],[-1.325,21.843],[0,0],[7.653,-14.262],[11.457,-0.958],[0,0]],"o":[[0,0],[14.425,4.734],[7.935,-13.991],[1.325,-21.844],[0,0],[-7.654,14.261],[-11.457,0.959],[0,0]],"v":[[-38.137,41.338],[-20.516,59.676],[16.772,43.761],[38.225,-37.829],[38.566,-64.41],[10.529,12.788],[-19.54,44.207],[-33.582,37.15]],"c":true},"ix":2},"nm":"Path 1","mn":"ADBE Vector Shape - Group","hd":false},{"ty":"mm","mm":4,"nm":"Merge Paths 1","mn":"ADBE Vector Filter - Merge","hd":false},{"ty":"fl","c":{"a":0,"k":[0.9882352941176471,0.24313725490196078,0.011764705882352941,1],"ix":4},"o":{"a":0,"k":100,"ix":5},"r":1,"bm":0,"nm":"Fill 1","mn":"ADBE Vector Graphic - Fill","hd":false},{"ty":"tr","p":{"a":0,"k":[39.799,64.661],"ix":2},"a":{"a":0,"k":[0,0],"ix":1},"s":{"a":0,"k":[100,100],"ix":3},"r":{"a":0,"k":0,"ix":6},"o":{"a":0,"k":100,"ix":7},"sk":{"a":0,"k":0,"ix":4},"sa":{"a":0,"k":0,"ix":5},"nm":"Transform"}],"nm":"Group 1","np":3,"cix":2,"bm":0,"ix":1,"mn":"ADBE Vector Group","hd":false}],"ip":0,"op":300.00001221925,"st":0,"bm":0},{"ddd":0,"ind":10,"ty":4,"nm":"right hand Outlines","parent":9,"sr":1,"ks":{"o":{"a":0,"k":100,"ix":11},"r":{"a":1,"k":[{"i":{"x":[0.667],"y":[1]},"o":{"x":[0.333],"y":[0]},"t":0,"s":[4.077]},{"i":{"x":[0.667],"y":[1]},"o":{"x":[0.333],"y":[0]},"t":30,"s":[9.077]},{"t":60.0000024438501,"s":[4.077]}],"ix":10},"p":{"a":0,"k":[17.885,115.575,0],"ix":2,"l":2},"a":{"a":0,"k":[37.439,46.248,0],"ix":1,"l":2},"s":{"a":0,"k":[100,100,100],"ix":6,"l":2}},"ao":0,"shapes":[{"ty":"gr","it":[{"ind":0,"ty":"sh","ix":1,"ks":{"a":0,"k":{"i":[[0.76,-0.057],[2.706,1.352],[0.718,0.622],[1.358,-0.795],[-0.644,0.641],[1.188,0.51],[0.807,-1.83],[-1.193,-0.848],[-1.864,-0.391],[-3.114,1.585]],"o":[[-3.016,0.227],[-0.848,-0.423],[-1.093,-0.947],[0.712,-0.416],[0.964,-0.961],[-1.917,-0.822],[-0.744,1.686],[1.565,1.112],[3.281,0.687],[0.616,-0.314]],"v":[[8.087,2.409],[-1.503,0.064],[-3.938,-1.492],[-4.712,-0.635],[-2.817,-1.684],[-3.444,-4.567],[-8.271,-2.423],[-6.088,1.747],[-0.699,3.975],[8.399,3.804]],"c":true},"ix":2},"nm":"Path 1","mn":"ADBE Vector Shape - Group","hd":false},{"ty":"mm","mm":4,"nm":"Merge Paths 1","mn":"ADBE Vector Filter - Merge","hd":false},{"ty":"fl","c":{"a":0,"k":[1,0.643597830978,0.595256850299,1],"ix":4},"o":{"a":0,"k":100,"ix":5},"r":1,"bm":0,"nm":"Fill 1","mn":"ADBE Vector Graphic - Fill","hd":false},{"ty":"tr","p":{"a":0,"k":[10.271,32.649],"ix":2},"a":{"a":0,"k":[0,0],"ix":1},"s":{"a":0,"k":[100,100],"ix":3},"r":{"a":0,"k":0,"ix":6},"o":{"a":0,"k":100,"ix":7},"sk":{"a":0,"k":0,"ix":4},"sa":{"a":0,"k":0,"ix":5},"nm":"Transform"}],"nm":"Group 1","np":3,"cix":2,"bm":0,"ix":1,"mn":"ADBE Vector Group","hd":false},{"ty":"gr","it":[{"ind":0,"ty":"sh","ix":1,"ks":{"a":0,"k":{"i":[[0.635,0.049],[2.317,2.375],[-4.697,-2.274],[3.577,1.607],[2.254,-1.851],[-1.205,-2.403],[-5.539,2.142]],"o":[[-3.425,-0.262],[-1.955,-2.004],[3.542,1.715],[-2.662,-1.196],[-2.388,1.962],[2.478,4.944],[0.69,-0.267]],"v":[[7.749,6.572],[-1.651,1.266],[-0.829,-3.977],[1.477,-8.836],[-6.346,-7.832],[-6.961,0.367],[8.044,7.889]],"c":true},"ix":2},"nm":"Path 1","mn":"ADBE Vector Shape - Group","hd":false},{"ty":"mm","mm":4,"nm":"Merge Paths 1","mn":"ADBE Vector Filter - Merge","hd":false},{"ty":"fl","c":{"a":0,"k":[1,0.643597830978,0.595256850299,1],"ix":4},"o":{"a":0,"k":100,"ix":5},"r":1,"bm":0,"nm":"Fill 1","mn":"ADBE Vector Graphic - Fill","hd":false},{"ty":"tr","p":{"a":0,"k":[8.984,25.528],"ix":2},"a":{"a":0,"k":[0,0],"ix":1},"s":{"a":0,"k":[100,100],"ix":3},"r":{"a":0,"k":0,"ix":6},"o":{"a":0,"k":100,"ix":7},"sk":{"a":0,"k":0,"ix":4},"sa":{"a":0,"k":0,"ix":5},"nm":"Transform"}],"nm":"Group 2","np":3,"cix":2,"bm":0,"ix":2,"mn":"ADBE Vector Group","hd":false},{"ty":"gr","it":[{"ind":0,"ty":"sh","ix":1,"ks":{"a":0,"k":{"i":[[0.416,0.292],[2.23,3.237],[0.363,1.953],[-1.123,-0.804],[1.49,2.073],[2.443,-1.919],[-0.916,-2.382],[-2.452,-2.515],[-2.518,0.702]],"o":[[-3.158,-2.219],[-1.12,-1.626],[-0.692,-3.726],[2.424,1.737],[-1.635,-2.274],[-2.21,1.736],[1.268,3.297],[1.613,1.653],[0.486,-0.135]],"v":[[6.774,9.458],[-1.358,1.783],[-3.778,-3.569],[-0.013,-3.759],[3.092,-7.436],[-4.98,-9.287],[-6.041,-1.613],[-0.173,7.098],[6.59,10.504]],"c":true},"ix":2},"nm":"Path 1","mn":"ADBE Vector Shape - Group","hd":false},{"ty":"mm","mm":4,"nm":"Merge Paths 1","mn":"ADBE Vector Filter - Merge","hd":false},{"ty":"fl","c":{"a":0,"k":[1,0.643597830978,0.595256850299,1],"ix":4},"o":{"a":0,"k":100,"ix":5},"r":1,"bm":0,"nm":"Fill 1","mn":"ADBE Vector Graphic - Fill","hd":false},{"ty":"tr","p":{"a":0,"k":[10.051,20.507],"ix":2},"a":{"a":0,"k":[0,0],"ix":1},"s":{"a":0,"k":[100,100],"ix":3},"r":{"a":0,"k":0,"ix":6},"o":{"a":0,"k":100,"ix":7},"sk":{"a":0,"k":0,"ix":4},"sa":{"a":0,"k":0,"ix":5},"nm":"Transform"}],"nm":"Group 3","np":3,"cix":2,"bm":0,"ix":3,"mn":"ADBE Vector Group","hd":false},{"ty":"gr","it":[{"ind":0,"ty":"sh","ix":1,"ks":{"a":0,"k":{"i":[[-0.54,0],[-2.076,5.876],[1.986,2.848],[2.791,-2.893],[-2.121,-0.453],[-1.682,-1.793],[0.574,-1.79],[4.792,-2.106]],"o":[[6.976,-0.009],[1.146,-3.243],[-2.091,-3],[-1.262,1.309],[2.162,0.463],[1.555,1.657],[-1.626,5.069],[-0.507,0.223]],"v":[[-7.42,14.065],[7.015,0.279],[5.823,-9.629],[-3.878,-11.172],[-2.892,-6.639],[2.943,-5.139],[2.607,2.135],[-7.654,13.02]],"c":true},"ix":2},"nm":"Path 1","mn":"ADBE Vector Shape - Group","hd":false},{"ty":"mm","mm":4,"nm":"Merge Paths 1","mn":"ADBE Vector Filter - Merge","hd":false},{"ty":"fl","c":{"a":0,"k":[1,0.643597830978,0.595256850299,1],"ix":4},"o":{"a":0,"k":100,"ix":5},"r":1,"bm":0,"nm":"Fill 1","mn":"ADBE Vector Graphic - Fill","hd":false},{"ty":"tr","p":{"a":0,"k":[30.829,19.292],"ix":2},"a":{"a":0,"k":[0,0],"ix":1},"s":{"a":0,"k":[100,100],"ix":3},"r":{"a":0,"k":0,"ix":6},"o":{"a":0,"k":100,"ix":7},"sk":{"a":0,"k":0,"ix":4},"sa":{"a":0,"k":0,"ix":5},"nm":"Transform"}],"nm":"Group 4","np":3,"cix":2,"bm":0,"ix":4,"mn":"ADBE Vector Group","hd":false},{"ty":"gr","it":[{"ind":0,"ty":"sh","ix":1,"ks":{"a":0,"k":{"i":[[0.776,0.539],[-0.258,4.932],[-2.037,1.849],[-0.72,-1.038],[-1.765,-0.508],[-0.653,0.783],[-0.115,0.138],[0.406,0.848],[3.619,-2.159],[0.504,-3.268],[-6.925,-2.794]],"o":[[-4.421,-3.072],[0.138,-2.656],[0.959,-0.87],[0.917,1.323],[1.034,0.298],[0.115,-0.138],[0.654,-0.783],[-1.747,-3.64],[-2.994,1.786],[-0.991,6.435],[0.94,0.38]],"v":[[0.951,13.266],[-4.075,-1.397],[-1.338,-8.761],[1.589,-8.549],[4.282,-5.688],[6.786,-6.581],[7.132,-6.995],[7.26,-9.893],[-1.962,-13.034],[-6.795,-4.182],[0.217,14.814]],"c":true},"ix":2},"nm":"Path 1","mn":"ADBE Vector Shape - Group","hd":false},{"ty":"mm","mm":4,"nm":"Merge Paths 1","mn":"ADBE Vector Filter - Merge","hd":false},{"ty":"fl","c":{"a":0,"k":[1,0.643597830978,0.595256850299,1],"ix":4},"o":{"a":0,"k":100,"ix":5},"r":1,"bm":0,"nm":"Fill 1","mn":"ADBE Vector Graphic - Fill","hd":false},{"ty":"tr","p":{"a":0,"k":[19.588,15.444],"ix":2},"a":{"a":0,"k":[0,0],"ix":1},"s":{"a":0,"k":[100,100],"ix":3},"r":{"a":0,"k":0,"ix":6},"o":{"a":0,"k":100,"ix":7},"sk":{"a":0,"k":0,"ix":4},"sa":{"a":0,"k":0,"ix":5},"nm":"Transform"}],"nm":"Group 5","np":3,"cix":2,"bm":0,"ix":5,"mn":"ADBE Vector Group","hd":false},{"ty":"gr","it":[{"ind":0,"ty":"sh","ix":1,"ks":{"a":0,"k":{"i":[[-2.026,4.347],[-2.605,-1.499],[4.076,-2.636]],"o":[[1.155,-2.479],[3.581,2.063],[-5.085,3.289]],"v":[[-5.278,-4.692],[1.241,-7.513],[3.228,5.723]],"c":true},"ix":2},"nm":"Path 1","mn":"ADBE Vector Shape - Group","hd":false},{"ty":"mm","mm":4,"nm":"Merge Paths 1","mn":"ADBE Vector Filter - Merge","hd":false},{"ty":"fl","c":{"a":0,"k":[1,0.643597830978,0.595256850299,1],"ix":4},"o":{"a":0,"k":100,"ix":5},"r":1,"bm":0,"nm":"Fill 1","mn":"ADBE Vector Graphic - Fill","hd":false},{"ty":"tr","p":{"a":0,"k":[21.038,31.715],"ix":2},"a":{"a":0,"k":[0,0],"ix":1},"s":{"a":0,"k":[100,100],"ix":3},"r":{"a":0,"k":0,"ix":6},"o":{"a":0,"k":100,"ix":7},"sk":{"a":0,"k":0,"ix":4},"sa":{"a":0,"k":0,"ix":5},"nm":"Transform"}],"nm":"Group 6","np":3,"cix":2,"bm":0,"ix":6,"mn":"ADBE Vector Group","hd":false}],"ip":0,"op":300.00001221925,"st":0,"bm":0},{"ddd":0,"ind":11,"ty":4,"nm":"left arm Outlines","parent":8,"sr":1,"ks":{"o":{"a":0,"k":100,"ix":11},"r":{"a":1,"k":[{"i":{"x":[0.88],"y":[1]},"o":{"x":[0.091],"y":[0]},"t":0,"s":[0]},{"i":{"x":[0.88],"y":[1]},"o":{"x":[0.12],"y":[0]},"t":30,"s":[-20]},{"t":60.0000024438501,"s":[0]}],"ix":10},"p":{"a":0,"k":[104.895,111.532,0],"ix":2,"l":2},"a":{"a":0,"k":[2.767,5.506,0],"ix":1,"l":2},"s":{"a":0,"k":[100,100,100],"ix":6,"l":2}},"ao":0,"shapes":[{"ty":"gr","it":[{"ind":0,"ty":"sh","ix":1,"ks":{"a":0,"k":{"i":[[0,0],[-10.014,-11.856],[-13.679,-1.775],[9.3,-5.151],[13.648,9.089],[0,0],[0,0],[1.616,22.378]],"o":[[0,0],[10.014,11.857],[0,0],[-9.301,5.151],[-13.648,-9.09],[0,0],[0,0],[-1.615,-22.379]],"v":[[-52.517,-60.756],[-14.953,9.967],[35.816,46.743],[43.217,51.46],[-11.817,51.666],[-23.798,37.967],[-24.159,46.147],[-48.618,-30.444]],"c":true},"ix":2},"nm":"Path 1","mn":"ADBE Vector Shape - Group","hd":false},{"ty":"mm","mm":4,"nm":"Merge Paths 1","mn":"ADBE Vector Filter - Merge","hd":false},{"ty":"fl","c":{"a":0,"k":[0.9882352941176471,0.24313725490196078,0.011764705882352941,1],"ix":4},"o":{"a":0,"k":100,"ix":5},"r":1,"bm":0,"nm":"Fill 1","mn":"ADBE Vector Graphic - Fill","hd":false},{"ty":"tr","p":{"a":0,"k":[52.767,61.006],"ix":2},"a":{"a":0,"k":[0,0],"ix":1},"s":{"a":0,"k":[100,100],"ix":3},"r":{"a":0,"k":0,"ix":6},"o":{"a":0,"k":100,"ix":7},"sk":{"a":0,"k":0,"ix":4},"sa":{"a":0,"k":0,"ix":5},"nm":"Transform"}],"nm":"Group 1","np":3,"cix":2,"bm":0,"ix":1,"mn":"ADBE Vector Group","hd":false}],"ip":0,"op":300.00001221925,"st":0,"bm":0},{"ddd":0,"ind":12,"ty":4,"nm":"left hand Outlines","parent":11,"sr":1,"ks":{"o":{"a":0,"k":100,"ix":11},"r":{"a":1,"k":[{"i":{"x":[0.667],"y":[1]},"o":{"x":[0.333],"y":[0]},"t":0,"s":[-4.312]},{"i":{"x":[0.667],"y":[1]},"o":{"x":[0.333],"y":[0]},"t":30,"s":[-9.312]},{"t":60.0000024438501,"s":[-4.312]}],"ix":10},"p":{"a":0,"k":[96.739,109.607,0],"ix":2,"l":2},"a":{"a":0,"k":[12.714,42.149,0],"ix":1,"l":2},"s":{"a":0,"k":[100,100,100],"ix":6,"l":2}},"ao":0,"shapes":[{"ty":"gr","it":[{"ind":0,"ty":"sh","ix":1,"ks":{"a":0,"k":{"i":[[-0.525,-0.895],[-3.915,1.537],[-0.108,2.09],[2.758,-0.447],[-0.141,-0.933],[-0.213,-0.68],[0.07,-0.079],[0.468,-0.17],[2.509,1.377]],"o":[[2.289,3.889],[1.881,-0.737],[0.142,-2.753],[-1.034,0.168],[0.198,1.299],[0.068,0.216],[-0.297,0.335],[-2.697,0.985],[-0.794,-0.435]],"v":[[-7.588,1.165],[4.517,4.252],[7.972,-0.104],[2.564,-5.341],[1.191,-3.153],[3.241,0.101],[3.33,-0.125],[2.197,0.583],[-6.209,-0.097]],"c":true},"ix":2},"nm":"Path 1","mn":"ADBE Vector Shape - Group","hd":false},{"ty":"mm","mm":4,"nm":"Merge Paths 1","mn":"ADBE Vector Filter - Merge","hd":false},{"ty":"fl","c":{"a":0,"k":[1,0.643597830978,0.595256850299,1],"ix":4},"o":{"a":0,"k":100,"ix":5},"r":1,"bm":0,"nm":"Fill 1","mn":"ADBE Vector Graphic - Fill","hd":false},{"ty":"tr","p":{"a":0,"k":[27.165,35.448],"ix":2},"a":{"a":0,"k":[0,0],"ix":1},"s":{"a":0,"k":[100,100],"ix":3},"r":{"a":0,"k":0,"ix":6},"o":{"a":0,"k":100,"ix":7},"sk":{"a":0,"k":0,"ix":4},"sa":{"a":0,"k":0,"ix":5},"nm":"Transform"}],"nm":"Group 1","np":3,"cix":2,"bm":0,"ix":1,"mn":"ADBE Vector Group","hd":false},{"ty":"gr","it":[{"ind":0,"ty":"sh","ix":1,"ks":{"a":0,"k":{"i":[[-1.051,-0.186],[-1.615,6.212],[2.471,-6.156],[-0.55,-0.499],[-2.065,0.088],[-0.733,-0.193],[-0.369,-0.229],[0.06,-1.103],[2.806,-0.733]],"o":[[5.559,0.983],[1.915,-7.36],[-0.272,0.679],[1.627,1.473],[0.758,-0.032],[0.442,0.117],[-0.266,-0.165],[-0.213,3.922],[-1.15,0.301]],"v":[[-8.527,8.517],[7.939,0.881],[-6.241,-3.345],[-5.759,-1.13],[-0.06,0.162],[2.194,0.354],[3.006,0.776],[2.802,1.005],[-8.704,6.569]],"c":true},"ix":2},"nm":"Path 1","mn":"ADBE Vector Shape - Group","hd":false},{"ty":"mm","mm":4,"nm":"Merge Paths 1","mn":"ADBE Vector Filter - Merge","hd":false},{"ty":"fl","c":{"a":0,"k":[1,0.643597830978,0.595256850299,1],"ix":4},"o":{"a":0,"k":100,"ix":5},"r":1,"bm":0,"nm":"Fill 1","mn":"ADBE Vector Graphic - Fill","hd":false},{"ty":"tr","p":{"a":0,"k":[29.323,26.015],"ix":2},"a":{"a":0,"k":[0,0],"ix":1},"s":{"a":0,"k":[100,100],"ix":3},"r":{"a":0,"k":0,"ix":6},"o":{"a":0,"k":100,"ix":7},"sk":{"a":0,"k":0,"ix":4},"sa":{"a":0,"k":0,"ix":5},"nm":"Transform"}],"nm":"Group 2","np":3,"cix":2,"bm":0,"ix":2,"mn":"ADBE Vector Group","hd":false},{"ty":"gr","it":[{"ind":0,"ty":"sh","ix":1,"ks":{"a":0,"k":{"i":[[-0.611,0.333],[0.891,6.451],[2.809,0.437],[1.207,-3.273],[-1.387,-0.292],[-1.873,0.153],[-0.112,-1.549],[1.264,-1.275],[1.385,-1.558]],"o":[[4.675,-2.549],[-0.424,-3.066],[-2.962,-0.462],[-0.465,1.261],[1.945,0.409],[1.013,-0.083],[0.144,2.006],[-1.471,1.483],[-0.412,0.465]],"v":[[-3.74,8.984],[7.223,-3.639],[1.076,-8.855],[-7.648,-5.801],[-5.928,-2.434],[-0.802,-3.186],[3.15,-1.718],[-0.099,3.551],[-4.397,8.051]],"c":true},"ix":2},"nm":"Path 1","mn":"ADBE Vector Shape - Group","hd":false},{"ty":"mm","mm":4,"nm":"Merge Paths 1","mn":"ADBE Vector Filter - Merge","hd":false},{"ty":"fl","c":{"a":0,"k":[1,0.643597830978,0.595256850299,1],"ix":4},"o":{"a":0,"k":100,"ix":5},"r":1,"bm":0,"nm":"Fill 1","mn":"ADBE Vector Graphic - Fill","hd":false},{"ty":"tr","p":{"a":0,"k":[24.952,22.734],"ix":2},"a":{"a":0,"k":[0,0],"ix":1},"s":{"a":0,"k":[100,100],"ix":3},"r":{"a":0,"k":0,"ix":6},"o":{"a":0,"k":100,"ix":7},"sk":{"a":0,"k":0,"ix":4},"sa":{"a":0,"k":0,"ix":5},"nm":"Transform"}],"nm":"Group 3","np":3,"cix":2,"bm":0,"ix":3,"mn":"ADBE Vector Group","hd":false},{"ty":"gr","it":[{"ind":0,"ty":"sh","ix":1,"ks":{"a":0,"k":{"i":[[-0.636,0.252],[0.185,4.338],[5.55,3.357],[1.173,-1.125],[-0.011,-1.05],[-1.542,-0.632],[-0.35,-5.068],[0.687,-2.279],[0.479,-2.076]],"o":[[4.739,-1.882],[-0.269,-6.321],[-1.346,-0.815],[-0.738,0.708],[0.017,1.688],[4.55,1.863],[0.165,2.394],[-0.625,2.079],[-0.158,0.683]],"v":[[1.053,15.359],[6.798,0.915],[-1.499,-14.796],[-5.822,-14.431],[-6.972,-11.97],[-4.519,-8.434],[3.608,1.517],[2.63,8.525],[-0.025,14.452]],"c":true},"ix":2},"nm":"Path 1","mn":"ADBE Vector Shape - Group","hd":false},{"ty":"mm","mm":4,"nm":"Merge Paths 1","mn":"ADBE Vector Filter - Merge","hd":false},{"ty":"fl","c":{"a":0,"k":[1,0.643597830978,0.595256850299,1],"ix":4},"o":{"a":0,"k":100,"ix":5},"r":1,"bm":0,"nm":"Fill 1","mn":"ADBE Vector Graphic - Fill","hd":false},{"ty":"tr","p":{"a":0,"k":[18.518,15.862],"ix":2},"a":{"a":0,"k":[0,0],"ix":1},"s":{"a":0,"k":[100,100],"ix":3},"r":{"a":0,"k":0,"ix":6},"o":{"a":0,"k":100,"ix":7},"sk":{"a":0,"k":0,"ix":4},"sa":{"a":0,"k":0,"ix":5},"nm":"Transform"}],"nm":"Group 4","np":3,"cix":2,"bm":0,"ix":4,"mn":"ADBE Vector Group","hd":false},{"ty":"gr","it":[{"ind":0,"ty":"sh","ix":1,"ks":{"a":0,"k":{"i":[[0.594,0.103],[1.303,-0.077],[1.402,0.521],[0.822,2.873],[-1.2,2.499],[-0.39,0.576],[1.015,-0.313],[-1.167,0.891],[3.275,-2.049],[0.374,-2.142],[0.249,-0.465],[0.339,-1.143],[-1.649,-3.373],[-3.051,-1.291],[-2.388,2.427]],"o":[[-1.295,-0.223],[-1.511,0.089],[-2.878,-1.071],[-0.768,-2.68],[0.302,-0.63],[0.224,-0.33],[1.42,-0.438],[3.08,-2.349],[-1.79,1.12],[-0.069,0.396],[-0.563,1.054],[-1.087,3.66],[1.443,2.952],[2.844,1.203],[0.462,-0.468]],"v":[[9.041,12.148],[5.253,12.354],[0.898,11.565],[-4.776,5.065],[-3.982,-3.282],[-2.89,-5.068],[-2.388,-6.052],[1.232,-8.203],[-2.664,-13.74],[-6.234,-9.259],[-7.523,-7.317],[-8.857,-4.017],[-7.658,6.832],[-0.544,13.897],[9.482,13.362]],"c":true},"ix":2},"nm":"Path 1","mn":"ADBE Vector Shape - Group","hd":false},{"ty":"mm","mm":4,"nm":"Merge Paths 1","mn":"ADBE Vector Filter - Merge","hd":false},{"ty":"fl","c":{"a":0,"k":[1,0.643597830978,0.595256850299,1],"ix":4},"o":{"a":0,"k":100,"ix":5},"r":1,"bm":0,"nm":"Fill 1","mn":"ADBE Vector Graphic - Fill","hd":false},{"ty":"tr","p":{"a":0,"k":[10.193,17.993],"ix":2},"a":{"a":0,"k":[0,0],"ix":1},"s":{"a":0,"k":[100,100],"ix":3},"r":{"a":0,"k":0,"ix":6},"o":{"a":0,"k":100,"ix":7},"sk":{"a":0,"k":0,"ix":4},"sa":{"a":0,"k":0,"ix":5},"nm":"Transform"}],"nm":"Group 5","np":3,"cix":2,"bm":0,"ix":5,"mn":"ADBE Vector Group","hd":false},{"ty":"gr","it":[{"ind":0,"ty":"sh","ix":1,"ks":{"a":0,"k":{"i":[[-0.056,0.25],[-0.573,2.568],[-3.517,-2.105],[0.884,-1.772],[2.911,-1.102],[0.554,1.741]],"o":[[0.532,-2.411],[0.502,-2.249],[2.343,1.403],[-1.386,2.777],[-1.47,0.557],[-0.094,-0.293]],"v":[[-9.157,6.434],[-1.206,0.926],[6.87,-7.389],[5.872,2.303],[-1.359,8.936],[-9.107,7.246]],"c":true},"ix":2},"nm":"Path 1","mn":"ADBE Vector Shape - Group","hd":false},{"ty":"mm","mm":4,"nm":"Merge Paths 1","mn":"ADBE Vector Filter - Merge","hd":false},{"ty":"fl","c":{"a":0,"k":[1,0.643597830978,0.595256850299,1],"ix":4},"o":{"a":0,"k":100,"ix":5},"r":1,"bm":0,"nm":"Fill 1","mn":"ADBE Vector Graphic - Fill","hd":false},{"ty":"tr","p":{"a":0,"k":[15.681,36.555],"ix":2},"a":{"a":0,"k":[0,0],"ix":1},"s":{"a":0,"k":[100,100],"ix":3},"r":{"a":0,"k":0,"ix":6},"o":{"a":0,"k":100,"ix":7},"sk":{"a":0,"k":0,"ix":4},"sa":{"a":0,"k":0,"ix":5},"nm":"Transform"}],"nm":"Group 6","np":3,"cix":2,"bm":0,"ix":6,"mn":"ADBE Vector Group","hd":false}],"ip":0,"op":300.00001221925,"st":0,"bm":0},{"ddd":0,"ind":13,"ty":4,"nm":"tail Outlines","sr":1,"ks":{"o":{"a":0,"k":100,"ix":11},"r":{"a":0,"k":0,"ix":10},"p":{"a":0,"k":[481.395,592.165,0],"ix":2,"l":2},"a":{"a":0,"k":[55.547,4.765,0],"ix":1,"l":2},"s":{"a":0,"k":[170,170,100],"ix":6,"l":2}},"ao":0,"shapes":[{"ty":"gr","it":[{"ind":0,"ty":"sh","ix":1,"ks":{"a":1,"k":[{"i":{"x":0.667,"y":1},"o":{"x":0.333,"y":0},"t":0,"s":[{"i":[[6.752,12.935],[5.27,4.788],[7.318,2.926],[15.157,5.476],[3.457,13.867],[-8.348,9.278],[-12.864,0.71],[3.271,0.673],[9.635,-8.786],[1.04,-14.22],[-11.17,-8.618],[-15.355,-3.912],[-9.903,-9.789],[-0.845,-2.639],[-0.786,-4.8],[-0.276,2.964],[2.797,-7.77],[11.576,-2.591],[3.126,0.026],[0.628,0.064],[-1.364,3.028],[-1.431,4.753],[0.848,-0.906],[-0.088,2.614],[0.629,-0.3],[0,0.015],[3.048,-1.92],[-2.054,-10.014],[-5.357,-2.362],[-6.364,1.239],[-8.238,12.2]],"o":[[-3.3,-6.322],[-5.853,-5.319],[-14.981,-5.988],[-12.822,-4.631],[-3.214,-12.892],[8.205,-9.119],[2.859,-0.158],[-13.759,-2.83],[-10.22,9.318],[-1.055,14.432],[12.844,9.91],[13.375,3.408],[0.934,2.524],[1.36,4.628],[1.488,-2.519],[3.626,7.482],[-4.292,11.928],[-3.153,0.706],[-0.632,-0.005],[-1.708,-2.515],[2.562,-5.686],[-0.998,0.738],[1.305,-2.345],[-0.61,0.191],[0,-0.015],[0.028,-3.682],[-9.129,5.751],[1.191,5.803],[6.116,2.698],[14.321,-2.787],[8.558,-12.674]],"v":[[55.527,31.604],[42.361,14.713],[22.485,2.848],[-23.952,-10.318],[-52.084,-37.074],[-40.249,-70.659],[-7.693,-90.31],[-6.723,-95.685],[-43.357,-80.262],[-63.242,-45.35],[-45.557,-8.931],[-0.542,8.26],[35.975,25.458],[38.506,33.203],[42.451,46.9],[45.312,38.479],[47.568,62.132],[16.892,83.589],[8.401,84.516],[6.511,84.389],[4.411,75.501],[13.07,64.167],[10.303,66.648],[11.381,58.238],[9.507,58.979],[9.508,58.936],[2.852,56.814],[-11.275,83.102],[-0.839,95.816],[18.987,96.474],[55.739,73.333]],"c":true}]},{"i":{"x":0.667,"y":1},"o":{"x":0.333,"y":0},"t":30,"s":[{"i":[[11.696,20.21],[5.27,4.788],[6.508,4.445],[18.175,17.382],[3.457,13.867],[-8.348,9.278],[-12.864,0.71],[3.271,0.673],[9.635,-8.786],[1.04,-14.22],[-10.47,-10.754],[-10.985,-9.945],[-9.903,-9.789],[-0.845,-2.639],[-0.786,-4.8],[-0.276,2.964],[2.797,-7.77],[11.576,-2.591],[3.126,0.026],[0.628,0.064],[0.033,3.321],[-1.431,4.753],[0.848,-0.906],[-0.088,2.614],[0.629,-0.3],[0,0.015],[2.118,-2.914],[-2.054,-10.014],[-5.357,-2.362],[-6.364,1.239],[-6.131,13.383]],"o":[[-3.572,-6.172],[-5.853,-5.319],[-11.762,-8.033],[-9.852,-9.422],[-3.214,-12.892],[8.205,-9.119],[2.859,-0.158],[-13.759,-2.83],[-10.22,9.318],[-1.055,14.432],[11.316,11.624],[10.232,9.264],[0.934,2.524],[1.36,4.628],[1.488,-2.519],[3.626,7.482],[-4.292,11.928],[-3.153,0.706],[-0.632,-0.005],[-1.708,-2.515],[-0.05,-4.952],[-0.998,0.738],[1.305,-2.345],[-0.61,0.191],[0,-0.015],[0.028,-3.682],[-5.896,8.117],[1.191,5.803],[6.116,2.698],[14.321,-2.787],[5.734,-12.518]],"v":[[43.027,11.104],[36.361,3.213],[15.235,-17.403],[-21.452,-50.318],[-46.084,-84.074],[-34.249,-117.659],[-1.693,-137.31],[-0.723,-142.685],[-37.357,-127.262],[-57.242,-92.35],[-40.057,-53.431],[-8.042,-23.74],[23.475,4.958],[26.006,12.703],[29.951,26.4],[32.812,17.979],[42.568,47.632],[16.892,83.589],[8.401,84.516],[6.511,84.389],[4.411,75.501],[6.32,60.917],[3.553,63.398],[4.631,54.988],[2.757,55.729],[2.758,55.686],[-3.898,53.564],[-11.275,83.102],[-0.839,95.816],[18.987,96.474],[50.739,63.333]],"c":true}]},{"t":60.0000024438501,"s":[{"i":[[6.752,12.935],[5.27,4.788],[7.318,2.926],[15.157,5.476],[3.457,13.867],[-8.348,9.278],[-12.864,0.71],[3.271,0.673],[9.635,-8.786],[1.04,-14.22],[-11.17,-8.618],[-15.355,-3.912],[-9.903,-9.789],[-0.845,-2.639],[-0.786,-4.8],[-0.276,2.964],[2.797,-7.77],[11.576,-2.591],[3.126,0.026],[0.628,0.064],[-1.364,3.028],[-1.431,4.753],[0.848,-0.906],[-0.088,2.614],[0.629,-0.3],[0,0.015],[3.048,-1.92],[-2.054,-10.014],[-5.357,-2.362],[-6.364,1.239],[-8.238,12.2]],"o":[[-3.3,-6.322],[-5.853,-5.319],[-14.981,-5.988],[-12.822,-4.631],[-3.214,-12.892],[8.205,-9.119],[2.859,-0.158],[-13.759,-2.83],[-10.22,9.318],[-1.055,14.432],[12.844,9.91],[13.375,3.408],[0.934,2.524],[1.36,4.628],[1.488,-2.519],[3.626,7.482],[-4.292,11.928],[-3.153,0.706],[-0.632,-0.005],[-1.708,-2.515],[2.562,-5.686],[-0.998,0.738],[1.305,-2.345],[-0.61,0.191],[0,-0.015],[0.028,-3.682],[-9.129,5.751],[1.191,5.803],[6.116,2.698],[14.321,-2.787],[8.558,-12.674]],"v":[[55.527,31.604],[42.361,14.713],[22.485,2.848],[-23.952,-10.318],[-52.084,-37.074],[-40.249,-70.659],[-7.693,-90.31],[-6.723,-95.685],[-43.357,-80.262],[-63.242,-45.35],[-45.557,-8.931],[-0.542,8.26],[35.975,25.458],[38.506,33.203],[42.451,46.9],[45.312,38.479],[47.568,62.132],[16.892,83.589],[8.401,84.516],[6.511,84.389],[4.411,75.501],[13.07,64.167],[10.303,66.648],[11.381,58.238],[9.507,58.979],[9.508,58.936],[2.852,56.814],[-11.275,83.102],[-0.839,95.816],[18.987,96.474],[55.739,73.333]],"c":true}]}],"ix":2},"nm":"Path 1","mn":"ADBE Vector Shape - Group","hd":false},{"ty":"mm","mm":4,"nm":"Merge Paths 1","mn":"ADBE Vector Filter - Merge","hd":false},{"ty":"fl","c":{"a":0,"k":[0.9882352941176471,0.24313725490196078,0.011764705882352941,1],"ix":4},"o":{"a":0,"k":100,"ix":5},"r":1,"bm":0,"nm":"Fill 1","mn":"ADBE Vector Graphic - Fill","hd":false},{"ty":"tr","p":{"a":0,"k":[64.547,98.765],"ix":2},"a":{"a":0,"k":[0,0],"ix":1},"s":{"a":0,"k":[100,100],"ix":3},"r":{"a":0,"k":0,"ix":6},"o":{"a":0,"k":100,"ix":7},"sk":{"a":0,"k":0,"ix":4},"sa":{"a":0,"k":0,"ix":5},"nm":"Transform"}],"nm":"Group 1","np":3,"cix":2,"bm":0,"ix":1,"mn":"ADBE Vector Group","hd":false}],"ip":0,"op":300.00001221925,"st":0,"bm":0},{"ddd":0,"ind":14,"ty":4,"nm":"right eye Outlines","parent":8,"sr":1,"ks":{"o":{"a":0,"k":100,"ix":11},"r":{"a":1,"k":[{"i":{"x":[0.667],"y":[1]},"o":{"x":[0.333],"y":[0]},"t":0,"s":[0]},{"i":{"x":[0.667],"y":[1]},"o":{"x":[0.333],"y":[0]},"t":30,"s":[-8]},{"t":60.0000024438501,"s":[0]}],"ix":10},"p":{"a":0,"k":[142.473,49.057,0],"ix":2,"l":2},"a":{"a":0,"k":[13.608,56.332,0],"ix":1,"l":2},"s":{"a":0,"k":[100,100,100],"ix":6,"l":2}},"ao":0,"shapes":[{"ty":"gr","it":[{"ind":0,"ty":"sh","ix":1,"ks":{"a":0,"k":{"i":[[-6.379,8.966],[3.755,7.775],[9.579,-4.845],[3.716,-5.024],[0,0],[-4.205,-1.108]],"o":[[4.983,-6.805],[-5.962,-10.8],[-5.433,3.022],[0,0],[4.031,2.594],[10.304,0.235]],"v":[[18.519,9.922],[20.108,-12.837],[-8.975,-17.047],[-23.863,-5.424],[-20.757,17.848],[-8.402,23.402]],"c":true},"ix":2},"nm":"Path 1","mn":"ADBE Vector Shape - Group","hd":false},{"ty":"mm","mm":4,"nm":"Merge Paths 1","mn":"ADBE Vector Filter - Merge","hd":false},{"ty":"fl","c":{"a":0,"k":[0.881516759536,0.468252383961,0.405691139371,1],"ix":4},"o":{"a":0,"k":100,"ix":5},"r":1,"bm":0,"nm":"Fill 1","mn":"ADBE Vector Graphic - Fill","hd":false},{"ty":"tr","p":{"a":0,"k":[25.407,46.727],"ix":2},"a":{"a":0,"k":[0,0],"ix":1},"s":{"a":0,"k":[100,100],"ix":3},"r":{"a":0,"k":0,"ix":6},"o":{"a":0,"k":100,"ix":7},"sk":{"a":0,"k":0,"ix":4},"sa":{"a":0,"k":0,"ix":5},"nm":"Transform"}],"nm":"Group 1","np":3,"cix":2,"bm":0,"ix":1,"mn":"ADBE Vector Group","hd":false},{"ty":"gr","it":[{"ind":0,"ty":"sh","ix":1,"ks":{"a":0,"k":{"i":[[0.311,9.561],[19.919,-10.032],[-1.537,-4.386],[-5.856,-10.608],[4.926,-6.788],[-4.413,0.229]],"o":[[-0.806,-24.819],[-1.002,4.551],[9.545,-4.649],[3.741,7.744],[4.229,1.428],[6.279,-6.426]],"v":[[25.9,1.739],[-25.208,-16.376],[-24.104,-2.857],[4.463,1.605],[2.93,24.281],[16.008,26.179]],"c":true},"ix":2},"nm":"Path 1","mn":"ADBE Vector Shape - Group","hd":false},{"ty":"mm","mm":4,"nm":"Merge Paths 1","mn":"ADBE Vector Filter - Merge","hd":false},{"ty":"fl","c":{"a":0,"k":[1,0.643597830978,0.595256850299,1],"ix":4},"o":{"a":0,"k":100,"ix":5},"r":1,"bm":0,"nm":"Fill 1","mn":"ADBE Vector Graphic - Fill","hd":false},{"ty":"tr","p":{"a":0,"k":[41.052,32.285],"ix":2},"a":{"a":0,"k":[0,0],"ix":1},"s":{"a":0,"k":[100,100],"ix":3},"r":{"a":0,"k":0,"ix":6},"o":{"a":0,"k":100,"ix":7},"sk":{"a":0,"k":0,"ix":4},"sa":{"a":0,"k":0,"ix":5},"nm":"Transform"}],"nm":"Group 2","np":3,"cix":2,"bm":0,"ix":2,"mn":"ADBE Vector Group","hd":false},{"ty":"gr","it":[{"ind":0,"ty":"sh","ix":1,"ks":{"a":0,"k":{"i":[[0,0],[-1.097,-33.774],[14.192,-5.562],[11.781,7.577]],"o":[[9.736,-25.33],[0.515,15.841],[-13.202,5.174],[0,0]],"v":[[-33.608,-5.231],[33.093,-2.807],[8.315,31.407],[-29.209,27.745]],"c":true},"ix":2},"nm":"Path 1","mn":"ADBE Vector Shape - Group","hd":false},{"ty":"mm","mm":4,"nm":"Merge Paths 1","mn":"ADBE Vector Filter - Merge","hd":false},{"ty":"fl","c":{"a":0,"k":[1,0.643597830978,0.595256850299,1],"ix":4},"o":{"a":0,"k":100,"ix":5},"r":1,"bm":0,"nm":"Fill 1","mn":"ADBE Vector Graphic - Fill","hd":false},{"ty":"tr","p":{"a":0,"k":[33.858,36.832],"ix":2},"a":{"a":0,"k":[0,0],"ix":1},"s":{"a":0,"k":[100,100],"ix":3},"r":{"a":0,"k":0,"ix":6},"o":{"a":0,"k":100,"ix":7},"sk":{"a":0,"k":0,"ix":4},"sa":{"a":0,"k":0,"ix":5},"nm":"Transform"}],"nm":"Group 3","np":3,"cix":2,"bm":0,"ix":3,"mn":"ADBE Vector Group","hd":false}],"ip":0,"op":300.00001221925,"st":0,"bm":0},{"ddd":0,"ind":15,"ty":4,"nm":"left eye Outlines","parent":8,"sr":1,"ks":{"o":{"a":0,"k":100,"ix":11},"r":{"a":1,"k":[{"i":{"x":[0.667],"y":[1]},"o":{"x":[0.333],"y":[0]},"t":0,"s":[0]},{"i":{"x":[0.667],"y":[1]},"o":{"x":[0.333],"y":[0]},"t":30,"s":[8]},{"t":60.0000024438501,"s":[0]}],"ix":10},"p":{"a":0,"k":[29.338,44.824,0],"ix":2,"l":2},"a":{"a":0,"k":[53.705,44.314,0],"ix":1,"l":2},"s":{"a":0,"k":[100,100,100],"ix":6,"l":2}},"ao":0,"shapes":[{"ty":"gr","it":[{"ind":0,"ty":"sh","ix":1,"ks":{"a":0,"k":{"i":[[-4.552,6.36],[0,0],[13.925,2.775],[2.087,-7.518],[-12.724,-3.489],[-3.184,0.244]],"o":[[0,0],[-6.784,-11.591],[-8.127,-1.53],[-2.956,13.918],[3.334,0.869],[6.483,-3.838]],"v":[[24.875,5.525],[24.847,5.323],[-4.436,-20.06],[-21.919,-8.539],[-1.54,20.458],[8.237,21.346]],"c":true},"ix":2},"nm":"Path 1","mn":"ADBE Vector Shape - Group","hd":false},{"ty":"mm","mm":4,"nm":"Merge Paths 1","mn":"ADBE Vector Filter - Merge","hd":false},{"ty":"fl","c":{"a":0,"k":[0.881516759536,0.468252383961,0.405691139371,1],"ix":4},"o":{"a":0,"k":100,"ix":5},"r":1,"bm":0,"nm":"Fill 1","mn":"ADBE Vector Graphic - Fill","hd":false},{"ty":"tr","p":{"a":0,"k":[40.285,36.64],"ix":2},"a":{"a":0,"k":[0,0],"ix":1},"s":{"a":0,"k":[100,100],"ix":3},"r":{"a":0,"k":0,"ix":6},"o":{"a":0,"k":100,"ix":7},"sk":{"a":0,"k":0,"ix":4},"sa":{"a":0,"k":0,"ix":5},"nm":"Transform"}],"nm":"Group 1","np":3,"cix":2,"bm":0,"ix":1,"mn":"ADBE Vector Group","hd":false},{"ty":"gr","it":[{"ind":0,"ty":"sh","ix":1,"ks":{"a":0,"k":{"i":[[4.566,2.639],[5.095,-2.607],[-1.127,-11.723],[-13.485,-2.586],[-2.47,3.202],[-2.438,11.483],[-8.127,-1.529],[-1.736,-0.682]],"o":[[-5.523,-0.17],[-10.354,5.299],[1.243,12.935],[3.565,-2.108],[-9.598,-5.071],[2.088,-7.518],[1.932,0.385],[-1.49,-5.502]],"v":[[11.518,-28.629],[-4.679,-25.062],[-19.419,0.932],[2.536,28.799],[11.528,20.731],[-2.431,-5.716],[15.053,-17.238],[20.546,-15.622]],"c":true},"ix":2},"nm":"Path 1","mn":"ADBE Vector Shape - Group","hd":false},{"ty":"mm","mm":4,"nm":"Merge Paths 1","mn":"ADBE Vector Filter - Merge","hd":false},{"ty":"fl","c":{"a":0,"k":[0.992416082644,0.65023354923,0.595256850299,1],"ix":4},"o":{"a":0,"k":100,"ix":5},"r":1,"bm":0,"nm":"Fill 1","mn":"ADBE Vector Graphic - Fill","hd":false},{"ty":"tr","p":{"a":0,"k":[20.796,33.817],"ix":2},"a":{"a":0,"k":[0,0],"ix":1},"s":{"a":0,"k":[100,100],"ix":3},"r":{"a":0,"k":0,"ix":6},"o":{"a":0,"k":100,"ix":7},"sk":{"a":0,"k":0,"ix":4},"sa":{"a":0,"k":0,"ix":5},"nm":"Transform"}],"nm":"Group 2","np":3,"cix":2,"bm":0,"ix":2,"mn":"ADBE Vector Group","hd":false},{"ty":"gr","it":[{"ind":0,"ty":"sh","ix":1,"ks":{"a":0,"k":{"i":[[0,0],[16.62,-8.505],[-1.127,-11.723],[-13.613,-2.501],[-9.676,13.521]],"o":[[-8.225,-17.103],[-10.354,5.299],[1.249,12.998],[17.529,3.221],[0,0]],"v":[[30.015,-8.568],[-16.588,-24.309],[-31.328,1.685],[-9.176,29.593],[32.455,9.1]],"c":true},"ix":2},"nm":"Path 1","mn":"ADBE Vector Shape - Group","hd":false},{"ty":"mm","mm":4,"nm":"Merge Paths 1","mn":"ADBE Vector Filter - Merge","hd":false},{"ty":"fl","c":{"a":0,"k":[0.992416082644,0.65023354923,0.595256850299,1],"ix":4},"o":{"a":0,"k":100,"ix":5},"r":1,"bm":0,"nm":"Fill 1","mn":"ADBE Vector Graphic - Fill","hd":false},{"ty":"tr","p":{"a":0,"k":[32.705,33.064],"ix":2},"a":{"a":0,"k":[0,0],"ix":1},"s":{"a":0,"k":[100,100],"ix":3},"r":{"a":0,"k":0,"ix":6},"o":{"a":0,"k":100,"ix":7},"sk":{"a":0,"k":0,"ix":4},"sa":{"a":0,"k":0,"ix":5},"nm":"Transform"}],"nm":"Group 3","np":3,"cix":2,"bm":0,"ix":3,"mn":"ADBE Vector Group","hd":false}],"ip":0,"op":300.00001221925,"st":0,"bm":0},{"ddd":0,"ind":16,"ty":4,"nm":"Layer 17 Outlines","sr":1,"ks":{"o":{"a":0,"k":100,"ix":11},"r":{"a":0,"k":0,"ix":10},"p":{"a":0,"k":[531.688,915.797,0],"ix":2,"l":2},"a":{"a":0,"k":[34.647,6.433,0],"ix":1,"l":2},"s":{"a":1,"k":[{"i":{"x":[0.667,0.667,0.667],"y":[1,1,1]},"o":{"x":[0.333,0.333,0.333],"y":[0,0,0]},"t":0,"s":[170,170,100]},{"i":{"x":[0.667,0.667,0.667],"y":[1,1,1]},"o":{"x":[0.333,0.333,0.333],"y":[0,0,0]},"t":30,"s":[144.5,144.5,100]},{"t":60.0000024438501,"s":[170,170,100]}],"ix":6,"l":2}},"ao":0,"shapes":[{"ty":"gr","it":[{"ind":0,"ty":"sh","ix":1,"ks":{"a":0,"k":{"i":[[-13.412,0],[0,0],[14.036,0],[0,0]],"o":[[15.28,0],[0,0],[-14.036,0],[0,0]],"v":[[0,-6.433],[34.647,0],[0,6.433],[-34.647,0]],"c":true},"ix":2},"nm":"Path 1","mn":"ADBE Vector Shape - Group","hd":false},{"ty":"mm","mm":4,"nm":"Merge Paths 1","mn":"ADBE Vector Filter - Merge","hd":false},{"ty":"fl","c":{"a":0,"k":[0.6509803921568628,0.1568627450980392,0.00392156862745098,1],"ix":4},"o":{"a":0,"k":100,"ix":5},"r":1,"bm":0,"nm":"Fill 1","mn":"ADBE Vector Graphic - Fill","hd":false},{"ty":"tr","p":{"a":0,"k":[34.647,6.433],"ix":2},"a":{"a":0,"k":[0,0],"ix":1},"s":{"a":0,"k":[100,100],"ix":3},"r":{"a":0,"k":0,"ix":6},"o":{"a":0,"k":100,"ix":7},"sk":{"a":0,"k":0,"ix":4},"sa":{"a":0,"k":0,"ix":5},"nm":"Transform"}],"nm":"Group 1","np":3,"cix":2,"bm":0,"ix":1,"mn":"ADBE Vector Group","hd":false}],"ip":0,"op":300.00001221925,"st":0,"bm":0},{"ddd":0,"ind":17,"ty":4,"nm":"Layer 16 Outlines","sr":1,"ks":{"o":{"a":0,"k":100,"ix":11},"r":{"a":0,"k":0,"ix":10},"p":{"a":0,"k":[551.475,920.768,0],"ix":2,"l":2},"a":{"a":0,"k":[144.823,17.073,0],"ix":1,"l":2},"s":{"a":1,"k":[{"i":{"x":[0.667,0.667,0.667],"y":[1,1,1]},"o":{"x":[0.333,0.333,0.333],"y":[0,0,0]},"t":0,"s":[170,170,100]},{"i":{"x":[0.667,0.667,0.667],"y":[1,1,1]},"o":{"x":[0.333,0.333,0.333],"y":[0,0,0]},"t":30,"s":[144.5,144.5,100]},{"t":60.0000024438501,"s":[170,170,100]}],"ix":6,"l":2}},"ao":0,"shapes":[{"ty":"gr","it":[{"ind":0,"ty":"sh","ix":1,"ks":{"a":0,"k":{"i":[[-56.061,0],[0,0],[58.672,0],[0,0]],"o":[[63.871,0],[0,0],[-58.669,0],[0,0]],"v":[[-0.001,-17.073],[144.823,0],[-0.001,17.073],[-144.823,0]],"c":true},"ix":2},"nm":"Path 1","mn":"ADBE Vector Shape - Group","hd":false},{"ty":"mm","mm":4,"nm":"Merge Paths 1","mn":"ADBE Vector Filter - Merge","hd":false},{"ty":"fl","c":{"a":0,"k":[0.3411764705882353,0.08627450980392157,0.00392156862745098,1],"ix":4},"o":{"a":0,"k":100,"ix":5},"r":1,"bm":0,"nm":"Fill 1","mn":"ADBE Vector Graphic - Fill","hd":false},{"ty":"tr","p":{"a":0,"k":[144.823,17.073],"ix":2},"a":{"a":0,"k":[0,0],"ix":1},"s":{"a":0,"k":[100,100],"ix":3},"r":{"a":0,"k":0,"ix":6},"o":{"a":0,"k":100,"ix":7},"sk":{"a":0,"k":0,"ix":4},"sa":{"a":0,"k":0,"ix":5},"nm":"Transform"}],"nm":"Group 1","np":3,"cix":2,"bm":0,"ix":1,"mn":"ADBE Vector Group","hd":false}],"ip":0,"op":300.00001221925,"st":0,"bm":0}],"markers":[]}