{
  "v": "5.7.1",
  "fr": 30,
  "ip": 0,
  "op": 70,
  "w": 512,
  "h": 512,
  "nm": "sad",
  "ddd": 0,
  "assets": [
    {
      "id": "comp_0",
      "layers": [
        {
          "ddd": 0,
          "ind": 1,
          "ty": 4,
          "nm": "eyebrow 2",
          "sr": 1,
          "ks": {
            "o": { "a": 0, "k": 100, "ix": 11 },
            "r": { "a": 0, "k": 0, "ix": 10 },
            "p": { "a": 0, "k": [256, 256, 0], "ix": 2 },
            "a": { "a": 0, "k": [0, 0, 0], "ix": 1 },
            "s": { "a": 0, "k": [-100, 100, 100], "ix": 6 }
          },
          "ao": 0,
          "shapes": [
            {
              "ty": "gr",
              "it": [
                {
                  "ind": 0,
                  "ty": "sh",
                  "ix": 1,
                  "ks": {
                    "a": 1,
                    "k": [
                      {
                        "i": { "x": 0.833, "y": 0.833 },
                        "o": { "x": 0.167, "y": 0.167 },
                        "t": 0,
                        "s": [
                          {
                            "i": [
                              [0, 0],
                              [-26.767, 9.907],
                              [0, 0]
                            ],
                            "o": [
                              [0, 0],
                              [29.236, -10.821],
                              [0, 0]
                            ],
                            "v": [
                              [-164.5, -28.5],
                              [-103.983, -39.657],
                              [-59, -76]
                            ],
                            "c": false
                          }
                        ]
                      },
                      {
                        "i": { "x": 0.833, "y": 0.833 },
                        "o": { "x": 0.167, "y": 0.167 },
                        "t": 20,
                        "s": [
                          {
                            "i": [
                              [0, 0],
                              [-26.767, 9.907],
                              [0, 0]
                            ],
                            "o": [
                              [0, 0],
                              [29.236, -10.821],
                              [0, 0]
                            ],
                            "v": [
                              [-164.5, -28.5],
                              [-89.608, -31.407],
                              [-59, -76]
                            ],
                            "c": false
                          }
                        ]
                      },
                      {
                        "i": { "x": 0.833, "y": 0.833 },
                        "o": { "x": 0.167, "y": 0.167 },
                        "t": 41,
                        "s": [
                          {
                            "i": [
                              [0, 0],
                              [-26.767, 9.907],
                              [0, 0]
                            ],
                            "o": [
                              [0, 0],
                              [29.236, -10.821],
                              [0, 0]
                            ],
                            "v": [
                              [-164.5, -28.5],
                              [-89.608, -31.407],
                              [-59, -76]
                            ],
                            "c": false
                          }
                        ]
                      },
                      {
                        "t": 60,
                        "s": [
                          {
                            "i": [
                              [0, 0],
                              [-26.767, 9.907],
                              [0, 0]
                            ],
                            "o": [
                              [0, 0],
                              [29.236, -10.821],
                              [0, 0]
                            ],
                            "v": [
                              [-164.5, -28.5],
                              [-103.983, -39.657],
                              [-59, -76]
                            ],
                            "c": false
                          }
                        ]
                      }
                    ],
                    "ix": 2
                  },
                  "nm": "Path 1",
                  "mn": "ADBE Vector Shape - Group",
                  "hd": false
                },
                {
                  "ty": "st",
                  "c": {
                    "a": 0,
                    "k": [0.913725490196, 0.690196078431, 0.172549019608, 1],
                    "ix": 3
                  },
                  "o": { "a": 0, "k": 100, "ix": 4 },
                  "w": { "a": 0, "k": 19, "ix": 5 },
                  "lc": 2,
                  "lj": 1,
                  "ml": 4,
                  "bm": 0,
                  "nm": "Stroke 1",
                  "mn": "ADBE Vector Graphic - Stroke",
                  "hd": false
                },
                {
                  "ty": "tr",
                  "p": { "a": 0, "k": [0, 0], "ix": 2 },
                  "a": { "a": 0, "k": [0, 0], "ix": 1 },
                  "s": { "a": 0, "k": [100, 100], "ix": 3 },
                  "r": { "a": 0, "k": 0, "ix": 6 },
                  "o": { "a": 0, "k": 100, "ix": 7 },
                  "sk": { "a": 0, "k": 0, "ix": 4 },
                  "sa": { "a": 0, "k": 0, "ix": 5 },
                  "nm": "Transform"
                }
              ],
              "nm": "Shape 1",
              "np": 3,
              "cix": 2,
              "bm": 0,
              "ix": 1,
              "mn": "ADBE Vector Group",
              "hd": false
            }
          ],
          "ip": 0,
          "op": 116,
          "st": 0,
          "bm": 0
        },
        {
          "ddd": 0,
          "ind": 2,
          "ty": 4,
          "nm": "eyebrow",
          "sr": 1,
          "ks": {
            "o": { "a": 0, "k": 100, "ix": 11 },
            "r": { "a": 0, "k": 0, "ix": 10 },
            "p": { "a": 0, "k": [256, 256, 0], "ix": 2 },
            "a": { "a": 0, "k": [0, 0, 0], "ix": 1 },
            "s": { "a": 0, "k": [100, 100, 100], "ix": 6 }
          },
          "ao": 0,
          "shapes": [
            {
              "ty": "gr",
              "it": [
                {
                  "ind": 0,
                  "ty": "sh",
                  "ix": 1,
                  "ks": {
                    "a": 1,
                    "k": [
                      {
                        "i": { "x": 0.833, "y": 0.833 },
                        "o": { "x": 0.167, "y": 0.167 },
                        "t": 0,
                        "s": [
                          {
                            "i": [
                              [0, 0],
                              [-26.767, 9.907],
                              [0, 0]
                            ],
                            "o": [
                              [0, 0],
                              [29.236, -10.821],
                              [0, 0]
                            ],
                            "v": [
                              [-164.5, -28.5],
                              [-103.983, -39.657],
                              [-59, -76]
                            ],
                            "c": false
                          }
                        ]
                      },
                      {
                        "i": { "x": 0.833, "y": 0.833 },
                        "o": { "x": 0.167, "y": 0.167 },
                        "t": 20,
                        "s": [
                          {
                            "i": [
                              [0, 0],
                              [-26.767, 9.907],
                              [0, 0]
                            ],
                            "o": [
                              [0, 0],
                              [29.236, -10.821],
                              [0, 0]
                            ],
                            "v": [
                              [-164.5, -28.5],
                              [-89.608, -31.407],
                              [-59, -76]
                            ],
                            "c": false
                          }
                        ]
                      },
                      {
                        "i": { "x": 0.833, "y": 0.833 },
                        "o": { "x": 0.167, "y": 0.167 },
                        "t": 41,
                        "s": [
                          {
                            "i": [
                              [0, 0],
                              [-26.767, 9.907],
                              [0, 0]
                            ],
                            "o": [
                              [0, 0],
                              [29.236, -10.821],
                              [0, 0]
                            ],
                            "v": [
                              [-164.5, -28.5],
                              [-89.608, -31.407],
                              [-59, -76]
                            ],
                            "c": false
                          }
                        ]
                      },
                      {
                        "t": 60,
                        "s": [
                          {
                            "i": [
                              [0, 0],
                              [-26.767, 9.907],
                              [0, 0]
                            ],
                            "o": [
                              [0, 0],
                              [29.236, -10.821],
                              [0, 0]
                            ],
                            "v": [
                              [-164.5, -28.5],
                              [-103.983, -39.657],
                              [-59, -76]
                            ],
                            "c": false
                          }
                        ]
                      }
                    ],
                    "ix": 2
                  },
                  "nm": "Path 1",
                  "mn": "ADBE Vector Shape - Group",
                  "hd": false
                },
                {
                  "ty": "st",
                  "c": {
                    "a": 0,
                    "k": [0.913725490196, 0.690196078431, 0.172549019608, 1],
                    "ix": 3
                  },
                  "o": { "a": 0, "k": 100, "ix": 4 },
                  "w": { "a": 0, "k": 19, "ix": 5 },
                  "lc": 2,
                  "lj": 1,
                  "ml": 4,
                  "bm": 0,
                  "nm": "Stroke 1",
                  "mn": "ADBE Vector Graphic - Stroke",
                  "hd": false
                },
                {
                  "ty": "tr",
                  "p": { "a": 0, "k": [0, 0], "ix": 2 },
                  "a": { "a": 0, "k": [0, 0], "ix": 1 },
                  "s": { "a": 0, "k": [100, 100], "ix": 3 },
                  "r": { "a": 0, "k": 0, "ix": 6 },
                  "o": { "a": 0, "k": 100, "ix": 7 },
                  "sk": { "a": 0, "k": 0, "ix": 4 },
                  "sa": { "a": 0, "k": 0, "ix": 5 },
                  "nm": "Transform"
                }
              ],
              "nm": "Shape 1",
              "np": 3,
              "cix": 2,
              "bm": 0,
              "ix": 1,
              "mn": "ADBE Vector Group",
              "hd": false
            }
          ],
          "ip": 0,
          "op": 116,
          "st": 0,
          "bm": 0
        }
      ]
    },
    {
      "id": "comp_1",
      "layers": [
        {
          "ddd": 0,
          "ind": 1,
          "ty": 4,
          "nm": "mouth",
          "sr": 1,
          "ks": {
            "o": { "a": 0, "k": 100, "ix": 11 },
            "r": { "a": 0, "k": 0, "ix": 10 },
            "p": { "a": 0, "k": [256, 513.5, 0], "ix": 2 },
            "a": { "a": 0, "k": [0, 0, 0], "ix": 1 },
            "s": { "a": 0, "k": [100, -100, 100], "ix": 6 }
          },
          "ao": 0,
          "shapes": [
            {
              "ty": "gr",
              "it": [
                {
                  "ind": 0,
                  "ty": "sh",
                  "ix": 1,
                  "ks": {
                    "a": 1,
                    "k": [
                      {
                        "i": { "x": 0.833, "y": 0.833 },
                        "o": { "x": 0.167, "y": 0.167 },
                        "t": 0,
                        "s": [
                          {
                            "i": [
                              [0, 0],
                              [-44.5, -0.832],
                              [0, 0]
                            ],
                            "o": [
                              [0, 0],
                              [44.5, 0.832],
                              [0, 0]
                            ],
                            "v": [
                              [-63.5, 129.5],
                              [-1, 115.41],
                              [63, 129.5]
                            ],
                            "c": false
                          }
                        ]
                      },
                      {
                        "i": { "x": 0.833, "y": 0.833 },
                        "o": { "x": 0.167, "y": 0.167 },
                        "t": 20,
                        "s": [
                          {
                            "i": [
                              [0, 0],
                              [0, 0],
                              [0, 0]
                            ],
                            "o": [
                              [0, 0],
                              [0, 0],
                              [0, 0]
                            ],
                            "v": [
                              [-63.5, 129.5],
                              [0.875, 129.5],
                              [63, 129.5]
                            ],
                            "c": false
                          }
                        ]
                      },
                      {
                        "i": { "x": 0.833, "y": 0.833 },
                        "o": { "x": 0.167, "y": 0.167 },
                        "t": 40,
                        "s": [
                          {
                            "i": [
                              [0, 0],
                              [0, 0],
                              [0, 0]
                            ],
                            "o": [
                              [0, 0],
                              [0, 0],
                              [0, 0]
                            ],
                            "v": [
                              [-63.5, 129.5],
                              [0.875, 129.5],
                              [63, 129.5]
                            ],
                            "c": false
                          }
                        ]
                      },
                      {
                        "t": 60,
                        "s": [
                          {
                            "i": [
                              [0, 0],
                              [-44.5, -0.832],
                              [0, 0]
                            ],
                            "o": [
                              [0, 0],
                              [44.5, 0.832],
                              [0, 0]
                            ],
                            "v": [
                              [-63.5, 129.5],
                              [-1, 115.41],
                              [63, 129.5]
                            ],
                            "c": false
                          }
                        ]
                      }
                    ],
                    "ix": 2
                  },
                  "nm": "Path 1",
                  "mn": "ADBE Vector Shape - Group",
                  "hd": false
                },
                {
                  "ty": "st",
                  "c": {
                    "a": 0,
                    "k": [0.243137254902, 0.262745098039, 0.278431372549, 1],
                    "ix": 3
                  },
                  "o": { "a": 0, "k": 100, "ix": 4 },
                  "w": { "a": 0, "k": 26, "ix": 5 },
                  "lc": 2,
                  "lj": 2,
                  "bm": 0,
                  "nm": "Stroke 1",
                  "mn": "ADBE Vector Graphic - Stroke",
                  "hd": false
                },
                {
                  "ty": "tr",
                  "p": { "a": 0, "k": [0, 0], "ix": 2 },
                  "a": { "a": 0, "k": [0, 0], "ix": 1 },
                  "s": { "a": 0, "k": [100, 99.361], "ix": 3 },
                  "r": { "a": 0, "k": 0, "ix": 6 },
                  "o": { "a": 0, "k": 100, "ix": 7 },
                  "sk": { "a": 0, "k": 0, "ix": 4 },
                  "sa": { "a": 0, "k": 0, "ix": 5 },
                  "nm": "Transform"
                }
              ],
              "nm": "Shape 1",
              "np": 3,
              "cix": 2,
              "bm": 0,
              "ix": 1,
              "mn": "ADBE Vector Group",
              "hd": false
            }
          ],
          "ip": 0,
          "op": 91,
          "st": 0,
          "bm": 0
        },
        {
          "ddd": 0,
          "ind": 2,
          "ty": 4,
          "nm": "mouth 2",
          "sr": 1,
          "ks": {
            "o": { "a": 0, "k": 100, "ix": 11 },
            "r": { "a": 0, "k": 0, "ix": 10 },
            "p": { "a": 0, "k": [256, 256, 0], "ix": 2 },
            "a": { "a": 0, "k": [0, 0, 0], "ix": 1 },
            "s": { "a": 0, "k": [100, 100, 100], "ix": 6 }
          },
          "ao": 0,
          "shapes": [
            {
              "ty": "gr",
              "it": [
                {
                  "ind": 0,
                  "ty": "sh",
                  "ix": 1,
                  "ks": {
                    "a": 0,
                    "k": {
                      "i": [
                        [0, 0],
                        [0, 0],
                        [0, 0]
                      ],
                      "o": [
                        [0, 0],
                        [0, 0],
                        [0, 0]
                      ],
                      "v": [
                        [-63.5, 129.5],
                        [0.875, 129.5],
                        [63, 129.5]
                      ],
                      "c": false
                    },
                    "ix": 2
                  },
                  "nm": "Path 1",
                  "mn": "ADBE Vector Shape - Group",
                  "hd": false
                },
                {
                  "ty": "st",
                  "c": {
                    "a": 0,
                    "k": [0.243137254902, 0.262745098039, 0.278431372549, 1],
                    "ix": 3
                  },
                  "o": { "a": 0, "k": 100, "ix": 4 },
                  "w": { "a": 0, "k": 26, "ix": 5 },
                  "lc": 2,
                  "lj": 2,
                  "bm": 0,
                  "nm": "Stroke 1",
                  "mn": "ADBE Vector Graphic - Stroke",
                  "hd": false
                },
                {
                  "ty": "tr",
                  "p": { "a": 0, "k": [0, 0], "ix": 2 },
                  "a": { "a": 0, "k": [0, 0], "ix": 1 },
                  "s": { "a": 0, "k": [100, 99.361], "ix": 3 },
                  "r": { "a": 0, "k": 0, "ix": 6 },
                  "o": { "a": 0, "k": 100, "ix": 7 },
                  "sk": { "a": 0, "k": 0, "ix": 4 },
                  "sa": { "a": 0, "k": 0, "ix": 5 },
                  "nm": "Transform"
                }
              ],
              "nm": "Shape 1",
              "np": 3,
              "cix": 2,
              "bm": 0,
              "ix": 1,
              "mn": "ADBE Vector Group",
              "hd": false
            }
          ],
          "ip": 0,
          "op": 91,
          "st": 0,
          "bm": 0
        }
      ]
    },
    {
      "id": "comp_2",
      "layers": [
        {
          "ddd": 0,
          "ind": 1,
          "ty": 4,
          "nm": "eye Outlines",
          "sr": 1,
          "ks": {
            "o": { "a": 0, "k": 100, "ix": 11 },
            "r": { "a": 0, "k": 0, "ix": 10 },
            "p": { "a": 0, "k": [256, 256, 0], "ix": 2 },
            "a": { "a": 0, "k": [256, 256, 0], "ix": 1 },
            "s": {
              "a": 1,
              "k": [
                {
                  "i": {
                    "x": [0.833, 0.833, 0.833],
                    "y": [0.833, 0.833, 0.833]
                  },
                  "o": {
                    "x": [0.167, 0.167, 0.167],
                    "y": [0.167, 0.167, 0.167]
                  },
                  "t": 0,
                  "s": [100, 100, 100]
                },
                {
                  "i": {
                    "x": [0.833, 0.833, 0.833],
                    "y": [0.833, 0.833, 0.833]
                  },
                  "o": {
                    "x": [0.167, 0.167, 0.167],
                    "y": [0.167, 0.167, 0.167]
                  },
                  "t": 20,
                  "s": [100, 80, 100]
                },
                {
                  "i": {
                    "x": [0.833, 0.833, 0.833],
                    "y": [0.833, 0.833, 0.833]
                  },
                  "o": {
                    "x": [0.167, 0.167, 0.167],
                    "y": [0.167, 0.167, 0.167]
                  },
                  "t": 40,
                  "s": [100, 80, 100]
                },
                { "t": 60, "s": [100, 100, 100] }
              ],
              "ix": 6
            }
          },
          "ao": 0,
          "shapes": [
            {
              "ty": "gr",
              "it": [
                {
                  "ind": 0,
                  "ty": "sh",
                  "ix": 1,
                  "ks": {
                    "a": 0,
                    "k": {
                      "i": [
                        [7.792, 2.672],
                        [29.072, -1.088],
                        [6.256, -3.68],
                        [-51.008, -0.192]
                      ],
                      "o": [
                        [-6.257, -3.68],
                        [-30.096, 1.12],
                        [-7.792, 2.672],
                        [50.992, -0.192]
                      ],
                      "v": [
                        [53.841, -25.032],
                        [0, -7.784],
                        [-53.84, -25.032],
                        [0, 28.712]
                      ],
                      "c": true
                    },
                    "ix": 2
                  },
                  "nm": "Path 1",
                  "mn": "ADBE Vector Shape - Group",
                  "hd": false
                },
                {
                  "ty": "fl",
                  "c": {
                    "a": 0,
                    "k": [0.243000000598, 0.263000009574, 0.277999997606, 1],
                    "ix": 4
                  },
                  "o": { "a": 0, "k": 100, "ix": 5 },
                  "r": 1,
                  "bm": 0,
                  "nm": "Fill 1",
                  "mn": "ADBE Vector Graphic - Fill",
                  "hd": false
                },
                {
                  "ty": "tr",
                  "p": { "a": 0, "k": [346.352, 286.712], "ix": 2 },
                  "a": { "a": 0, "k": [0, 0], "ix": 1 },
                  "s": { "a": 0, "k": [100, 100], "ix": 3 },
                  "r": { "a": 0, "k": 0, "ix": 6 },
                  "o": { "a": 0, "k": 100, "ix": 7 },
                  "sk": { "a": 0, "k": 0, "ix": 4 },
                  "sa": { "a": 0, "k": 0, "ix": 5 },
                  "nm": "Transform"
                }
              ],
              "nm": "Group 1",
              "np": 2,
              "cix": 2,
              "bm": 0,
              "ix": 1,
              "mn": "ADBE Vector Group",
              "hd": false
            },
            {
              "ty": "gr",
              "it": [
                {
                  "ind": 0,
                  "ty": "sh",
                  "ix": 1,
                  "ks": {
                    "a": 0,
                    "k": {
                      "i": [
                        [-7.792, 2.672],
                        [-29.072, -1.088],
                        [-6.256, -3.68],
                        [51.008, -0.192]
                      ],
                      "o": [
                        [6.256, -3.68],
                        [30.096, 1.12],
                        [7.792, 2.672],
                        [-50.992, -0.192]
                      ],
                      "v": [
                        [-53.84, -25.032],
                        [0, -7.784],
                        [53.84, -25.032],
                        [0, 28.712]
                      ],
                      "c": true
                    },
                    "ix": 2
                  },
                  "nm": "Path 1",
                  "mn": "ADBE Vector Shape - Group",
                  "hd": false
                },
                {
                  "ty": "fl",
                  "c": {
                    "a": 0,
                    "k": [0.243000000598, 0.263000009574, 0.277999997606, 1],
                    "ix": 4
                  },
                  "o": { "a": 0, "k": 100, "ix": 5 },
                  "r": 1,
                  "bm": 0,
                  "nm": "Fill 1",
                  "mn": "ADBE Vector Graphic - Fill",
                  "hd": false
                },
                {
                  "ty": "tr",
                  "p": { "a": 0, "k": [165.648, 286.712], "ix": 2 },
                  "a": { "a": 0, "k": [0, 0], "ix": 1 },
                  "s": { "a": 0, "k": [100, 100], "ix": 3 },
                  "r": { "a": 0, "k": 0, "ix": 6 },
                  "o": { "a": 0, "k": 100, "ix": 7 },
                  "sk": { "a": 0, "k": 0, "ix": 4 },
                  "sa": { "a": 0, "k": 0, "ix": 5 },
                  "nm": "Transform"
                }
              ],
              "nm": "Group 2",
              "np": 2,
              "cix": 2,
              "bm": 0,
              "ix": 2,
              "mn": "ADBE Vector Group",
              "hd": false
            }
          ],
          "ip": 0,
          "op": 91,
          "st": 0,
          "bm": 0
        }
      ]
    }
  ],
  "layers": [
    {
      "ddd": 0,
      "ind": 1,
      "ty": 0,
      "nm": "eyebrow",
      "refId": "comp_0",
      "sr": 1,
      "ks": {
        "o": { "a": 0, "k": 100, "ix": 11 },
        "r": { "a": 0, "k": 0, "ix": 10 },
        "p": {
          "a": 1,
          "k": [
            {
              "i": { "x": 0.833, "y": 0.833 },
              "o": { "x": 0.167, "y": 0.167 },
              "t": 0,
              "s": [256, 256, 0],
              "to": [-3.333, 0, 0],
              "ti": [-3.333, 0, 0]
            },
            {
              "i": { "x": 0.833, "y": 0.833 },
              "o": { "x": 0.167, "y": 0.167 },
              "t": 20,
              "s": [236, 256, 0],
              "to": [3.333, 0, 0],
              "ti": [-3.333, 0, 0]
            },
            {
              "i": { "x": 0.833, "y": 0.833 },
              "o": { "x": 0.167, "y": 0.167 },
              "t": 40,
              "s": [276, 256, 0],
              "to": [3.333, 0, 0],
              "ti": [3.333, 0, 0]
            },
            { "t": 60, "s": [256, 256, 0] }
          ],
          "ix": 2
        },
        "a": { "a": 0, "k": [256, 256, 0], "ix": 1 },
        "s": { "a": 0, "k": [100, 100, 100], "ix": 6 }
      },
      "ao": 0,
      "w": 512,
      "h": 512,
      "ip": 0,
      "op": 91,
      "st": 0,
      "bm": 0
    },
    {
      "ddd": 0,
      "ind": 2,
      "ty": 0,
      "nm": "mouth",
      "parent": 1,
      "refId": "comp_1",
      "sr": 1,
      "ks": {
        "o": { "a": 0, "k": 100, "ix": 11 },
        "r": { "a": 0, "k": 0, "ix": 10 },
        "p": { "a": 0, "k": [253.199, 247.7, 0], "ix": 2 },
        "a": { "a": 0, "k": [256, 256, 0], "ix": 1 },
        "s": { "a": 0, "k": [100, 100, 100], "ix": 6 }
      },
      "ao": 0,
      "w": 512,
      "h": 512,
      "ip": 0,
      "op": 91,
      "st": 0,
      "bm": 0
    },
    {
      "ddd": 0,
      "ind": 3,
      "ty": 0,
      "nm": "eye Outlines",
      "parent": 1,
      "refId": "comp_2",
      "sr": 1,
      "ks": {
        "o": { "a": 0, "k": 100, "ix": 11 },
        "r": { "a": 0, "k": 0, "ix": 10 },
        "p": { "a": 0, "k": [253.199, 247.7, 0], "ix": 2 },
        "a": { "a": 0, "k": [256, 256, 0], "ix": 1 },
        "s": { "a": 0, "k": [100, 100, 100], "ix": 6 }
      },
      "ao": 0,
      "w": 512,
      "h": 512,
      "ip": 0,
      "op": 91,
      "st": 0,
      "bm": 0
    },
    {
      "ddd": 0,
      "ind": 4,
      "ty": 4,
      "nm": "face-shape",
      "sr": 1,
      "ks": {
        "o": { "a": 0, "k": 100, "ix": 11 },
        "r": { "a": 0, "k": 0, "ix": 10 },
        "p": { "a": 0, "k": [0, 0, 0], "ix": 2 },
        "a": { "a": 0, "k": [0, 0, 0], "ix": 1 },
        "s": { "a": 0, "k": [100, 100, 100], "ix": 6 }
      },
      "ao": 0,
      "shapes": [
        {
          "ty": "gr",
          "it": [
            {
              "ind": 0,
              "ty": "sh",
              "ix": 1,
              "ks": {
                "a": 0,
                "k": {
                  "i": [
                    [0, -80.48],
                    [141.36, 0],
                    [46.96, 58.16],
                    [-60.88, 0],
                    [0, 141.44],
                    [35.52, 43.92]
                  ],
                  "o": [
                    [0, 141.439],
                    [-80.48, 0],
                    [43.92, 35.52],
                    [141.36, 0],
                    [0, -60.88],
                    [58.08, 46.96]
                  ],
                  "v": [
                    [227.64, -28.36],
                    [-28.36, 227.64],
                    [-227.64, 132.36],
                    [-57.92, 200.079],
                    [196.08, -56.92],
                    [132.36, -227.64]
                  ],
                  "c": true
                },
                "ix": 2
              },
              "nm": "Path 1",
              "mn": "ADBE Vector Shape - Group",
              "hd": false
            },
            {
              "ty": "mm",
              "mm": 4,
              "nm": "Merge Paths 1",
              "mn": "ADBE Vector Filter - Merge",
              "hd": false
            },
            {
              "ty": "fl",
              "c": {
                "a": 0,
                "k": [0.957000014361, 0.773000021542, 0.204000001795, 1],
                "ix": 4
              },
              "o": { "a": 0, "k": 100, "ix": 5 },
              "r": 1,
              "bm": 0,
              "nm": "Fill 1",
              "mn": "ADBE Vector Graphic - Fill",
              "hd": false
            },
            {
              "ty": "tr",
              "p": { "a": 0, "k": [284.36, 284.36], "ix": 2 },
              "a": { "a": 0, "k": [0, 0], "ix": 1 },
              "s": { "a": 0, "k": [100, 100], "ix": 3 },
              "r": { "a": 0, "k": 0, "ix": 6 },
              "o": { "a": 0, "k": 100, "ix": 7 },
              "sk": { "a": 0, "k": 0, "ix": 4 },
              "sa": { "a": 0, "k": 0, "ix": 5 },
              "nm": "Transform"
            }
          ],
          "nm": "Group 1",
          "np": 3,
          "cix": 2,
          "bm": 0,
          "ix": 1,
          "mn": "ADBE Vector Group",
          "hd": false
        }
      ],
      "ip": 0,
      "op": 91,
      "st": 0,
      "bm": 0
    },
    {
      "ddd": 0,
      "ind": 5,
      "ty": 4,
      "nm": "face/sad Outlines",
      "sr": 1,
      "ks": {
        "o": { "a": 0, "k": 100, "ix": 11 },
        "r": { "a": 0, "k": 0, "ix": 10 },
        "p": { "a": 0, "k": [256, 256, 0], "ix": 2 },
        "a": { "a": 0, "k": [256, 256, 0], "ix": 1 },
        "s": { "a": 0, "k": [100, 100, 100], "ix": 6 }
      },
      "ao": 0,
      "shapes": [
        {
          "ty": "gr",
          "it": [
            {
              "ind": 0,
              "ty": "sh",
              "ix": 1,
              "ks": {
                "a": 0,
                "k": {
                  "i": [
                    [-141.385, 0],
                    [0, -141.385],
                    [141.385, 0],
                    [0, 141.385]
                  ],
                  "o": [
                    [141.385, 0],
                    [0, 141.385],
                    [-141.385, 0],
                    [0, -141.385]
                  ],
                  "v": [
                    [0, -256],
                    [256, 0],
                    [0, 256],
                    [-256, 0]
                  ],
                  "c": true
                },
                "ix": 2
              },
              "nm": "Path 1",
              "mn": "ADBE Vector Shape - Group",
              "hd": false
            },
            {
              "ty": "fl",
              "c": {
                "a": 0,
                "k": [1, 0.851000019148, 0.231000010173, 1],
                "ix": 4
              },
              "o": { "a": 0, "k": 100, "ix": 5 },
              "r": 1,
              "bm": 0,
              "nm": "Fill 1",
              "mn": "ADBE Vector Graphic - Fill",
              "hd": false
            },
            {
              "ty": "tr",
              "p": { "a": 0, "k": [256, 256], "ix": 2 },
              "a": { "a": 0, "k": [0, 0], "ix": 1 },
              "s": { "a": 0, "k": [100, 100], "ix": 3 },
              "r": { "a": 0, "k": 0, "ix": 6 },
              "o": { "a": 0, "k": 100, "ix": 7 },
              "sk": { "a": 0, "k": 0, "ix": 4 },
              "sa": { "a": 0, "k": 0, "ix": 5 },
              "nm": "Transform"
            }
          ],
          "nm": "Group 2",
          "np": 4,
          "cix": 2,
          "bm": 0,
          "ix": 1,
          "mn": "ADBE Vector Group",
          "hd": false
        }
      ],
      "ip": 0,
      "op": 91,
      "st": 0,
      "bm": 0
    }
  ],
  "markers": []
}
